JvmtiExport can_access_local_variables 0
JvmtiExport can_hotswap_or_post_breakpoint 0
JvmtiExport can_post_on_exceptions 0
# 488 ciObject found
ciInstanceKlass java/lang/Cloneable 1 0 7 100 1 100 1 1 1
instanceKlass java/util/stream/Nodes$IntArrayNode
instanceKlass java/util/stream/Node$Builder$OfInt
instanceKlass com/sun/tools/javac/comp/Lower$EnumMapping
instanceKlass com/sun/tools/javac/comp/ArgumentAttr$2
instanceKlass com/sun/tools/javac/code/Kinds$1
instanceKlass com/sun/tools/javac/code/Kinds
instanceKlass java/util/stream/ReduceOps$2ReducingSink
instanceKlass com/sun/tools/javac/comp/LambdaToMethod$KlassInfo
instanceKlass com/sun/tools/javac/comp/LambdaToMethod$1
instanceKlass com/sun/tools/javac/comp/LambdaToMethod$LambdaAnalyzerPreprocessor$Frame
instanceKlass com/sun/tools/javac/comp/LambdaToMethod$LambdaAnalyzerPreprocessor$SyntheticMethodNameCounter
instanceKlass com/sun/tools/javac/comp/LambdaToMethod$LambdaAnalyzerPreprocessor$TranslationContext
instanceKlass com/sun/tools/javac/tree/TreeInfo$1
instanceKlass com/sun/tools/javac/comp/Attr$TargetInfo
instanceKlass com/sun/tools/javac/comp/DeferredAttr$DeferredType$SpeculativeCache$Entry
instanceKlass com/sun/tools/javac/comp/DeferredAttr$DeferredAttrNode
instanceKlass com/sun/tools/javac/code/Types$DescriptorCache$Entry
instanceKlass com/sun/tools/javac/code/Types$DescriptorCache$FunctionDescriptor
instanceKlass com/sun/tools/javac/code/Types$DescriptorFilter
instanceKlass com/sun/tools/javac/code/Types$MethodFilter
instanceKlass com/sun/tools/javac/code/Types$CandidatesCache$Entry
instanceKlass com/sun/tools/javac/comp/DeferredAttr$5
instanceKlass com/sun/tools/javac/comp/Resolve$MostSpecificCheck
instanceKlass com/sun/tools/javac/comp/DeferredAttr$DeferredType$SpeculativeCache
instanceKlass com/sun/tools/javac/comp/ArgumentAttr$UniquePos
instanceKlass com/sun/tools/javac/comp/Infer$IncorporationBinaryOp
instanceKlass java/util/EnumMap$EntryIterator$Entry
instanceKlass java/util/EnumMap$EnumMapIterator
instanceKlass com/sun/tools/javac/comp/Infer$BoundFilter
instanceKlass com/sun/tools/javac/util/GraphUtils$Tarjan
instanceKlass com/sun/tools/javac/util/GraphUtils
instanceKlass com/sun/tools/javac/util/GraphUtils$AbstractNode
instanceKlass com/sun/tools/javac/util/GraphUtils$DottableNode
instanceKlass com/sun/tools/javac/util/GraphUtils$Node
instanceKlass com/sun/tools/javac/comp/Infer$GraphSolver$InferenceGraph
instanceKlass com/sun/tools/javac/code/Types$ClosureHolder
instanceKlass com/sun/tools/javac/comp/Infer$GraphSolver
instanceKlass com/sun/tools/javac/comp/Infer$LeafSolver
instanceKlass com/sun/tools/javac/comp/Infer$FreeTypeListener
instanceKlass com/sun/tools/javac/comp/Infer$IncorporationAction
instanceKlass com/sun/tools/javac/jvm/ClassWriter$StackMapTableFrame
instanceKlass com/sun/tools/javac/jvm/Code$StackMapFrame
instanceKlass com/sun/tools/javac/jvm/Code$Chain
instanceKlass com/sun/tools/javac/jvm/PoolConstant$Dynamic$BsmKey
instanceKlass com/sun/tools/javac/jvm/PoolConstant$LoadableConstant$BasicConstant
instanceKlass java/util/function/ToIntBiFunction
instanceKlass com/sun/tools/javac/comp/Flow$1
instanceKlass com/sun/tools/javac/comp/ArgumentAttr$LocalCacheContext
instanceKlass com/sun/tools/javac/comp/Operators$1
instanceKlass lombok/bytecode/ClassFileMetaData
instanceKlass lombok/bytecode/SneakyThrowsRemover
instanceKlass org/lombokweb/asm/ClassVisitor
instanceKlass lombok/bytecode/PreventNullAnalysisRemover
instanceKlass lombok/core/PostCompilerTransformation
instanceKlass com/sun/tools/javac/jvm/ClassWriter$1
instanceKlass lombok/core/PostCompiler
instanceKlass lombok/javac/apt/InterceptingJavaFileObject
instanceKlass com/sun/tools/javac/jvm/PoolWriter$1
instanceKlass com/sun/tools/javac/jvm/PoolConstant$NameAndType
instanceKlass com/sun/tools/javac/jvm/Code$LocalVar$Range
instanceKlass com/sun/tools/javac/jvm/Items
instanceKlass com/sun/tools/javac/jvm/Code$LocalVar
instanceKlass com/sun/tools/javac/jvm/Code$State
instanceKlass com/sun/tools/javac/jvm/Gen$GenContext
instanceKlass com/sun/tools/javac/jvm/Gen$4
instanceKlass com/sun/tools/javac/comp/Lower$2
instanceKlass com/sun/tools/javac/comp/TransPatterns$BindingContext
instanceKlass com/sun/tools/javac/util/Bits$1
instanceKlass com/sun/tools/javac/util/Bits
instanceKlass com/sun/tools/javac/comp/Flow$BaseAnalyzer$PendingExit
instanceKlass com/sun/tools/javac/comp/Resolve$18
instanceKlass com/sun/tools/javac/util/JCDiagnostic$1
instanceKlass com/sun/tools/javac/comp/Resolve$MethodCheckContext
instanceKlass com/sun/tools/javac/comp/Check$ClashFilter
instanceKlass com/sun/tools/javac/code/Symbol$1
instanceKlass com/sun/tools/javac/comp/Check$DefaultMethodClashFilter
instanceKlass com/sun/tools/javac/main/JavaCompiler$2
instanceKlass com/sun/tools/javac/processing/JavacProcessingEnvironment$ImplicitCompleter
instanceKlass com/sun/tools/javac/processing/JavacFiler$1
instanceKlass org/mapstruct/ap/shaded/freemarker/core/BodyInstruction$Context
instanceKlass jdk/internal/icu/text/ReplaceableString
instanceKlass jdk/internal/icu/text/Replaceable
instanceKlass jdk/internal/icu/text/UCharacterIterator
instanceKlass jdk/internal/icu/text/NormalizerBase
instanceKlass jdk/internal/icu/text/NormalizerBase$Mode
instanceKlass sun/text/CollatorUtilities
instanceKlass java/text/CollationElementIterator
instanceKlass sun/text/ComposedCharIter
instanceKlass java/text/EntryPair
instanceKlass java/text/PatternEntry
instanceKlass java/text/PatternEntry$Parser
instanceKlass java/text/MergeCollation
instanceKlass jdk/internal/icu/lang/UCharacter
instanceKlass jdk/internal/icu/text/UTF16
instanceKlass jdk/internal/icu/impl/NormalizerImpl$UTF16Plus
instanceKlass jdk/internal/icu/util/CodePointTrie$Data
instanceKlass jdk/internal/icu/util/CodePointTrie$1
instanceKlass jdk/internal/icu/util/CodePointMap
instanceKlass jdk/internal/icu/util/VersionInfo
instanceKlass jdk/internal/icu/impl/ICUBinary$1
instanceKlass jdk/internal/icu/impl/ICUBinary
instanceKlass jdk/internal/icu/impl/Norm2AllModes$Norm2AllModesSingleton
instanceKlass jdk/internal/icu/impl/Norm2AllModes$NFCSingleton
instanceKlass jdk/internal/icu/impl/Norm2AllModes
instanceKlass jdk/internal/icu/text/Normalizer2
instanceKlass jdk/internal/icu/impl/NormalizerImpl$IsAcceptable
instanceKlass jdk/internal/icu/impl/ICUBinary$Authenticate
instanceKlass jdk/internal/icu/impl/NormalizerImpl
instanceKlass sun/text/UCompactIntArray
instanceKlass sun/text/IntHashtable
instanceKlass java/text/RBCollationTables$BuildAPI
instanceKlass java/text/RBTableBuilder
instanceKlass java/text/RBCollationTables
instanceKlass sun/util/resources/provider/NonBaseLocaleDataMetaInfo
instanceKlass sun/util/locale/provider/BaseLocaleDataMetaInfo
instanceKlass java/text/Collator
instanceKlass org/mapstruct/ap/shaded/freemarker/core/Macro$Context
instanceKlass org/mapstruct/ap/shaded/freemarker/template/TemplateException$StackTraceWriter
instanceKlass java/lang/constant/DynamicConstantDesc
instanceKlass org/mapstruct/ap/shaded/freemarker/template/utility/NumberUtil
instanceKlass org/mapstruct/ap/shaded/freemarker/template/TransformControl
instanceKlass org/mapstruct/ap/shaded/freemarker/core/DefaultToExpression$EmptyStringAndSequence
instanceKlass org/mapstruct/ap/internal/util/accessor/PresenceCheckAccessor
instanceKlass org/mapstruct/ap/internal/model/common/Type$ResolvedPair
instanceKlass org/mapstruct/ap/shaded/freemarker/template/SimpleNumber
instanceKlass sun/reflect/generics/tree/IntSignature
instanceKlass java/util/function/UnaryOperator
instanceKlass org/mapstruct/ap/shaded/freemarker/core/JavaTemplateDateFormatFactory$DateFormatKey
instanceKlass org/mapstruct/ap/shaded/freemarker/core/TemplateDateFormat
instanceKlass org/mapstruct/ap/shaded/freemarker/core/BuiltInsForMultipleTypes$stringBI$DateFormatter
instanceKlass org/mapstruct/ap/shaded/freemarker/template/SimpleDate
instanceKlass com/sun/beans/finder/FinderUtils
instanceKlass com/sun/beans/finder/AbstractFinder
instanceKlass org/mapstruct/ap/shaded/freemarker/core/IteratorBlock$Context
instanceKlass sun/reflect/generics/reflectiveObjects/GenericArrayTypeImpl
instanceKlass sun/reflect/generics/tree/ArrayTypeSignature
instanceKlass sun/reflect/generics/tree/BooleanSignature
instanceKlass org/mapstruct/ap/shaded/freemarker/ext/beans/CollectionModel$1
instanceKlass org/mapstruct/ap/shaded/freemarker/template/TemplateModelIterator
instanceKlass org/mapstruct/ap/shaded/freemarker/template/TemplateDateModel
instanceKlass org/mapstruct/ap/shaded/freemarker/core/EvalUtil
instanceKlass org/mapstruct/ap/shaded/freemarker/ext/beans/MaybeEmptyMemberAndArguments
instanceKlass org/mapstruct/ap/shaded/freemarker/ext/beans/MaybeEmptyCallableMemberDescriptor
instanceKlass org/mapstruct/ap/shaded/freemarker/ext/beans/OverloadedMethodsSubset
instanceKlass org/mapstruct/ap/shaded/freemarker/core/_DelayedConversionToString
instanceKlass org/mapstruct/ap/shaded/freemarker/ext/beans/OverloadedMethods
instanceKlass org/mapstruct/ap/shaded/freemarker/ext/beans/StringModel$1
instanceKlass org/mapstruct/ap/shaded/freemarker/template/TemplateModelAdapter
instanceKlass org/mapstruct/ap/shaded/freemarker/ext/beans/_MethodUtil
instanceKlass org/mapstruct/ap/shaded/freemarker/template/TemplateDirectiveBody
instanceKlass org/mapstruct/ap/shaded/freemarker/core/LocalContext
instanceKlass org/mapstruct/ap/shaded/freemarker/core/TemplateDateFormatFactory
instanceKlass org/mapstruct/ap/shaded/freemarker/template/utility/DateUtil$DateToISO8601CalendarFactory
instanceKlass org/mapstruct/ap/shaded/freemarker/ext/beans/SimpleMapModel$1
instanceKlass org/mapstruct/ap/shaded/freemarker/template/WrappingTemplateModel
instanceKlass org/mapstruct/ap/shaded/freemarker/ext/beans/BeansWrapper$MethodAppearanceDecision
instanceKlass java/io/Console
instanceKlass java/lang/Process
instanceKlass org/mapstruct/ap/shaded/freemarker/ext/beans/UnsafeMethods
instanceKlass java/beans/SimpleBeanInfo
instanceKlass java/beans/Transient
instanceKlass jdk/internal/vm/annotation/IntrinsicCandidate
instanceKlass java/beans/BeanProperty
instanceKlass com/sun/beans/WildcardTypeImpl
instanceKlass com/sun/beans/introspect/PropertyInfo
instanceKlass com/sun/beans/introspect/EventSetInfo
instanceKlass com/sun/beans/WeakCache
instanceKlass com/sun/beans/TypeResolver
instanceKlass java/beans/MethodRef
instanceKlass com/sun/beans/introspect/MethodInfo$MethodOrder
instanceKlass com/sun/beans/introspect/MethodInfo
instanceKlass com/sun/beans/util/Cache$Ref
instanceKlass com/sun/beans/util/Cache$CacheEntry
instanceKlass com/sun/beans/util/Cache
instanceKlass com/sun/beans/introspect/ClassInfo
instanceKlass javax/swing/SwingContainer
instanceKlass java/beans/JavaBean
instanceKlass com/sun/beans/finder/ClassFinder
instanceKlass java/beans/BeanInfo
instanceKlass com/sun/beans/finder/InstanceFinder
instanceKlass java/beans/WeakIdentityMap
instanceKlass java/beans/ThreadGroupContext
instanceKlass java/beans/Introspector$1
instanceKlass jdk/internal/access/JavaBeansAccess
instanceKlass java/beans/Introspector
instanceKlass org/mapstruct/ap/shaded/freemarker/ext/beans/ClassIntrospector$MethodSignature
instanceKlass org/mapstruct/ap/internal/writer/FreeMarkerModelElementWriter$ExternalParamsTemplateModel
instanceKlass org/mapstruct/ap/shaded/freemarker/debug/impl/DebuggerService
instanceKlass org/mapstruct/ap/shaded/freemarker/template/EmptyMap
instanceKlass org/mapstruct/ap/shaded/freemarker/template/utility/StringUtil
instanceKlass org/mapstruct/ap/shaded/freemarker/core/BuiltInsForSequences$sortBI$NumericalKVPComparator
instanceKlass org/mapstruct/ap/shaded/freemarker/core/BuiltInsForSequences$sortBI$LexicalKVPComparator
instanceKlass java/math/MathContext
instanceKlass org/mapstruct/ap/shaded/freemarker/core/ExistenceBuiltins$defaultBI$1
instanceKlass org/mapstruct/ap/shaded/freemarker/core/ICIChainMember
instanceKlass org/mapstruct/ap/shaded/freemarker/template/TemplateBooleanModel$2
instanceKlass org/mapstruct/ap/shaded/freemarker/template/TemplateBooleanModel$1
instanceKlass org/mapstruct/ap/shaded/freemarker/template/SerializableTemplateBooleanModel
instanceKlass org/mapstruct/ap/shaded/freemarker/core/Token
instanceKlass org/mapstruct/ap/shaded/freemarker/core/FMParserTokenManager
instanceKlass org/mapstruct/ap/shaded/freemarker/core/SimpleCharStream
instanceKlass org/mapstruct/ap/shaded/freemarker/core/FMParser$JJCalls
instanceKlass org/mapstruct/ap/shaded/freemarker/core/FMParser
instanceKlass org/mapstruct/ap/shaded/freemarker/core/TemplateObject
instanceKlass javax/swing/tree/TreeNode
instanceKlass org/mapstruct/ap/shaded/freemarker/cache/TemplateCache$CachedTemplate
instanceKlass org/mapstruct/ap/shaded/freemarker/cache/TemplateCache$TemplateKey
instanceKlass org/mapstruct/ap/internal/writer/FreeMarkerModelElementWriter
instanceKlass org/mapstruct/ap/internal/writer/ModelWriter$DefaultModelElementWriterContext
instanceKlass org/mapstruct/ap/internal/writer/IndentationCorrectingWriter$StateContext
instanceKlass java/nio/file/Path$1
instanceKlass org/mapstruct/ap/shaded/freemarker/cache/StrongCacheStorage
instanceKlass org/mapstruct/ap/internal/writer/ModelIncludeDirective
instanceKlass org/mapstruct/ap/shaded/freemarker/template/TemplateDirectiveModel
instanceKlass org/mapstruct/ap/internal/writer/ModelWriter$SimpleClasspathLoader
instanceKlass org/mapstruct/ap/shaded/freemarker/template/utility/XmlEscape
instanceKlass org/mapstruct/ap/shaded/freemarker/template/utility/NormalizeNewlines
instanceKlass org/mapstruct/ap/shaded/freemarker/template/utility/HtmlEscape
instanceKlass org/mapstruct/ap/shaded/freemarker/template/TemplateNumberModel
instanceKlass org/mapstruct/ap/shaded/freemarker/template/utility/StandardCompress
instanceKlass org/mapstruct/ap/shaded/freemarker/template/utility/CaptureOutput
instanceKlass org/mapstruct/ap/shaded/freemarker/template/TemplateTransformModel
instanceKlass org/mapstruct/ap/shaded/freemarker/cache/StatefulTemplateLoader
instanceKlass org/mapstruct/ap/shaded/freemarker/cache/SoftCacheStorage
instanceKlass org/mapstruct/ap/shaded/freemarker/cache/CacheStorageWithGetSize
instanceKlass org/mapstruct/ap/shaded/freemarker/cache/ConcurrentCacheStorage
instanceKlass org/mapstruct/ap/shaded/freemarker/cache/FileTemplateLoader$1
instanceKlass org/mapstruct/ap/shaded/freemarker/cache/FileTemplateLoader
instanceKlass org/mapstruct/ap/shaded/freemarker/cache/_CacheAPI
instanceKlass org/mapstruct/ap/shaded/freemarker/cache/TemplateCache
instanceKlass org/mapstruct/ap/shaded/freemarker/template/utility/SecurityUtilities$1
instanceKlass org/mapstruct/ap/shaded/freemarker/core/TemplateClassResolver$3
instanceKlass org/mapstruct/ap/shaded/freemarker/core/TemplateClassResolver$2
instanceKlass org/mapstruct/ap/shaded/freemarker/core/TemplateClassResolver$1
instanceKlass org/mapstruct/ap/shaded/freemarker/ext/beans/BeanModel$1
instanceKlass org/mapstruct/ap/shaded/freemarker/template/SimpleScalar
instanceKlass org/mapstruct/ap/shaded/freemarker/template/TemplateScalarModel
instanceKlass org/mapstruct/ap/shaded/freemarker/template/TemplateCollectionModel
instanceKlass org/mapstruct/ap/shaded/freemarker/ext/beans/SimpleMethod
instanceKlass org/mapstruct/ap/shaded/freemarker/core/_UnexpectedTypeErrorExplainerTemplateModel
instanceKlass org/mapstruct/ap/shaded/freemarker/template/TemplateSequenceModel
instanceKlass org/mapstruct/ap/shaded/freemarker/template/TemplateMethodModelEx
instanceKlass org/mapstruct/ap/shaded/freemarker/template/TemplateMethodModel
instanceKlass org/mapstruct/ap/shaded/freemarker/ext/beans/BeanModel
instanceKlass org/mapstruct/ap/shaded/freemarker/ext/util/WrapperTemplateModel
instanceKlass org/mapstruct/ap/shaded/freemarker/template/AdapterTemplateModel
instanceKlass org/mapstruct/ap/shaded/freemarker/template/TemplateHashModelEx
instanceKlass org/mapstruct/ap/shaded/freemarker/template/TemplateBooleanModel
instanceKlass org/mapstruct/ap/shaded/freemarker/template/utility/ClassUtil
instanceKlass org/mapstruct/ap/shaded/freemarker/core/_ConcurrentMapFactory
instanceKlass org/mapstruct/ap/shaded/freemarker/template/utility/SecurityUtilities$2
instanceKlass org/mapstruct/ap/shaded/freemarker/template/utility/SecurityUtilities
instanceKlass java/beans/FeatureDescriptor
instanceKlass org/mapstruct/ap/shaded/freemarker/ext/beans/ClassIntrospector
instanceKlass org/mapstruct/ap/shaded/freemarker/ext/beans/BeansWrapper$3
instanceKlass org/mapstruct/ap/shaded/freemarker/ext/beans/ClassIntrospectorBuilder
instanceKlass org/mapstruct/ap/shaded/freemarker/ext/beans/BeansWrapperSingletonHolder
instanceKlass org/mapstruct/ap/shaded/freemarker/ext/beans/BeansWrapper$5
instanceKlass org/mapstruct/ap/shaded/freemarker/ext/beans/BeansWrapper$4
instanceKlass org/mapstruct/ap/shaded/freemarker/ext/util/ModelCache
instanceKlass org/mapstruct/ap/shaded/freemarker/ext/beans/MethodAppearanceFineTuner
instanceKlass org/mapstruct/ap/shaded/freemarker/ext/beans/BeansWrapperConfiguration
instanceKlass org/mapstruct/ap/shaded/freemarker/ext/util/ModelFactory
instanceKlass org/mapstruct/ap/shaded/freemarker/ext/beans/ClassBasedModelFactory
instanceKlass org/mapstruct/ap/shaded/freemarker/template/TemplateHashModel
instanceKlass org/mapstruct/ap/shaded/freemarker/ext/beans/BeansWrapper
instanceKlass org/mapstruct/ap/shaded/freemarker/template/utility/WriteProtectable
instanceKlass org/mapstruct/ap/shaded/freemarker/template/TemplateExceptionHandler$4
instanceKlass org/mapstruct/ap/shaded/freemarker/template/TemplateExceptionHandler$3
instanceKlass org/mapstruct/ap/shaded/freemarker/template/TemplateExceptionHandler$2
instanceKlass org/mapstruct/ap/shaded/freemarker/template/TemplateExceptionHandler$1
instanceKlass org/mapstruct/ap/shaded/freemarker/template/TemplateExceptionHandler
instanceKlass org/mapstruct/ap/shaded/freemarker/template/_TemplateAPI
instanceKlass java/text/CalendarBuilder
instanceKlass java/text/ParsePosition
instanceKlass org/mapstruct/ap/shaded/freemarker/template/Version
instanceKlass org/mapstruct/ap/shaded/freemarker/core/TemplateClassResolver
instanceKlass org/mapstruct/ap/shaded/freemarker/core/FMParserConstants
instanceKlass org/mapstruct/ap/shaded/freemarker/core/ArithmeticEngine
instanceKlass org/mapstruct/ap/shaded/freemarker/core/Configurable
instanceKlass org/mapstruct/ap/shaded/freemarker/log/_NullLoggerFactory
instanceKlass org/mapstruct/ap/shaded/freemarker/log/LoggerFactory
instanceKlass org/mapstruct/ap/shaded/freemarker/log/Logger
instanceKlass org/mapstruct/ap/shaded/freemarker/cache/CacheStorage
instanceKlass org/mapstruct/ap/shaded/freemarker/template/TemplateModel
instanceKlass org/mapstruct/ap/shaded/freemarker/template/ObjectWrapper
instanceKlass org/mapstruct/ap/shaded/freemarker/cache/TemplateLoader
instanceKlass org/mapstruct/ap/internal/writer/Writable$Context
instanceKlass org/mapstruct/ap/internal/writer/ModelWriter
instanceKlass org/mapstruct/ap/internal/gem/DecoratedWithGem$BuilderImpl
instanceKlass org/mapstruct/ap/internal/gem/DecoratedWithGem$Builder
instanceKlass org/mapstruct/ap/internal/gem/DecoratedWithGem
instanceKlass org/mapstruct/ap/internal/model/GeneratedType$GeneratedTypeBuilder
instanceKlass org/mapstruct/ap/internal/model/BuilderFinisherMethodResolver
instanceKlass org/mapstruct/ap/internal/model/LifecycleMethodResolver
instanceKlass org/mapstruct/ap/internal/model/dependency/Node
instanceKlass org/mapstruct/ap/internal/model/dependency/GraphAnalyzer$GraphAnalyzerBuilder
instanceKlass org/mapstruct/ap/internal/model/dependency/GraphAnalyzer
instanceKlass org/mapstruct/ap/internal/model/beanmapping/SourceReference$BuilderFromProperty
instanceKlass org/mapstruct/ap/internal/gem/jakarta/XmlElementRefGem$BuilderImpl
instanceKlass org/mapstruct/ap/internal/gem/jakarta/XmlElementRefGem$Builder
instanceKlass org/mapstruct/ap/internal/gem/jakarta/XmlElementRefGem
instanceKlass org/mapstruct/ap/internal/gem/XmlElementRefGem$BuilderImpl
instanceKlass org/mapstruct/ap/internal/gem/XmlElementRefGem$Builder
instanceKlass org/mapstruct/ap/internal/gem/XmlElementRefGem
instanceKlass org/mapstruct/ap/internal/model/source/MethodMatcher$GenericAnalyser
instanceKlass org/mapstruct/ap/internal/model/source/MethodMatcher
instanceKlass org/mapstruct/ap/internal/model/common/ParameterBinding
instanceKlass org/mapstruct/ap/internal/model/common/ConversionContext
instanceKlass org/mapstruct/ap/internal/processor/creation/MappingResolverImpl$ResolvingAttempt
instanceKlass org/mapstruct/ap/internal/model/ForgedMethodHistory
instanceKlass org/mapstruct/ap/internal/model/PresenceCheckMethodResolver
instanceKlass org/mapstruct/ap/internal/model/NestedPropertyMappingMethod$SafePropertyEntry
instanceKlass org/mapstruct/ap/internal/model/NestedPropertyMappingMethod$Builder
instanceKlass org/mapstruct/ap/internal/model/ForgedMethod
instanceKlass org/mapstruct/ap/internal/util/Strings
instanceKlass org/mapstruct/ap/internal/model/source/MappingControl$1
instanceKlass org/mapstruct/ap/internal/gem/MappingControlGem$BuilderImpl
instanceKlass org/mapstruct/ap/internal/gem/MappingControlGem$Builder
instanceKlass org/mapstruct/ap/internal/gem/MappingControlGem
instanceKlass org/mapstruct/ap/internal/gem/MappingControlsGem$BuilderImpl
instanceKlass org/mapstruct/ap/internal/gem/MappingControlsGem$Builder
instanceKlass org/mapstruct/ap/internal/gem/MappingControlsGem
instanceKlass org/mapstruct/ap/internal/model/source/MappingControl
instanceKlass org/mapstruct/ap/internal/model/common/PresenceCheck
instanceKlass org/mapstruct/ap/internal/model/beanmapping/MappingReference
instanceKlass org/mapstruct/ap/internal/model/beanmapping/TargetReference
instanceKlass org/mapstruct/ap/internal/model/beanmapping/TargetReference$Builder
instanceKlass org/mapstruct/ap/internal/model/beanmapping/PropertyEntry
instanceKlass org/mapstruct/ap/internal/model/beanmapping/AbstractReference
instanceKlass org/mapstruct/ap/internal/model/beanmapping/SourceReference$BuilderFromMapping
instanceKlass org/mapstruct/ap/internal/model/beanmapping/MappingReferences
instanceKlass org/mapstruct/ap/spi/util/IntrospectorUtils
instanceKlass org/mapstruct/ap/internal/util/accessor/DelegateAccessor
instanceKlass org/mapstruct/ap/internal/util/Fields
instanceKlass org/mapstruct/ap/internal/util/accessor/AbstractAccessor
instanceKlass org/mapstruct/ap/internal/model/source/selector/XmlElementDeclSelector$XmlElementRefInfo
instanceKlass org/mapstruct/ap/internal/model/source/selector/SelectedMethod
instanceKlass org/mapstruct/ap/internal/model/source/selector/SelectionCriteria
instanceKlass org/mapstruct/ap/internal/model/ObjectFactoryMethodResolver
instanceKlass org/mapstruct/ap/internal/model/common/BuilderType
instanceKlass org/mapstruct/ap/spi/BuilderInfo$Builder
instanceKlass javax/lang/model/util/AbstractTypeVisitor6
instanceKlass org/mapstruct/ap/internal/model/source/MappingMethodUtils
instanceKlass org/mapstruct/ap/internal/gem/InheritConfigurationGem$BuilderImpl
instanceKlass org/mapstruct/ap/internal/gem/InheritConfigurationGem$Builder
instanceKlass org/mapstruct/ap/internal/gem/InheritConfigurationGem
instanceKlass org/mapstruct/ap/internal/gem/InheritInverseConfigurationGem$BuilderImpl
instanceKlass org/mapstruct/ap/internal/gem/InheritInverseConfigurationGem$Builder
instanceKlass org/mapstruct/ap/internal/gem/InheritInverseConfigurationGem
instanceKlass org/mapstruct/ap/internal/model/source/selector/FactoryParameterSelector
instanceKlass org/mapstruct/ap/internal/model/source/selector/SourceRhsSelector
instanceKlass org/mapstruct/ap/internal/model/source/selector/CreateOrUpdateSelector
instanceKlass org/mapstruct/ap/internal/model/source/selector/InheritanceSelector
instanceKlass org/mapstruct/ap/internal/model/source/selector/XmlElementDeclSelector
instanceKlass org/mapstruct/ap/internal/model/source/selector/TargetTypeSelector
instanceKlass org/mapstruct/ap/internal/model/source/selector/QualifierSelector
instanceKlass org/mapstruct/ap/internal/model/source/selector/TypeSelector
instanceKlass org/mapstruct/ap/internal/model/source/selector/MethodFamilySelector
instanceKlass org/mapstruct/ap/internal/model/source/selector/MethodSelector
instanceKlass org/mapstruct/ap/internal/model/source/selector/MethodSelectors
instanceKlass org/mapstruct/ap/internal/util/Collections
instanceKlass org/mapstruct/ap/internal/model/common/FieldReference
instanceKlass org/mapstruct/ap/internal/model/common/ConstructorFragment
instanceKlass org/mapstruct/ap/internal/model/source/builtin/BuiltInMethod
instanceKlass org/mapstruct/ap/internal/model/source/builtin/BuiltInMappingMethods
instanceKlass java/util/UUID
instanceKlass java/util/Currency
instanceKlass org/mapstruct/ap/internal/conversion/DateToStringConversion
instanceKlass java/time/ZonedDateTime
instanceKlass java/time/chrono/ChronoZonedDateTime
instanceKlass org/mapstruct/ap/internal/conversion/ReverseConversion
instanceKlass org/mapstruct/ap/internal/conversion/Conversions$Key
instanceKlass com/sun/tools/javac/code/Type$5
instanceKlass com/sun/tools/javac/model/JavacTypes$1
instanceKlass org/mapstruct/ap/internal/util/NativeTypes$ShortAnalyzer
instanceKlass org/mapstruct/ap/internal/util/NativeTypes$LongAnalyzer
instanceKlass org/mapstruct/ap/internal/util/NativeTypes$IntAnalyzer
instanceKlass org/mapstruct/ap/internal/util/NativeTypes$FloatAnalyzer
instanceKlass org/mapstruct/ap/internal/util/NativeTypes$DoubleAnalyzer
instanceKlass org/mapstruct/ap/internal/util/NativeTypes$NumberRepresentation
instanceKlass org/mapstruct/ap/internal/util/NativeTypes$ByteAnalyzer
instanceKlass org/mapstruct/ap/internal/util/NativeTypes$CharAnalyzer
instanceKlass org/mapstruct/ap/internal/util/NativeTypes$BooleanAnalyzer
instanceKlass org/mapstruct/ap/internal/util/NativeTypes$LiteralAnalyzer
instanceKlass org/mapstruct/ap/internal/util/NativeTypes
instanceKlass org/mapstruct/ap/internal/model/common/Assignment
instanceKlass org/mapstruct/ap/internal/conversion/SimpleConversion
instanceKlass org/mapstruct/ap/internal/conversion/ConversionProvider
instanceKlass org/mapstruct/ap/internal/conversion/Conversions
instanceKlass org/mapstruct/ap/internal/processor/creation/MappingResolverImpl
instanceKlass org/mapstruct/ap/internal/model/DefaultMappingExclusionProvider
instanceKlass org/mapstruct/ap/spi/MappingExclusionProvider
instanceKlass org/mapstruct/ap/internal/model/MappingBuilderContext
instanceKlass org/mapstruct/ap/internal/processor/MapperAnnotatedFormattingMessenger
instanceKlass org/mapstruct/ap/internal/gem/ObjectFactoryGem$BuilderImpl
instanceKlass org/mapstruct/ap/internal/gem/ObjectFactoryGem$Builder
instanceKlass org/mapstruct/ap/internal/gem/ObjectFactoryGem
instanceKlass org/mapstruct/ap/internal/model/source/MappingMethodOptions
instanceKlass org/mapstruct/ap/internal/gem/ValueMappingsGem$BuilderImpl
instanceKlass org/mapstruct/ap/internal/gem/ValueMappingsGem$Builder
instanceKlass org/mapstruct/ap/internal/gem/ValueMappingsGem
instanceKlass org/mapstruct/ap/internal/gem/ValueMappingGem$BuilderImpl
instanceKlass org/mapstruct/ap/internal/gem/ValueMappingGem$Builder
instanceKlass org/mapstruct/ap/internal/gem/ValueMappingGem
instanceKlass org/mapstruct/ap/internal/model/source/SourceMethod$Builder
instanceKlass org/mapstruct/ap/internal/model/source/SubclassValidator
instanceKlass org/mapstruct/ap/internal/gem/EnumMappingGem$BuilderImpl
instanceKlass org/mapstruct/ap/internal/gem/EnumMappingGem$Builder
instanceKlass org/mapstruct/ap/internal/gem/EnumMappingGem
instanceKlass org/mapstruct/ap/internal/gem/MapMappingGem$BuilderImpl
instanceKlass org/mapstruct/ap/internal/gem/MapMappingGem$Builder
instanceKlass org/mapstruct/ap/internal/gem/MapMappingGem
instanceKlass org/mapstruct/ap/internal/gem/IterableMappingGem$BuilderImpl
instanceKlass org/mapstruct/ap/internal/gem/IterableMappingGem$Builder
instanceKlass org/mapstruct/ap/internal/gem/IterableMappingGem
instanceKlass org/mapstruct/ap/internal/model/source/SelectionParameters
instanceKlass org/mapstruct/ap/internal/model/common/FormattingParameters
instanceKlass org/mapstruct/ap/internal/gem/MappingGem$BuilderImpl
instanceKlass org/mapstruct/ap/internal/gem/MappingGem$Builder
instanceKlass org/mapstruct/ap/internal/gem/MappingGem
instanceKlass org/mapstruct/ap/internal/gem/MappingsGem$BuilderImpl
instanceKlass org/mapstruct/ap/internal/gem/MappingsGem$Builder
instanceKlass org/mapstruct/ap/internal/gem/MappingsGem
instanceKlass org/mapstruct/ap/internal/processor/MethodRetrievalProcessor$RepeatableMappingAnnotations
instanceKlass org/mapstruct/ap/internal/gem/BeanMappingGem$BuilderImpl
instanceKlass org/mapstruct/ap/internal/gem/BeanMappingGem$Builder
instanceKlass org/mapstruct/ap/internal/gem/BeanMappingGem
instanceKlass org/mapstruct/ap/internal/model/source/ParameterProvidedMethods$Builder
instanceKlass org/mapstruct/ap/internal/model/source/ParameterProvidedMethods
instanceKlass org/mapstruct/ap/internal/gem/BeforeMappingGem$BuilderImpl
instanceKlass org/mapstruct/ap/internal/gem/BeforeMappingGem$Builder
instanceKlass org/mapstruct/ap/internal/gem/BeforeMappingGem
instanceKlass org/mapstruct/ap/internal/gem/AfterMappingGem$BuilderImpl
instanceKlass org/mapstruct/ap/internal/gem/AfterMappingGem$Builder
instanceKlass org/mapstruct/ap/internal/gem/AfterMappingGem
instanceKlass org/mapstruct/ap/internal/util/Executables
instanceKlass org/mapstruct/ap/internal/model/source/SourceMethod
instanceKlass org/mapstruct/ap/internal/gem/ContextGem$BuilderImpl
instanceKlass org/mapstruct/ap/internal/gem/ContextGem$Builder
instanceKlass org/mapstruct/ap/internal/gem/ContextGem
instanceKlass org/mapstruct/ap/internal/gem/TargetTypeGem$BuilderImpl
instanceKlass org/mapstruct/ap/internal/gem/TargetTypeGem$Builder
instanceKlass org/mapstruct/ap/internal/gem/TargetTypeGem
instanceKlass org/mapstruct/ap/internal/gem/MappingTargetGem$BuilderImpl
instanceKlass org/mapstruct/ap/internal/gem/MappingTargetGem$Builder
instanceKlass org/mapstruct/ap/internal/gem/MappingTargetGem
instanceKlass org/mapstruct/ap/internal/model/source/DelegatingOptions
instanceKlass org/mapstruct/ap/MappingProcessor$ProcessorComparator
instanceKlass org/mapstruct/ap/internal/processor/MapperServiceProcessor
instanceKlass org/mapstruct/ap/internal/processor/MethodRetrievalProcessor
instanceKlass org/mapstruct/ap/internal/processor/MapperRenderingProcessor
instanceKlass org/mapstruct/ap/internal/model/AbstractBaseBuilder
instanceKlass org/mapstruct/ap/internal/model/source/Method
instanceKlass org/mapstruct/ap/internal/model/MappingBuilderContext$MappingResolver
instanceKlass org/mapstruct/ap/internal/processor/MapperCreationProcessor
instanceKlass org/mapstruct/ap/internal/model/Constructor
instanceKlass org/mapstruct/ap/internal/processor/AnnotationBasedComponentModelProcessor
instanceKlass org/mapstruct/ap/internal/processor/ModelElementProcessor
instanceKlass java/util/concurrent/ConcurrentNavigableMap
instanceKlass org/mapstruct/ap/internal/model/common/ImplementationType
instanceKlass org/mapstruct/ap/internal/util/Filters
instanceKlass javax/lang/model/type/TypeKind$1
instanceKlass org/mapstruct/ap/internal/util/accessor/ReadAccessor
instanceKlass org/mapstruct/ap/internal/util/accessor/Accessor
instanceKlass org/mapstruct/ap/internal/writer/FreeMarkerWritable
instanceKlass org/mapstruct/ap/internal/writer/Writable
instanceKlass org/mapstruct/ap/spi/BuilderInfo
instanceKlass org/mapstruct/ap/internal/util/Extractor
instanceKlass org/mapstruct/ap/internal/model/common/TypeFactory
instanceKlass org/mapstruct/ap/internal/util/AbstractElementUtilsDecorator
instanceKlass org/mapstruct/ap/internal/util/ElementUtils
instanceKlass org/mapstruct/ap/internal/util/AbstractTypeUtilsDecorator
instanceKlass org/mapstruct/ap/internal/util/TypeUtils
instanceKlass org/mapstruct/ap/internal/processor/DefaultVersionInformation
instanceKlass org/mapstruct/ap/spi/CaseEnumTransformationStrategy
instanceKlass org/mapstruct/ap/spi/SuffixEnumTransformationStrategy
instanceKlass org/mapstruct/ap/spi/StripSuffixEnumTransformationStrategy
instanceKlass org/mapstruct/ap/spi/StripPrefixEnumTransformationStrategy
instanceKlass org/mapstruct/ap/spi/PrefixEnumTransformationStrategy
instanceKlass org/mapstruct/ap/spi/EnumTransformationStrategy
instanceKlass org/mapstruct/ap/spi/DefaultEnumMappingStrategy
instanceKlass org/mapstruct/ap/spi/EnumMappingStrategy
instanceKlass org/mapstruct/ap/internal/util/AccessorNamingUtils
instanceKlass org/mapstruct/ap/internal/util/Services
instanceKlass org/mapstruct/ap/spi/DefaultBuilderProvider
instanceKlass org/mapstruct/ap/spi/DefaultAccessorNamingStrategy
instanceKlass org/mapstruct/ap/internal/processor/DefaultModelElementProcessorContext$DelegatingMessager
instanceKlass org/mapstruct/ap/internal/util/FormattingMessager
instanceKlass org/mapstruct/ap/internal/version/VersionInformation
instanceKlass org/mapstruct/ap/internal/processor/DefaultModelElementProcessorContext
instanceKlass org/mapstruct/ap/internal/gem/BuilderGem$BuilderImpl
instanceKlass org/mapstruct/ap/internal/gem/BuilderGem$Builder_
instanceKlass org/mapstruct/ap/internal/gem/BuilderGem
instanceKlass com/sun/tools/javac/code/Attribute$1
instanceKlass javax/lang/model/util/AbstractAnnotationValueVisitor6
instanceKlass javax/lang/model/element/AnnotationValueVisitor
instanceKlass org/mapstruct/ap/shaded/org/mapstruct/tools/gem/GemValue
instanceKlass javax/lang/model/util/ElementFilter
instanceKlass org/mapstruct/ap/internal/gem/MapperGem$BuilderImpl
instanceKlass org/mapstruct/ap/internal/gem/MapperGem$Builder
instanceKlass org/mapstruct/ap/internal/gem/MapperGem
instanceKlass org/mapstruct/ap/shaded/org/mapstruct/tools/gem/Gem
instanceKlass javax/lang/model/util/ElementKindVisitor6$1
instanceKlass org/mapstruct/ap/internal/util/RoundContext
instanceKlass lombok/mapstruct/NotifierHider$AstModificationNotifier
instanceKlass org/mapstruct/ap/internal/util/AnnotationProcessorContext$FaultyDelegatingIterator
instanceKlass org/mapstruct/ap/spi/AstModifyingAnnotationProcessor
instanceKlass org/mapstruct/ap/spi/BuilderProvider
instanceKlass org/mapstruct/ap/spi/AccessorNamingStrategy
instanceKlass org/mapstruct/ap/internal/util/AnnotationProcessorContext
instanceKlass org/mapstruct/ap/spi/MapStructProcessingEnvironment
instanceKlass org/mapstruct/ap/internal/option/Options
instanceKlass org/mapstruct/ap/internal/processor/ModelElementProcessor$ProcessorContext
instanceKlass lombok/experimental/Tolerate
instanceKlass lombok/javac/handlers/HandleLog
instanceKlass lombok/core/handlers/LoggingFramework
instanceKlass lombok/core/handlers/InclusionExclusionUtils$1
instanceKlass lombok/ToString$Exclude
instanceKlass lombok/ToString$Include
instanceKlass lombok/javac/handlers/JavacHandlerUtil$GetterMethod
instanceKlass lombok/EqualsAndHashCode$AnyAnnotation
instanceKlass lombok/core/handlers/InclusionExclusionUtils$2
instanceKlass lombok/EqualsAndHashCode$Exclude
instanceKlass lombok/EqualsAndHashCode$Include
instanceKlass lombok/core/handlers/InclusionExclusionUtils
instanceKlass com/sun/tools/javac/tree/Pretty$1
instanceKlass lombok/RequiredArgsConstructor$AnyAnnotation
instanceKlass lombok/AllArgsConstructor$AnyAnnotation
instanceKlass lombok/NoArgsConstructor$AnyAnnotation
instanceKlass lombok/Setter$AnyAnnotation
instanceKlass lombok/javac/handlers/JavacHandlerUtil$CopyJavadoc$2$1
instanceKlass lombok/Getter$AnyAnnotation
instanceKlass lombok/javac/handlers/JavacHandlerUtil$JCAnnotatedTypeReflect
instanceKlass lombok/core/handlers/InclusionExclusionUtils$Included
instanceKlass com/sun/tools/javac/parser/LazyDocCommentTable$Entry
instanceKlass lombok/javac/Javac$JavadocOps_8$1
instanceKlass lombok/core/CleanupRegistry$CleanupKey
instanceKlass lombok/javac/handlers/JavacHandlerUtil$CopyJavadoc$6
instanceKlass lombok/javac/Javac$JavadocOps_8
instanceKlass lombok/core/CleanupTask
instanceKlass lombok/javac/handlers/JavacHandlerUtil$ClassSymbolMembersField
instanceKlass com/sun/tools/javac/code/DeferredCompletionFailureHandler$DeferredCompleter
instanceKlass com/sun/tools/javac/comp/Annotate$Queues
instanceKlass lombok/javac/handlers/JavacHandlerUtil$EnterReflect
instanceKlass lombok/delombok/FormatPreferences
instanceKlass lombok/delombok/LombokOptionsFactory
instanceKlass lombok/Builder$ObtainVia
instanceKlass lombok/javac/handlers/HandleBuilder$BuilderFieldData
instanceKlass lombok/core/AnnotationValues$1
instanceKlass lombok/core/configuration/AllowHelper
instanceKlass lombok/experimental/FieldDefaults
instanceKlass lombok/core/handlers/HandlerUtil
instanceKlass lombok/core/AnnotationValues$AnnotationValue
instanceKlass lombok/core/AnnotationValues
instanceKlass lombok/core/FieldAugment
instanceKlass lombok/javac/JavacAugments
instanceKlass lombok/core/configuration/ConfigurationSource
instanceKlass lombok/core/TypeResolver
instanceKlass lombok/core/AST$FieldAccess
instanceKlass lombok/core/LombokImmutableList$1
instanceKlass lombok/javac/JavacImportList
instanceKlass lombok/javac/PackageName
instanceKlass lombok/core/configuration/FileSystemSourceCache$Content
instanceKlass lombok/core/configuration/ConfigurationFile
instanceKlass lombok/core/configuration/BubblingConfigurationResolver
instanceKlass lombok/core/LombokConfiguration$3
instanceKlass lombok/core/configuration/FileSystemSourceCache$1
instanceKlass lombok/core/configuration/ConfigurationProblemReporter$1
instanceKlass lombok/core/configuration/ConfigurationProblemReporter
instanceKlass lombok/core/configuration/ConfigurationParser
instanceKlass lombok/core/configuration/ConfigurationFileToSource
instanceKlass lombok/core/configuration/FileSystemSourceCache
instanceKlass lombok/core/LombokConfiguration$1
instanceKlass lombok/core/configuration/ConfigurationResolver
instanceKlass lombok/core/configuration/ConfigurationResolverFactory
instanceKlass lombok/core/LombokConfiguration
instanceKlass sun/nio/fs/WindowsUriSupport
instanceKlass lombok/core/ImportList
instanceKlass lombok/javac/JavacAST$ErrorLog
instanceKlass java/util/IdentityHashMap$EntryIterator$Entry
instanceKlass com/sun/tools/javac/model/JavacElements$1
instanceKlass javax/annotation/processing/SupportedOptions
instanceKlass com/sun/tools/javac/util/MatchingUtils
instanceKlass javax/annotation/processing/SupportedAnnotationTypes
instanceKlass lombok/javac/HandlerLibrary$VisitorContainer
instanceKlass lombok/experimental/WithBy
instanceKlass lombok/With
instanceKlass lombok/Value
instanceKlass lombok/javac/JavacASTAdapter
instanceKlass lombok/experimental/UtilityClass
instanceKlass lombok/ToString
instanceKlass lombok/Synchronized
instanceKlass lombok/experimental/SuperBuilder
instanceKlass lombok/javac/handlers/JavacSingularsRecipes$StatementMaker
instanceKlass lombok/javac/handlers/JavacSingularsRecipes$ExpressionMaker
instanceKlass lombok/javac/handlers/HandleBuilder$BuilderJob
instanceKlass lombok/experimental/StandardException
instanceKlass lombok/SneakyThrows
instanceKlass lombok/Singular
instanceKlass lombok/Setter
instanceKlass lombok/core/PrintAST
instanceKlass lombok/NonNull
instanceKlass lombok/extern/slf4j/XSlf4j
instanceKlass lombok/extern/slf4j/Slf4j
instanceKlass lombok/extern/log4j/Log4j
instanceKlass lombok/extern/log4j/Log4j2
instanceKlass lombok/extern/java/Log
instanceKlass lombok/extern/jbosslog/JBossLog
instanceKlass lombok/extern/flogger/Flogger
instanceKlass lombok/CustomLog
instanceKlass lombok/extern/apachecommons/CommonsLog
instanceKlass lombok/Locked$Write
instanceKlass lombok/Locked$Read
instanceKlass lombok/Locked
instanceKlass lombok/extern/jackson/Jacksonized
instanceKlass lombok/experimental/Helper
instanceKlass lombok/Getter
instanceKlass lombok/experimental/FieldNameConstants
instanceKlass lombok/core/LombokImmutableList
instanceKlass lombok/core/JavaIdentifiers
instanceKlass lombok/experimental/ExtensionMethod
instanceKlass lombok/EqualsAndHashCode
instanceKlass lombok/experimental/Delegate
instanceKlass lombok/Data
instanceKlass lombok/RequiredArgsConstructor
instanceKlass lombok/NoArgsConstructor
instanceKlass lombok/AllArgsConstructor
instanceKlass lombok/Cleanup
instanceKlass lombok/Builder$Default
instanceKlass lombok/Builder
instanceKlass lombok/javac/handlers/HandleConstructor
instanceKlass lombok/core/LombokInternalAliasing
instanceKlass lombok/core/AlreadyHandledAnnotations
instanceKlass lombok/javac/ResolutionResetNeeded
instanceKlass lombok/core/HandlerPriority
instanceKlass lombok/javac/HandlerLibrary$AnnotationHandlerContainer
instanceKlass lombok/experimental/Accessors
instanceKlass lombok/javac/JavacAnnotationHandler
instanceKlass lombok/core/SpiLoadUtil$1$1
instanceKlass lombok/core/SpiLoadUtil$1
instanceKlass java/util/Vector$1
instanceKlass lombok/core/SpiLoadUtil
instanceKlass lombok/core/configuration/ConfigurationKeysLoader
instanceKlass lombok/core/configuration/CheckerFrameworkVersion
instanceKlass lombok/core/configuration/TypeName
instanceKlass lombok/core/configuration/LogDeclaration
instanceKlass lombok/core/configuration/IdentifierName
instanceKlass lombok/core/configuration/ConfigurationDataType$6
instanceKlass lombok/core/configuration/ConfigurationDataType$7
instanceKlass lombok/core/configuration/NullAnnotationLibrary
instanceKlass lombok/core/configuration/ConfigurationValueType
instanceKlass lombok/core/configuration/ConfigurationDataType$5
instanceKlass lombok/core/configuration/ConfigurationDataType$4
instanceKlass lombok/core/configuration/ConfigurationDataType$3
instanceKlass lombok/core/configuration/ConfigurationDataType$2
instanceKlass lombok/core/configuration/ConfigurationDataType$1
instanceKlass lombok/core/configuration/ConfigurationValueParser
instanceKlass lombok/core/configuration/ConfigurationDataType
instanceKlass lombok/core/configuration/ConfigurationKey
instanceKlass lombok/ConfigurationKeys
instanceKlass lombok/core/configuration/ConfigurationKeysLoader$LoaderLoader
instanceKlass lombok/core/TypeLibrary
instanceKlass lombok/javac/HandlerLibrary
instanceKlass lombok/javac/JavacASTVisitor
instanceKlass lombok/javac/JavacTransformer
instanceKlass java/text/BreakIterator
instanceKlass com/sun/source/util/DocTreePath
instanceKlass com/sun/tools/javac/api/JavacScope
instanceKlass lombok/core/AST
instanceKlass lombok/core/LombokNode
instanceKlass lombok/javac/handlers/JavacHandlerUtil
instanceKlass lombok/javac/JavacTreeMaker$FieldId
instanceKlass lombok/javac/JavacTreeMaker$MethodId
instanceKlass lombok/javac/JavacTreeMaker
instanceKlass java/util/regex/Pattern$1
instanceKlass javax/lang/model/type/TypeVisitor
instanceKlass lombok/javac/JavacTreeMaker$SchroedingerType
instanceKlass lombok/javac/Javac
instanceKlass lombok/javac/apt/Java9Compiler
instanceKlass lombok/javac/apt/LombokFileObjects$Compiler
instanceKlass lombok/javac/apt/LombokFileObject
instanceKlass lombok/javac/apt/LombokFileObjects
instanceKlass lombok/javac/apt/MessagerDiagnosticsReceiver
instanceKlass javax/tools/ForwardingJavaFileManager
instanceKlass lombok/permit/dummy/Parent
instanceKlass java/lang/Class$EnclosingMethodInfo
instanceKlass lombok/core/CleanupRegistry
instanceKlass lombok/permit/Permit$Fake
instanceKlass lombok/permit/Permit
instanceKlass lombok/core/DiagnosticsReceiver
instanceKlass lombok/launch/AnnotationProcessorHider$AstModificationNotifierData
instanceKlass sun/misc/Unsafe
instanceKlass lombok/core/AnnotationProcessor$ProcessorDescriptor
instanceKlass lombok/launch/ClassFileMetaData
instanceKlass java/util/zip/ZipFile$ZipEntryIterator
instanceKlass java/util/WeakHashMap$HashIterator
instanceKlass java/net/URLEncoder
instanceKlass java/net/URLDecoder
instanceKlass lombok/launch/PackageShader
instanceKlass lombok/launch/Main
instanceKlass com/sun/tools/javac/processing/JavacProcessingEnvironment$ProcessorState
instanceKlass com/sun/tools/javac/processing/JavacRoundEnvironment
instanceKlass javax/lang/model/util/AbstractElementVisitor6
instanceKlass javax/lang/model/element/ElementVisitor
instanceKlass com/sun/tools/javac/processing/JavacProcessingEnvironment$Round
instanceKlass com/sun/tools/javac/code/TypeAnnotationPosition$TypePathEntry
instanceKlass com/sun/tools/javac/code/TypeMetadata$Annotations
instanceKlass com/sun/tools/javac/code/TypeAnnotations$TypeAnnotationPositions$1
instanceKlass com/sun/tools/javac/code/TypeAnnotations$1
instanceKlass com/sun/tools/javac/code/TypeAnnotationPosition
instanceKlass com/sun/tools/javac/comp/Annotate$AnnotationContext
instanceKlass com/sun/tools/javac/comp/ConstFold$1
instanceKlass com/sun/tools/javac/code/Types$TypePair
instanceKlass com/sun/tools/javac/code/Types$UniqueType
instanceKlass com/sun/tools/javac/code/Flags
instanceKlass com/sun/tools/javac/comp/Resolve$MethodResolutionContext$Candidate
instanceKlass com/sun/tools/javac/code/Types$ImplementationCache$Entry
instanceKlass com/sun/tools/javac/comp/Resolve$LookupFilter
instanceKlass com/sun/tools/javac/comp/Resolve$5
instanceKlass com/sun/tools/javac/comp/Resolve$MethodResolutionContext
instanceKlass com/sun/tools/javac/jvm/ClassReader$ParameterAnnotations
instanceKlass com/sun/tools/javac/comp/TypeEnter$1
instanceKlass com/sun/tools/javac/code/Types$25
instanceKlass com/sun/tools/javac/tree/TreeMaker$2
instanceKlass com/sun/tools/javac/code/TypeTag$1
instanceKlass com/sun/tools/javac/util/Iterators$2
instanceKlass com/sun/tools/javac/comp/TypeEnter$BasicConstructorHelper
instanceKlass com/sun/tools/javac/code/SymbolMetadata
instanceKlass com/sun/tools/javac/file/JRTIndex$CtSym
instanceKlass com/sun/tools/javac/file/JRTIndex$Entry
instanceKlass com/sun/tools/javac/jvm/ClassReader$CompleterDeproxy
instanceKlass com/sun/tools/javac/jvm/ClassReader$AnnotationDeproxy
instanceKlass com/sun/tools/javac/jvm/ClassReader$ProxyVisitor
instanceKlass com/sun/tools/javac/jvm/Code$1
instanceKlass com/sun/tools/javac/jvm/ClassReader$28
instanceKlass com/sun/tools/javac/comp/MatchBindingsComputer$1
instanceKlass com/sun/tools/javac/comp/Attr$13
instanceKlass java/nio/file/Files$3
instanceKlass java/nio/file/FileTreeWalker$1
instanceKlass java/nio/file/SimpleFileVisitor
instanceKlass com/sun/tools/javac/code/Scope$FilterImportScope$SymbolImporter
instanceKlass com/sun/tools/javac/platform/JDKPlatformProvider$PlatformDescriptionImpl$1$1
instanceKlass java/util/function/BooleanSupplier
instanceKlass java/util/stream/StreamSpliterators
instanceKlass jdk/internal/jrtfs/JrtDirectoryStream$1
instanceKlass java/util/stream/StreamSpliterators$AbstractWrappingSpliterator
instanceKlass jdk/internal/jrtfs/JrtDirectoryStream
instanceKlass com/sun/tools/javac/code/Scope$ImportFilter
instanceKlass com/sun/tools/javac/code/Scope$ScopeImpl$2
instanceKlass com/sun/tools/javac/comp/Check$5
instanceKlass com/sun/tools/javac/comp/AttrContext
instanceKlass com/sun/tools/javac/code/Scope$ScopeImpl$1
instanceKlass com/sun/tools/javac/code/ClassFinder$2
instanceKlass java/nio/file/Files$2
instanceKlass com/sun/tools/javac/code/ClassFinder$1
instanceKlass java/util/ComparableTimSort
instanceKlass java/nio/file/FileVisitor
instanceKlass com/sun/tools/javac/file/JavacFileManager$ArchiveContainer
instanceKlass com/sun/tools/javac/file/JavacFileManager$PathAndContainer
instanceKlass java/util/RegularEnumSet$EnumSetIterator
instanceKlass javax/lang/model/element/ModuleElement$OpensDirective
instanceKlass com/sun/tools/javac/jvm/ClassReader$InterimUsesDirective
instanceKlass com/sun/tools/javac/jvm/ClassReader$UsesProvidesCompleter
instanceKlass com/sun/tools/javac/jvm/ClassReader$InterimProvidesDirective
instanceKlass javax/lang/model/element/ModuleElement$ExportsDirective
instanceKlass com/sun/tools/javac/util/Name$NameMapper
instanceKlass com/sun/tools/javac/jvm/ClassReader$SourceFileObject
instanceKlass com/sun/tools/javac/jvm/PoolReader$ImmutablePoolHelper
instanceKlass com/sun/tools/javac/jvm/PoolReader
instanceKlass com/sun/tools/javac/util/ArrayUtils
instanceKlass com/sun/tools/javac/comp/Modules$3
instanceKlass com/sun/tools/javac/code/ModuleFinder$1
instanceKlass javax/tools/ForwardingFileObject
instanceKlass com/sun/tools/javac/file/JavacFileManager$DirectoryContainer
instanceKlass java/util/AbstractList$RandomAccessSpliterator
instanceKlass java/util/stream/AbstractSpinedBuffer
instanceKlass java/lang/StringLatin1$LinesSpliterator
instanceKlass com/sun/tools/javac/tree/JCTree$1
instanceKlass com/sun/tools/javac/parser/JavacParser$LambdaClassifier
instanceKlass com/sun/tools/javac/parser/JavadocTokenizer$OffsetMap
instanceKlass com/sun/tools/javac/parser/UnicodeReader$1
instanceKlass java/util/BitSet
instanceKlass com/sun/tools/javac/util/Position$LineMapImpl
instanceKlass com/sun/tools/javac/util/Position$LineMap
instanceKlass com/sun/tools/javac/util/Position
instanceKlass com/sun/tools/javac/tree/TreeInfo$2
instanceKlass com/sun/tools/javac/tree/TreeInfo
instanceKlass com/sun/tools/javac/parser/JavacParser$1
instanceKlass com/sun/tools/javac/resources/CompilerProperties$Errors
instanceKlass com/sun/tools/javac/util/IntHashTable
instanceKlass com/sun/tools/javac/parser/LazyDocCommentTable
instanceKlass com/sun/tools/javac/parser/JavacParser$AbstractEndPosTable
instanceKlass com/sun/tools/javac/tree/EndPosTable
instanceKlass com/sun/tools/javac/parser/JavacParser$ErrorRecoveryAction
instanceKlass com/sun/tools/javac/parser/JavacParser
instanceKlass com/sun/tools/javac/parser/Scanner
instanceKlass com/sun/source/tree/LineMap
instanceKlass com/sun/tools/javac/file/BaseFileManager$ContentCacheEntry
instanceKlass com/sun/tools/javac/util/DiagnosticSource
instanceKlass javax/annotation/processing/AbstractProcessor
instanceKlass com/sun/tools/javac/processing/JavacProcessingEnvironment$DiscoveredProcessors$ProcessorStateIterator
instanceKlass com/sun/tools/javac/processing/JavacProcessingEnvironment$DiscoveredProcessors
instanceKlass com/sun/tools/javac/util/Iterators$CompoundIterator
instanceKlass com/sun/tools/javac/util/Iterators$1
instanceKlass com/sun/tools/javac/util/Iterators
instanceKlass java/util/ImmutableCollections$Access$1
instanceKlass jdk/internal/access/JavaUtilCollectionAccess
instanceKlass java/util/ImmutableCollections$Access
instanceKlass com/sun/tools/javac/platform/PlatformDescription$PluginInfo
instanceKlass javax/annotation/processing/Processor
instanceKlass com/sun/tools/javac/processing/JavacProcessingEnvironment$ServiceIterator
instanceKlass com/sun/tools/javac/file/JavacFileManager$3
instanceKlass com/sun/tools/javac/model/JavacTypes
instanceKlass com/sun/tools/javac/processing/JavacMessager
instanceKlass com/sun/tools/javac/processing/JavacFiler
instanceKlass com/sun/tools/javac/util/ForwardingDiagnosticFormatter$ForwardingConfiguration
instanceKlass com/sun/tools/javac/code/Types$DefaultSymbolVisitor
instanceKlass com/sun/tools/javac/util/ForwardingDiagnosticFormatter
instanceKlass com/sun/tools/javac/code/ModuleFinder$ModuleNameFromSourceReader
instanceKlass com/sun/tools/javac/comp/Modules$PackageNameFinder
instanceKlass com/sun/tools/javac/api/MultiTaskListener
instanceKlass com/sun/tools/javac/parser/UnicodeReader
instanceKlass com/sun/tools/javac/parser/ScannerFactory
instanceKlass com/sun/tools/javac/parser/Tokens$Token
instanceKlass com/sun/tools/javac/parser/Tokens
instanceKlass com/sun/tools/javac/parser/ReferenceParser
instanceKlass com/sun/tools/javac/model/JavacElements
instanceKlass com/sun/source/util/DocSourcePositions
instanceKlass com/sun/tools/javac/tree/DocCommentTable
instanceKlass com/sun/source/tree/Scope
instanceKlass com/sun/source/doctree/DocTreeVisitor
instanceKlass com/sun/source/util/SourcePositions
instanceKlass com/sun/source/doctree/AttributeTree
instanceKlass com/sun/source/doctree/AuthorTree
instanceKlass com/sun/source/doctree/SerialTree
instanceKlass com/sun/source/doctree/ErroneousTree
instanceKlass com/sun/source/doctree/ParamTree
instanceKlass com/sun/source/doctree/InheritDocTree
instanceKlass com/sun/source/doctree/DocRootTree
instanceKlass com/sun/source/doctree/HiddenTree
instanceKlass com/sun/source/doctree/IndexTree
instanceKlass com/sun/source/doctree/IdentifierTree
instanceKlass com/sun/source/doctree/SerialDataTree
instanceKlass com/sun/source/doctree/LiteralTree
instanceKlass com/sun/source/doctree/LinkTree
instanceKlass com/sun/source/doctree/SeeTree
instanceKlass com/sun/source/doctree/ReferenceTree
instanceKlass com/sun/source/doctree/DocTypeTree
instanceKlass com/sun/source/doctree/ProvidesTree
instanceKlass com/sun/source/doctree/CommentTree
instanceKlass com/sun/source/doctree/DeprecatedTree
instanceKlass com/sun/source/doctree/EndElementTree
instanceKlass com/sun/source/doctree/EntityTree
instanceKlass com/sun/source/doctree/TextTree
instanceKlass com/sun/source/doctree/ThrowsTree
instanceKlass com/sun/source/doctree/SummaryTree
instanceKlass com/sun/source/doctree/VersionTree
instanceKlass com/sun/source/doctree/UsesTree
instanceKlass com/sun/source/doctree/SerialFieldTree
instanceKlass com/sun/source/doctree/SinceTree
instanceKlass com/sun/source/doctree/ValueTree
instanceKlass com/sun/tools/javac/parser/Tokens$Comment
instanceKlass com/sun/source/doctree/DocCommentTree
instanceKlass com/sun/source/doctree/ReturnTree
instanceKlass com/sun/source/doctree/StartElementTree
instanceKlass com/sun/source/doctree/SystemPropertyTree
instanceKlass com/sun/source/doctree/UnknownBlockTagTree
instanceKlass com/sun/source/doctree/BlockTagTree
instanceKlass com/sun/source/doctree/UnknownInlineTagTree
instanceKlass com/sun/source/doctree/InlineTagTree
instanceKlass com/sun/source/doctree/DocTree
instanceKlass com/sun/tools/javac/tree/DocTreeMaker
instanceKlass com/sun/source/util/DocTreeFactory
instanceKlass com/sun/tools/javac/parser/Lexer
instanceKlass com/sun/tools/javac/parser/ParserFactory
instanceKlass com/sun/tools/javac/file/JRTIndex
instanceKlass javax/lang/model/element/RecordComponentElement
instanceKlass com/sun/tools/javac/jvm/ClassReader$AttributeReader
instanceKlass com/sun/tools/javac/code/Preview$1
instanceKlass com/sun/tools/javac/comp/Analyzer$2
instanceKlass com/sun/tools/javac/comp/Analyzer$1
instanceKlass com/sun/tools/javac/comp/Analyzer$StatementAnalyzer
instanceKlass com/sun/tools/javac/comp/Analyzer$DeferredAnalysisHelper
instanceKlass com/sun/tools/javac/comp/Analyzer
instanceKlass com/sun/tools/javac/code/Symtab$2
instanceKlass com/sun/tools/javac/code/Symtab$1
instanceKlass com/sun/tools/javac/jvm/JNIWriter
instanceKlass com/sun/tools/javac/jvm/Code
instanceKlass com/sun/tools/javac/jvm/PoolWriter$WriteablePoolHelper
instanceKlass com/sun/tools/javac/code/Types$SignatureGenerator
instanceKlass com/sun/tools/javac/jvm/PoolWriter
instanceKlass com/sun/tools/javac/comp/ConstFold
instanceKlass com/sun/tools/javac/comp/Operators$OperatorHelper
instanceKlass com/sun/tools/javac/comp/Operators
instanceKlass com/sun/tools/javac/jvm/PoolConstant$Dynamic
instanceKlass com/sun/tools/javac/jvm/StringConcat
instanceKlass com/sun/tools/javac/jvm/Gen$GenFinalizer
instanceKlass com/sun/tools/javac/jvm/Items$Item
instanceKlass com/sun/tools/javac/jvm/ClassWriter$AttributeWriter
instanceKlass com/sun/tools/javac/jvm/ClassFile
instanceKlass com/sun/tools/javac/code/ModuleFinder$ModuleLocationIterator
instanceKlass com/sun/tools/javac/code/ModuleFinder
instanceKlass com/sun/tools/javac/comp/Flow
instanceKlass com/sun/tools/javac/comp/Infer$GraphStrategy
instanceKlass com/sun/tools/javac/comp/InferenceContext
instanceKlass javax/lang/model/element/TypeParameterElement
instanceKlass com/sun/tools/javac/comp/Infer$AbstractIncorporationEngine
instanceKlass com/sun/tools/javac/code/Type$UndetVar$UndetVarListener
instanceKlass com/sun/tools/javac/comp/Infer
instanceKlass com/sun/tools/javac/util/MandatoryWarningHandler
instanceKlass com/sun/tools/javac/code/Preview
instanceKlass com/sun/tools/javac/util/Dependencies
instanceKlass com/sun/tools/javac/comp/TypeEnvs
instanceKlass com/sun/tools/javac/code/TypeAnnotations
instanceKlass com/sun/tools/javac/code/DeferredLintHandler$1
instanceKlass com/sun/tools/javac/code/DeferredLintHandler
instanceKlass com/sun/tools/javac/comp/TypeEnter$DefaultConstructorHelper
instanceKlass com/sun/tools/javac/util/GraphUtils$DependencyKind
instanceKlass com/sun/tools/javac/comp/TypeEnter$Phase
instanceKlass com/sun/tools/javac/comp/TypeEnter
instanceKlass com/sun/tools/javac/code/Types$CandidatesCache
instanceKlass com/sun/tools/javac/code/Types$ImplementationCache
instanceKlass com/sun/tools/javac/code/Types$3
instanceKlass com/sun/tools/javac/code/Types$DescriptorCache
instanceKlass com/sun/tools/javac/code/Types
instanceKlass com/sun/tools/javac/tree/TreeMaker$AnnotationBuilder
instanceKlass com/sun/tools/javac/tree/TreeMaker
instanceKlass com/sun/tools/javac/tree/JCTree$Factory
instanceKlass com/sun/tools/javac/comp/DeferredAttr$4
instanceKlass com/sun/tools/javac/tree/TreeCopier
instanceKlass com/sun/tools/javac/comp/DeferredAttr$DeferredAttrContext
instanceKlass com/sun/tools/javac/comp/DeferredAttr$DeferredStuckPolicy
instanceKlass com/sun/tools/javac/comp/AttrRecover
instanceKlass com/sun/tools/javac/comp/Resolve$ReferenceLookupResult
instanceKlass com/sun/tools/javac/api/Formattable$LocalizedString
instanceKlass com/sun/tools/javac/comp/Resolve$9
instanceKlass com/sun/tools/javac/comp/Resolve$8
instanceKlass com/sun/tools/javac/comp/Resolve$7
instanceKlass com/sun/tools/javac/comp/Resolve$6
instanceKlass com/sun/tools/javac/comp/Env
instanceKlass com/sun/tools/javac/comp/Resolve$AbstractMethodCheck
instanceKlass com/sun/tools/javac/comp/Resolve$2
instanceKlass com/sun/tools/javac/code/Scope$ScopeListener
instanceKlass com/sun/tools/javac/comp/Resolve$ReferenceChooser
instanceKlass com/sun/tools/javac/comp/Resolve$LogResolveHelper
instanceKlass com/sun/tools/javac/comp/Resolve$RecoveryLoadClass
instanceKlass com/sun/tools/javac/comp/Resolve$LookupHelper
instanceKlass com/sun/tools/javac/comp/Resolve
instanceKlass com/sun/tools/javac/comp/Check$1
instanceKlass com/sun/tools/javac/util/Warner
instanceKlass com/sun/tools/javac/comp/Check
instanceKlass com/sun/tools/javac/comp/Modules$1
instanceKlass com/sun/tools/javac/code/Directive
instanceKlass javax/lang/model/element/ModuleElement$RequiresDirective
instanceKlass javax/lang/model/element/ModuleElement$Directive
instanceKlass com/sun/tools/javac/code/Scope$ScopeListenerList
instanceKlass com/sun/tools/javac/code/Scope$Entry
instanceKlass com/sun/tools/javac/comp/Annotate$AnnotationTypeMetadata
instanceKlass com/sun/tools/javac/api/Formattable
instanceKlass com/sun/tools/javac/code/Kinds$KindSelector
instanceKlass com/sun/tools/javac/code/MissingInfoHandler
instanceKlass com/sun/tools/javac/code/TypeMetadata
instanceKlass javax/lang/model/type/NullType
instanceKlass com/sun/tools/javac/code/Symtab
instanceKlass com/sun/tools/javac/comp/MatchBindingsComputer$MatchBindings
instanceKlass com/sun/source/util/SimpleTreeVisitor
instanceKlass com/sun/tools/javac/comp/Resolve$MethodCheck
instanceKlass javax/lang/model/type/UnionType
instanceKlass com/sun/tools/javac/comp/Attr$ResultInfo
instanceKlass com/sun/tools/javac/code/Types$DefaultTypeVisitor
instanceKlass com/sun/tools/javac/comp/Check$NestedCheckContext
instanceKlass javax/lang/model/type/IntersectionType
instanceKlass com/sun/tools/javac/comp/Annotate$2
instanceKlass com/sun/tools/javac/comp/Check$CheckContext
instanceKlass com/sun/tools/javac/code/TypeMetadata$Entry
instanceKlass javax/lang/model/element/AnnotationMirror
instanceKlass com/sun/tools/javac/comp/Annotate
instanceKlass com/sun/tools/javac/util/ByteBuffer
instanceKlass com/sun/tools/javac/comp/Annotate$AnnotationTypeCompleter
instanceKlass com/sun/tools/javac/code/Attribute
instanceKlass javax/lang/model/element/AnnotationValue
instanceKlass javax/lang/model/type/PrimitiveType
instanceKlass com/sun/tools/javac/jvm/ClassReader
instanceKlass com/sun/tools/javac/code/Scope
instanceKlass com/sun/tools/javac/code/ClassFinder
instanceKlass com/sun/tools/javac/util/Convert
instanceKlass com/sun/tools/javac/util/Name
instanceKlass javax/lang/model/element/Name
instanceKlass com/sun/tools/javac/util/Name$Table
instanceKlass com/sun/tools/javac/util/Names
instanceKlass com/sun/tools/javac/code/Symbol$Completer$1
instanceKlass javax/lang/model/element/ModuleElement
instanceKlass javax/lang/model/element/PackageElement
instanceKlass com/sun/tools/javac/main/JavaCompiler
instanceKlass com/sun/tools/javac/code/Lint$AugmentVisitor
instanceKlass com/sun/tools/javac/code/Attribute$Visitor
instanceKlass javax/lang/model/element/TypeElement
instanceKlass javax/lang/model/element/QualifiedNameable
instanceKlass com/sun/source/tree/DefaultCaseLabelTree
instanceKlass com/sun/source/tree/SwitchExpressionTree
instanceKlass com/sun/source/tree/ParenthesizedPatternTree
instanceKlass com/sun/source/tree/BindingPatternTree
instanceKlass com/sun/source/tree/RequiresTree
instanceKlass com/sun/source/tree/ExportsTree
instanceKlass com/sun/source/tree/ModifiersTree
instanceKlass com/sun/source/tree/AnnotatedTypeTree
instanceKlass com/sun/source/tree/ProvidesTree
instanceKlass com/sun/source/tree/OpensTree
instanceKlass com/sun/source/tree/YieldTree
instanceKlass com/sun/source/tree/UsesTree
instanceKlass com/sun/source/tree/DirectiveTree
instanceKlass com/sun/source/tree/TypeParameterTree
instanceKlass com/sun/source/tree/ErroneousTree
instanceKlass com/sun/source/tree/LiteralTree
instanceKlass com/sun/source/tree/UnaryTree
instanceKlass com/sun/source/tree/NewArrayTree
instanceKlass com/sun/source/tree/ThrowTree
instanceKlass com/sun/source/tree/AssertTree
instanceKlass com/sun/source/tree/ReturnTree
instanceKlass com/sun/source/tree/NewClassTree
instanceKlass com/sun/source/tree/TypeCastTree
instanceKlass com/sun/source/tree/BinaryTree
instanceKlass com/sun/source/tree/CaseTree
instanceKlass com/sun/source/tree/SwitchTree
instanceKlass com/sun/source/tree/ContinueTree
instanceKlass com/sun/source/tree/ForLoopTree
instanceKlass com/sun/source/tree/TryTree
instanceKlass com/sun/source/tree/SynchronizedTree
instanceKlass com/sun/source/tree/BreakTree
instanceKlass com/sun/source/tree/IfTree
instanceKlass com/sun/source/tree/CatchTree
instanceKlass com/sun/source/tree/ImportTree
instanceKlass com/sun/source/tree/WhileLoopTree
instanceKlass com/sun/source/tree/BlockTree
instanceKlass com/sun/source/tree/PrimitiveTypeTree
instanceKlass com/sun/source/tree/MemberReferenceTree
instanceKlass com/sun/source/tree/GuardedPatternTree
instanceKlass com/sun/source/tree/PatternTree
instanceKlass com/sun/source/tree/UnionTypeTree
instanceKlass com/sun/source/tree/ParameterizedTypeTree
instanceKlass com/sun/source/tree/MemberSelectTree
instanceKlass com/sun/source/tree/IdentifierTree
instanceKlass com/sun/source/tree/ArrayTypeTree
instanceKlass com/sun/source/tree/ArrayAccessTree
instanceKlass com/sun/source/tree/ConditionalExpressionTree
instanceKlass com/sun/source/tree/InstanceOfTree
instanceKlass com/sun/source/tree/CompoundAssignmentTree
instanceKlass com/sun/source/tree/ExpressionStatementTree
instanceKlass com/sun/source/tree/ParenthesizedTree
instanceKlass com/sun/source/tree/MethodInvocationTree
instanceKlass com/sun/source/tree/AssignmentTree
instanceKlass com/sun/source/tree/LambdaExpressionTree
instanceKlass com/sun/source/tree/LabeledStatementTree
instanceKlass com/sun/source/tree/EmptyStatementTree
instanceKlass com/sun/source/tree/MethodTree
instanceKlass com/sun/source/tree/ModuleTree
instanceKlass com/sun/source/tree/DoWhileLoopTree
instanceKlass com/sun/source/tree/ClassTree
instanceKlass com/sun/source/tree/PackageTree
instanceKlass com/sun/source/tree/EnhancedForLoopTree
instanceKlass com/sun/source/tree/VariableTree
instanceKlass com/sun/source/tree/StatementTree
instanceKlass com/sun/source/tree/AnnotationTree
instanceKlass com/sun/source/tree/IntersectionTypeTree
instanceKlass com/sun/source/tree/WildcardTree
instanceKlass javax/annotation/processing/Messager
instanceKlass javax/annotation/processing/Filer
instanceKlass com/sun/tools/javac/tree/JCTree$Visitor
instanceKlass javax/annotation/processing/RoundEnvironment
instanceKlass com/sun/tools/javac/processing/JavacProcessingEnvironment
instanceKlass javax/annotation/processing/ProcessingEnvironment
instanceKlass java/lang/invoke/MethodHandles$1
instanceKlass com/sun/tools/javac/code/Source$1
instanceKlass com/sun/tools/javac/util/Pair
instanceKlass com/sun/tools/javac/code/DeferredCompletionFailureHandler$FlipSymbolDescription
instanceKlass com/sun/tools/javac/code/DeferredCompletionFailureHandler$3
instanceKlass com/sun/tools/javac/code/DeferredCompletionFailureHandler$2
instanceKlass com/sun/tools/javac/code/Symbol$Completer
instanceKlass com/sun/tools/javac/code/DeferredCompletionFailureHandler$1
instanceKlass com/sun/tools/javac/code/DeferredCompletionFailureHandler$Handler
instanceKlass com/sun/tools/javac/code/DeferredCompletionFailureHandler
instanceKlass com/sun/tools/javac/parser/Parser
instanceKlass com/sun/tools/javac/api/JavacTaskImpl$Filter
instanceKlass com/sun/tools/javac/main/DelegatingJavaFileManager
instanceKlass jdk/internal/jrtfs/JrtFileAttributes
instanceKlass javax/tools/StandardLocation$2
instanceKlass jdk/internal/jimage/ImageReader$SharedImageReader$LocationVisitor
instanceKlass java/io/BufferedReader$1
instanceKlass jdk/nio/zipfs/ZipUtils
instanceKlass jdk/internal/jimage/ImageReader$Node
instanceKlass jdk/internal/jrtfs/SystemImage$2
instanceKlass jdk/internal/jrtfs/SystemImage
instanceKlass jdk/internal/jrtfs/JrtPath
instanceKlass com/sun/tools/javac/resources/CompilerProperties$Fragments
instanceKlass com/sun/tools/javac/platform/JDKPlatformProvider$PlatformDescriptionImpl
instanceKlass java/util/TreeMap$TreeMapSpliterator
instanceKlass jdk/nio/zipfs/ZipDirectoryStream$1
instanceKlass jdk/nio/zipfs/ZipDirectoryStream
instanceKlass jdk/nio/zipfs/ZipFileSystem$END
instanceKlass jdk/nio/zipfs/ZipConstants
instanceKlass java/nio/file/attribute/PosixFileAttributeView
instanceKlass jdk/nio/zipfs/ZipFileAttributeView
instanceKlass jdk/nio/zipfs/ZipPath
instanceKlass jdk/nio/zipfs/ZipCoder
instanceKlass sun/nio/fs/WindowsSecurity
instanceKlass sun/nio/fs/AbstractAclFileAttributeView
instanceKlass java/nio/file/attribute/AclFileAttributeView
instanceKlass java/nio/file/attribute/FileOwnerAttributeView
instanceKlass java/nio/file/attribute/PosixFilePermissions
instanceKlass jdk/nio/zipfs/ZipFileAttributes
instanceKlass jdk/nio/zipfs/ZipFileSystem$IndexNode
instanceKlass com/sun/tools/javac/platform/PlatformDescription
instanceKlass com/sun/tools/javac/platform/JDKPlatformProvider
instanceKlass com/sun/tools/javac/platform/PlatformProvider
instanceKlass com/sun/tools/javac/platform/PlatformUtils
instanceKlass com/sun/tools/javac/main/Arguments$ErrorReporter
instanceKlass sun/security/util/ManifestEntryVerifier
instanceKlass java/util/AbstractMap$SimpleEntry
instanceKlass jdk/internal/jimage/ImageBufferCache$2
instanceKlass jdk/internal/jimage/ImageBufferCache
instanceKlass java/nio/file/FileStore
instanceKlass java/nio/channels/AsynchronousFileChannel
instanceKlass java/nio/channels/AsynchronousChannel
instanceKlass java/nio/file/spi/FileSystemProvider$1
instanceKlass com/sun/tools/javac/util/StringUtils
instanceKlass com/sun/tools/javac/file/BaseFileManager$3
instanceKlass com/sun/tools/doclint/DocLint$1
instanceKlass com/sun/source/tree/CompilationUnitTree
instanceKlass com/sun/source/util/TreePath
instanceKlass javax/lang/model/util/Types
instanceKlass javax/lang/model/util/Elements
instanceKlass com/sun/source/util/Trees
instanceKlass com/sun/source/util/TreeScanner
instanceKlass com/sun/source/tree/TreeVisitor
instanceKlass java/util/ServiceLoader$ProviderSpliterator
instanceKlass com/sun/tools/doclint/DocLint
instanceKlass com/sun/source/util/Plugin
instanceKlass com/sun/tools/javac/util/ListBuffer$1
instanceKlass com/sun/tools/javac/main/Arguments
instanceKlass com/sun/tools/javac/api/ClientCodeWrapper$WrappedDiagnosticListener
instanceKlass com/sun/tools/javac/api/ClientCodeWrapper$Trusted
instanceKlass com/sun/source/util/TaskListener
instanceKlass com/sun/tools/javac/api/ClientCodeWrapper
instanceKlass com/sun/tools/javac/file/PathFileObject
instanceKlass com/sun/tools/javac/util/JCDiagnostic
instanceKlass javax/lang/model/type/ExecutableType
instanceKlass javax/lang/model/type/TypeVariable
instanceKlass javax/lang/model/type/NoType
instanceKlass javax/lang/model/element/VariableElement
instanceKlass javax/lang/model/type/ArrayType
instanceKlass javax/lang/model/type/ErrorType
instanceKlass com/sun/tools/javac/jvm/PoolConstant$LoadableConstant
instanceKlass javax/lang/model/type/DeclaredType
instanceKlass javax/lang/model/type/ReferenceType
instanceKlass javax/lang/model/type/WildcardType
instanceKlass javax/lang/model/type/TypeMirror
instanceKlass javax/lang/model/element/ExecutableElement
instanceKlass javax/lang/model/element/Parameterizable
instanceKlass com/sun/tools/javac/code/AnnoConstruct
instanceKlass javax/lang/model/element/Element
instanceKlass javax/lang/model/AnnotatedConstruct
instanceKlass com/sun/tools/javac/jvm/PoolConstant
instanceKlass com/sun/tools/javac/util/AbstractDiagnosticFormatter$SimpleConfiguration
instanceKlass com/sun/source/tree/ExpressionTree
instanceKlass com/sun/source/tree/CaseLabelTree
instanceKlass com/sun/tools/javac/tree/JCTree
instanceKlass com/sun/source/tree/Tree
instanceKlass com/sun/tools/javac/code/Printer
instanceKlass com/sun/tools/javac/code/Symbol$Visitor
instanceKlass com/sun/tools/javac/code/Type$Visitor
instanceKlass com/sun/tools/javac/api/DiagnosticFormatter$Configuration
instanceKlass com/sun/tools/javac/util/AbstractDiagnosticFormatter
instanceKlass com/sun/tools/javac/util/Options
instanceKlass java/util/ResourceBundle$3
instanceKlass java/util/ResourceBundle$CacheKeyReference
instanceKlass java/util/ResourceBundle$CacheKey
instanceKlass com/sun/tools/javac/util/List$3
instanceKlass com/sun/tools/javac/util/JavacMessages$ResourceBundleHelper
instanceKlass com/sun/tools/javac/util/List$2
instanceKlass com/sun/tools/javac/util/JavacMessages
instanceKlass com/sun/tools/javac/api/Messages
instanceKlass com/sun/tools/javac/util/JCDiagnostic$DiagnosticInfo
instanceKlass com/sun/tools/javac/util/JCDiagnostic$Factory
instanceKlass java/util/JumboEnumSet$EnumSetIterator
instanceKlass com/sun/tools/javac/file/Locations$ModuleTable
instanceKlass javax/tools/StandardJavaFileManager$PathFactory
instanceKlass com/sun/tools/javac/file/Locations$LocationHandler
instanceKlass com/sun/tools/javac/file/Locations
instanceKlass com/sun/tools/javac/file/BaseFileManager$ByteBufferCache
instanceKlass com/sun/tools/javac/file/JavacFileManager$1
instanceKlass com/sun/tools/javac/code/Lint
instanceKlass com/sun/tools/javac/util/Assert
instanceKlass com/sun/tools/javac/file/JavacFileManager$Container
instanceKlass com/sun/tools/javac/file/RelativePath
instanceKlass javax/tools/JavaFileObject
instanceKlass javax/tools/JavaFileManager$Location
instanceKlass javax/tools/FileObject
instanceKlass com/sun/tools/javac/main/OptionHelper
instanceKlass com/sun/tools/javac/file/FSInfo
instanceKlass com/sun/tools/javac/api/DiagnosticFormatter
instanceKlass com/sun/tools/javac/util/Log$DiagnosticHandler
instanceKlass com/sun/tools/javac/util/JCDiagnostic$DiagnosticPosition
instanceKlass com/sun/tools/javac/util/AbstractLog
instanceKlass com/sun/tools/javac/util/Context$Factory
instanceKlass com/sun/tools/javac/util/Context$Key
instanceKlass javax/tools/DiagnosticCollector
instanceKlass org/codehaus/plexus/compiler/javac/JavaxToolsCompiler$1
instanceKlass org/codehaus/plexus/util/StringUtils
instanceKlass org/apache/maven/shared/utils/io/SelectorUtils
instanceKlass org/apache/maven/shared/utils/io/MatchPattern
instanceKlass org/apache/maven/shared/utils/io/MatchPatterns
instanceKlass org/apache/maven/shared/utils/io/DirectoryScanner
instanceKlass org/apache/maven/shared/utils/io/FileUtils
instanceKlass java/util/Collections$ReverseComparator
instanceKlass java/nio/file/FileTreeWalker$Event
instanceKlass java/nio/file/FileTreeWalker$DirectoryNode
instanceKlass java/nio/file/FileTreeWalker
instanceKlass java/nio/file/FileTreeIterator
instanceKlass org/apache/maven/shared/utils/StringUtils
instanceKlass org/apache/maven/shared/utils/logging/AnsiMessageBuilder
instanceKlass org/apache/maven/shared/utils/logging/LoggerLevelRenderer
instanceKlass org/apache/maven/shared/utils/logging/MessageUtils
instanceKlass org/apache/maven/plugin/compiler/DeltaList
instanceKlass java/nio/file/attribute/FileTime$1
instanceKlass org/codehaus/plexus/util/io/InputStreamFacade
instanceKlass org/codehaus/plexus/util/BaseFileUtils
instanceKlass org/apache/maven/shared/incremental/IncrementalBuildHelperRequest
instanceKlass org/codehaus/plexus/util/SelectorUtils
instanceKlass org/codehaus/plexus/util/MatchPatterns
instanceKlass org/codehaus/plexus/util/MatchPattern
instanceKlass org/codehaus/plexus/util/AbstractScanner
instanceKlass org/codehaus/plexus/util/Scanner
instanceKlass org/codehaus/plexus/compiler/util/scan/mapping/SuffixMapping
instanceKlass org/codehaus/plexus/compiler/util/scan/AbstractSourceInclusionScanner
instanceKlass org/apache/maven/project/MavenProject$LoggingList$1
instanceKlass com/sun/tools/javac/file/BaseFileManager
instanceKlass com/sun/tools/javac/util/Context
instanceKlass javax/tools/StandardJavaFileManager
instanceKlass com/sun/source/util/JavacTask
instanceKlass javax/tools/JavaCompiler$CompilationTask
instanceKlass com/sun/tools/javac/api/JavacTool
instanceKlass javax/tools/ToolProvider
instanceKlass java/util/concurrent/ConcurrentLinkedDeque$Node
instanceKlass org/codehaus/plexus/compiler/PlexusLoggerWrapper
instanceKlass org/eclipse/sisu/wire/ProviderIterableAdapter$ProviderEntry
instanceKlass org/eclipse/sisu/wire/ProviderIterableAdapter$ProviderIterator
instanceKlass org/eclipse/sisu/wire/ProviderIterableAdapter
instanceKlass org/apache/maven/toolchain/DefaultToolchainManager$$FastClassByGuice$$196983312
instanceKlass org/apache/maven/plugin/compiler/CompilerMojo$$FastClassByGuice$$195640840
instanceKlass org/codehaus/plexus/compiler/javac/JavaxToolsCompiler$$FastClassByGuice$$194356664
instanceKlass org/codehaus/plexus/compiler/javac/JavacCompiler$$FastClassByGuice$$193261832
instanceKlass org/codehaus/plexus/compiler/manager/DefaultCompilerManager$$FastClassByGuice$$192239165
instanceKlass org/codehaus/plexus/languages/java/jpms/LocationManager$$FastClassByGuice$$190940459
instanceKlass org/eclipse/sisu/wire/BeanProviders$2
instanceKlass javax/tools/Diagnostic
instanceKlass javax/tools/JavaCompiler
instanceKlass javax/tools/Tool
instanceKlass javax/tools/JavaFileManager
instanceKlass javax/tools/OptionChecker
instanceKlass javax/tools/DiagnosticListener
instanceKlass org/codehaus/plexus/compiler/CompilerMessage
instanceKlass org/codehaus/plexus/util/cli/StreamConsumer
instanceKlass org/codehaus/plexus/compiler/CompilerOutputStyle
instanceKlass org/codehaus/plexus/languages/java/jpms/ResolvePathRequest
instanceKlass org/codehaus/plexus/languages/java/jpms/ResolvePathsRequest
instanceKlass org/codehaus/plexus/languages/java/jpms/ResolvePathResult
instanceKlass org/codehaus/plexus/languages/java/jpms/ManifestModuleNameExtractor
instanceKlass org/codehaus/plexus/languages/java/jpms/SourceModuleInfoParser
instanceKlass org/codehaus/plexus/languages/java/jpms/ModuleNameExtractor
instanceKlass org/codehaus/plexus/languages/java/jpms/ModuleInfoParser
instanceKlass org/codehaus/plexus/languages/java/jpms/JavaModuleDescriptor
instanceKlass org/codehaus/plexus/languages/java/jpms/ResolvePathsResult
instanceKlass org/apache/maven/shared/utils/logging/MessageBuilder
instanceKlass org/codehaus/plexus/compiler/util/scan/SourceInclusionScanner
instanceKlass org/codehaus/plexus/compiler/CompilerConfiguration
instanceKlass org/codehaus/plexus/compiler/CompilerResult
instanceKlass org/apache/maven/shared/incremental/IncrementalBuildHelper
instanceKlass org/apache/maven/plugin/compiler/DependencyCoordinate
instanceKlass java/time/Instant
instanceKlass org/codehaus/plexus/compiler/util/scan/mapping/SourceMapping
instanceKlass org/codehaus/plexus/compiler/javac/JavaxToolsCompiler
instanceKlass org/codehaus/plexus/compiler/javac/InProcessCompiler
instanceKlass org/codehaus/plexus/compiler/AbstractCompiler
instanceKlass org/codehaus/plexus/compiler/Compiler
instanceKlass org/codehaus/plexus/compiler/manager/DefaultCompilerManager
instanceKlass org/codehaus/plexus/compiler/manager/CompilerManager
instanceKlass org/codehaus/plexus/languages/java/jpms/LocationManager
instanceKlass org/apache/maven/utils/Os
instanceKlass org/apache/maven/artifact/resolver/filter/AbstractScopeArtifactFilter
instanceKlass sun/nio/fs/WindowsFileCopy
instanceKlass org/sonatype/plexus/build/incremental/EmptyScanner
instanceKlass java/nio/file/attribute/PosixFileAttributes
instanceKlass org/apache/commons/io/IOUtils
instanceKlass org/codehaus/plexus/interpolation/PrefixAwareRecursionInterceptor
instanceKlass org/codehaus/plexus/interpolation/SimpleRecursionInterceptor
instanceKlass org/codehaus/plexus/interpolation/InterpolationPostProcessor
instanceKlass org/codehaus/plexus/interpolation/SingleResponseValueSource
instanceKlass org/codehaus/plexus/interpolation/PrefixedValueSourceWrapper
instanceKlass org/codehaus/plexus/interpolation/FeedbackEnabledValueSource
instanceKlass org/codehaus/plexus/interpolation/AbstractDelegatingValueSource
instanceKlass org/codehaus/plexus/interpolation/QueryEnabledValueSource
instanceKlass org/codehaus/plexus/interpolation/multi/DelimiterSpecification
instanceKlass org/codehaus/plexus/interpolation/multi/MultiDelimiterStringSearchInterpolator
instanceKlass org/apache/maven/shared/filtering/FilteringUtils
instanceKlass org/apache/commons/io/FilenameUtils
instanceKlass org/codehaus/plexus/util/SelectorUtils
instanceKlass org/codehaus/plexus/util/MatchPatterns
instanceKlass org/codehaus/plexus/util/MatchPattern
instanceKlass org/codehaus/plexus/util/AbstractScanner
instanceKlass org/codehaus/plexus/interpolation/RecursionInterceptor
instanceKlass org/codehaus/plexus/interpolation/AbstractValueSource
instanceKlass org/apache/maven/plugins/resources/MavenBuildTimestamp
instanceKlass org/apache/maven/shared/filtering/FilterWrapper
instanceKlass java/lang/Character$Subset
instanceKlass org/apache/commons/lang3/StringUtils
instanceKlass org/eclipse/sisu/plexus/TypeArguments
instanceKlass org/sonatype/plexus/build/incremental/DefaultBuildContext$$FastClassByGuice$$190447325
instanceKlass org/apache/maven/plugins/resources/ResourcesMojo$$FastClassByGuice$$188920105
instanceKlass org/apache/maven/shared/filtering/DefaultMavenResourcesFiltering$$FastClassByGuice$$188187917
instanceKlass org/apache/maven/shared/filtering/DefaultMavenReaderFilter$$FastClassByGuice$$187280102
instanceKlass org/apache/maven/shared/filtering/DefaultMavenFileFilter$$FastClassByGuice$$186346579
instanceKlass org/codehaus/plexus/interpolation/Interpolator
instanceKlass org/codehaus/plexus/interpolation/BasicInterpolator
instanceKlass org/codehaus/plexus/interpolation/ValueSource
instanceKlass org/codehaus/plexus/util/Scanner
instanceKlass org/apache/maven/shared/filtering/AbstractMavenFilteringRequest
instanceKlass org/apache/maven/shared/filtering/DefaultMavenResourcesFiltering
instanceKlass org/apache/maven/shared/filtering/MavenResourcesFiltering
instanceKlass org/apache/maven/shared/filtering/MavenReaderFilter
instanceKlass org/apache/maven/shared/filtering/BaseFilter
instanceKlass org/apache/maven/shared/filtering/MavenFileFilter
instanceKlass org/apache/maven/shared/filtering/DefaultFilterInfo
instanceKlass org/sonatype/plexus/build/incremental/BuildContext
instanceKlass org/eclipse/sisu/plexus/ComponentDescriptorBeanModule$ComponentMetadata
instanceKlass sun/nio/fs/BasicFileAttributesHolder
instanceKlass sun/nio/fs/WindowsDirectoryStream$WindowsDirectoryIterator
instanceKlass sun/nio/fs/WindowsDirectoryStream
instanceKlass java/nio/file/DirectoryStream
instanceKlass java/nio/file/Files$AcceptAllFilter
instanceKlass java/nio/file/DirectoryStream$Filter
instanceKlass org/apache/maven/plugins/clean/Cleaner$Result
instanceKlass org/codehaus/plexus/util/Os
instanceKlass org/apache/maven/plugins/clean/Cleaner
instanceKlass org/eclipse/sisu/plexus/CompositeBeanHelper$1
instanceKlass org/codehaus/plexus/util/introspection/MethodMap
instanceKlass org/codehaus/plexus/util/introspection/ClassMap$CacheMiss
instanceKlass org/codehaus/plexus/util/introspection/ClassMap
instanceKlass org/codehaus/plexus/util/introspection/ReflectionValueExtractor$Tokenizer
instanceKlass org/codehaus/plexus/util/introspection/ReflectionValueExtractor
instanceKlass org/eclipse/sisu/plexus/CompositeBeanHelper
instanceKlass org/apache/maven/plugin/internal/ValidatingConfigurationListener
instanceKlass org/apache/maven/plugin/DebugConfigurationListener
instanceKlass org/eclipse/sisu/inject/MildKeys
instanceKlass java/time/LocalTime
instanceKlass java/time/LocalDate
instanceKlass java/time/chrono/ChronoLocalDate
instanceKlass java/time/zone/ZoneOffsetTransition
instanceKlass java/time/LocalDateTime
instanceKlass java/time/chrono/ChronoLocalDateTime
instanceKlass java/time/temporal/TemporalAdjuster
instanceKlass java/time/zone/ZoneOffsetTransitionRule
instanceKlass java/time/zone/ZoneRules
instanceKlass java/time/zone/Ser
instanceKlass java/io/Externalizable
instanceKlass java/time/zone/ZoneRulesProvider$1
instanceKlass java/time/zone/ZoneRulesProvider
instanceKlass java/time/Period
instanceKlass java/time/chrono/ChronoPeriod
instanceKlass java/time/format/DateTimeFormatterBuilder$TextPrinterParser
instanceKlass java/time/format/DateTimeTextProvider$1
instanceKlass java/time/format/DateTimeTextProvider
instanceKlass java/time/format/DateTimeTextProvider$LocaleStore
instanceKlass java/time/format/DateTimeFormatterBuilder$InstantPrinterParser
instanceKlass java/time/format/DateTimeFormatterBuilder$StringLiteralPrinterParser
instanceKlass java/time/format/DateTimeFormatterBuilder$ZoneIdPrinterParser
instanceKlass java/time/format/DateTimeFormatterBuilder$OffsetIdPrinterParser
instanceKlass java/time/format/DecimalStyle
instanceKlass java/time/format/DateTimeFormatterBuilder$CompositePrinterParser
instanceKlass java/time/chrono/AbstractChronology
instanceKlass java/time/chrono/Chronology
instanceKlass java/time/format/DateTimeFormatterBuilder$CharLiteralPrinterParser
instanceKlass java/time/format/DateTimeFormatterBuilder$NumberPrinterParser
instanceKlass java/time/format/DateTimeFormatterBuilder$DateTimePrinterParser
instanceKlass java/time/temporal/JulianFields
instanceKlass java/time/temporal/IsoFields
instanceKlass java/time/temporal/ValueRange
instanceKlass java/time/temporal/TemporalField
instanceKlass java/time/ZoneId
instanceKlass java/time/temporal/TemporalQuery
instanceKlass java/time/format/DateTimeFormatterBuilder
instanceKlass java/time/format/DateTimeFormatter
instanceKlass java/time/temporal/Temporal
instanceKlass java/time/temporal/TemporalAccessor
instanceKlass org/codehaus/plexus/component/configurator/converters/ParameterizedConfigurationConverter
instanceKlass org/codehaus/plexus/component/configurator/converters/AbstractConfigurationConverter
instanceKlass org/codehaus/plexus/component/configurator/converters/ConfigurationConverter
instanceKlass org/codehaus/plexus/component/configurator/converters/lookup/DefaultConverterLookup
instanceKlass org/codehaus/plexus/component/configurator/expression/DefaultExpressionEvaluator
instanceKlass org/apache/maven/plugin/PluginParameterExpressionEvaluator
instanceKlass org/codehaus/plexus/component/configurator/expression/TypeAwareExpressionEvaluator
instanceKlass org/apache/maven/monitor/logging/DefaultLog
instanceKlass org/apache/maven/plugins/clean/CleanMojo$$FastClassByGuice$$184983083
instanceKlass com/google/inject/internal/Messages$Converter
instanceKlass com/google/inject/internal/Messages
instanceKlass org/apache/maven/plugins/clean/Fileset
instanceKlass org/apache/maven/plugins/clean/Selector
instanceKlass org/w3c/dom/Document
instanceKlass org/w3c/dom/Element
instanceKlass org/w3c/dom/Node
instanceKlass java/security/CodeSigner
instanceKlass java/util/jar/JarVerifier
instanceKlass org/eclipse/sisu/space/FileEntryIterator
instanceKlass org/eclipse/sisu/space/ResourceEnumeration
instanceKlass org/eclipse/sisu/plexus/ComponentDescriptorBeanModule$PlexusDescriptorBeanSource
instanceKlass org/apache/maven/plugin/AbstractMojo
instanceKlass org/apache/maven/plugin/ContextEnabled
instanceKlass org/apache/maven/plugin/Mojo
instanceKlass org/eclipse/sisu/plexus/ComponentDescriptorBeanModule
instanceKlass org/apache/maven/classrealm/ArtifactClassRealmConstituent
instanceKlass org/apache/maven/plugin/internal/WagonExcluder
instanceKlass org/apache/maven/plugin/CacheUtils
instanceKlass org/apache/maven/plugin/DefaultPluginRealmCache$CacheKey
instanceKlass java/lang/Character$CharacterCache
instanceKlass org/eclipse/aether/util/graph/visitor/TreeDependencyVisitor
instanceKlass org/eclipse/aether/util/graph/visitor/FilteringDependencyVisitor
instanceKlass org/eclipse/aether/internal/impl/ArtifactRequestBuilder
instanceKlass org/eclipse/aether/util/graph/transformer/NearestVersionSelector$ConflictGroup
instanceKlass org/eclipse/aether/util/graph/transformer/ConflictResolver$ConflictItem
instanceKlass org/eclipse/aether/util/graph/transformer/ConflictResolver$NodeInfo
instanceKlass org/eclipse/aether/util/graph/transformer/ConflictResolver$ScopeContext
instanceKlass org/eclipse/aether/util/graph/transformer/ConflictResolver$ConflictContext
instanceKlass org/eclipse/aether/util/graph/transformer/ConflictResolver$State
instanceKlass org/eclipse/aether/util/graph/transformer/ConflictIdSorter$RootQueue
instanceKlass org/eclipse/aether/util/graph/transformer/ConflictIdSorter$ConflictId
instanceKlass org/eclipse/aether/util/graph/transformer/ConflictMarker$ConflictGroup
instanceKlass org/eclipse/aether/util/graph/transformer/ConflictMarker$Key
instanceKlass org/eclipse/aether/util/graph/transformer/ConflictMarker
instanceKlass org/eclipse/aether/util/graph/transformer/ConflictIdSorter
instanceKlass org/eclipse/aether/util/graph/transformer/TransformationContextKeys
instanceKlass org/eclipse/aether/internal/impl/collect/DefaultDependencyGraphTransformationContext
instanceKlass org/eclipse/aether/util/graph/selector/ExclusionDependencySelector$ExclusionComparator
instanceKlass org/apache/maven/model/merge/ModelMerger$NotifierKeyComputer
instanceKlass org/apache/maven/artifact/handler/DefaultArtifactHandler$__sisu12$$FastClassByGuice$$183920045
instanceKlass org/eclipse/aether/collection/DependencyManagement
instanceKlass org/eclipse/aether/internal/impl/collect/DataPool$GraphKey
instanceKlass org/eclipse/aether/internal/impl/collect/DefaultDependencyCycle
instanceKlass org/eclipse/aether/internal/impl/collect/DataPool$Descriptor
instanceKlass org/eclipse/aether/internal/impl/collect/DataPool$DescriptorKey
instanceKlass org/eclipse/aether/internal/impl/collect/DataPool$Constraint$VersionRepo
instanceKlass org/eclipse/aether/internal/impl/collect/DataPool$Constraint
instanceKlass org/eclipse/aether/internal/impl/collect/DataPool$ConstraintKey
instanceKlass org/eclipse/aether/internal/impl/collect/CollectStepDataImpl
instanceKlass org/eclipse/aether/collection/CollectStepData
instanceKlass org/eclipse/aether/graph/Dependency$Exclusions$1
instanceKlass org/eclipse/aether/util/graph/manager/ClassicDependencyManager$Key
instanceKlass org/eclipse/aether/internal/impl/collect/df/NodeStack
instanceKlass org/eclipse/aether/graph/DependencyCycle
instanceKlass org/eclipse/aether/internal/impl/collect/DataPool$HardInternPool
instanceKlass org/eclipse/aether/internal/impl/collect/DataPool$WeakInternPool
instanceKlass org/eclipse/aether/internal/impl/collect/DataPool$InternPool
instanceKlass org/eclipse/aether/internal/impl/collect/CachingArtifactTypeRegistry
instanceKlass org/apache/maven/artifact/handler/DefaultArtifactHandler$__sisu16$$FastClassByGuice$$183453165
instanceKlass org/eclipse/aether/util/artifact/ArtifactIdUtils
instanceKlass org/apache/maven/project/DefaultDependencyResolutionRequest
instanceKlass org/apache/maven/lifecycle/internal/LifecycleDependencyResolver$ReactorDependencyFilter
instanceKlass org/eclipse/aether/util/filter/AndDependencyFilter
instanceKlass org/eclipse/aether/util/filter/ScopeDependencyFilter
instanceKlass org/apache/maven/project/artifact/DefaultProjectArtifactsCache$CacheKey
instanceKlass org/apache/maven/artifact/resolver/filter/ExclusionArtifactFilter
instanceKlass org/apache/maven/lifecycle/internal/MojoExecutor$ProjectLock
instanceKlass org/apache/maven/lifecycle/internal/MojoExecutor$1
instanceKlass org/apache/maven/lifecycle/internal/ExecutionPlanItem
instanceKlass org/codehaus/plexus/component/repository/ComponentRequirement
instanceKlass org/apache/maven/lifecycle/internal/DefaultMojoExecutionConfigurator$$FastClassByGuice$$182025736
instanceKlass org/codehaus/plexus/component/repository/ComponentDependency
instanceKlass org/apache/maven/model/Notifier
instanceKlass org/apache/maven/plugin/MavenPluginValidator
instanceKlass org/codehaus/plexus/configuration/DefaultPlexusConfiguration
instanceKlass java/util/stream/MatchOps$BooleanTerminalSink
instanceKlass java/util/stream/MatchOps$MatchOp
instanceKlass java/util/stream/MatchOps
instanceKlass org/apache/maven/model/io/xpp3/MavenXpp3Reader$1
instanceKlass org/apache/maven/model/io/xpp3/MavenXpp3Reader$ContentTransformer
instanceKlass org/apache/maven/model/io/xpp3/MavenXpp3Reader
instanceKlass org/apache/maven/repository/internal/DefaultModelResolver
instanceKlass org/apache/maven/plugin/DefaultPluginDescriptorCache$CacheKey
instanceKlass org/apache/maven/lifecycle/internal/GoalTask
instanceKlass org/apache/maven/execution/ProjectExecutionEvent
instanceKlass org/apache/maven/lifecycle/internal/CompoundProjectExecutionListener
instanceKlass org/apache/maven/lifecycle/internal/DefaultLifecycleMappingDelegate$$FastClassByGuice$$180615919
instanceKlass org/apache/maven/lifecycle/internal/DefaultLifecycleExecutionPlanCalculator$$FastClassByGuice$$179324440
instanceKlass org/apache/maven/project/artifact/DefaultProjectArtifactsCache$$FastClassByGuice$$178971912
instanceKlass org/apache/maven/artifact/factory/DefaultArtifactFactory$$FastClassByGuice$$177258833
instanceKlass org/apache/maven/lifecycle/internal/builder/singlethreaded/SingleThreadedBuilder$$FastClassByGuice$$176841050
instanceKlass org/apache/maven/graph/DefaultProjectDependencyGraph$MavenProjectComparator
instanceKlass org/apache/maven/graph/FilteredProjectDependencyGraph$Key
instanceKlass org/apache/maven/lifecycle/internal/LifecycleTask
instanceKlass org/apache/maven/graph/FilteredProjectDependencyGraph
instanceKlass org/apache/maven/internal/aether/MavenChainedWorkspaceReader
instanceKlass org/codehaus/plexus/util/dag/TopologicalSorter
instanceKlass org/codehaus/plexus/util/dag/Vertex
instanceKlass org/codehaus/plexus/util/dag/DAG
instanceKlass org/apache/maven/project/ProjectSorter
instanceKlass org/apache/maven/graph/DefaultProjectDependencyGraph
instanceKlass org/apache/maven/project/DefaultProjectBuildingResult
instanceKlass org/apache/maven/lifecycle/mapping/DefaultLifecycleMapping$$FastClassByGuice$$175208405
instanceKlass org/apache/maven/model/Site
instanceKlass java/util/stream/Streams$RangeIntSpliterator
instanceKlass org/apache/maven/lifecycle/Lifecycle$__sisu7$$FastClassByGuice$$174885668
instanceKlass org/apache/maven/lifecycle/Lifecycle$__sisu8$$FastClassByGuice$$173251208
instanceKlass org/apache/maven/lifecycle/mapping/LifecycleMojo
instanceKlass org/apache/maven/lifecycle/mapping/DefaultLifecycleMapping$__sisu1$$FastClassByGuice$$172566830
instanceKlass org/apache/maven/lifecycle/mapping/Lifecycle
instanceKlass org/apache/maven/model/building/DefaultModelBuildingEvent
instanceKlass org/apache/maven/model/building/ModelBuildingEventCatapult$1
instanceKlass org/apache/maven/project/DefaultProjectBuilder$InterimResult
instanceKlass org/apache/maven/artifact/handler/DefaultArtifactHandler$__sisu13$$FastClassByGuice$$171878413
instanceKlass org/apache/maven/artifact/versioning/Restriction
instanceKlass org/apache/maven/artifact/handler/DefaultArtifactHandler$__sisu9$$FastClassByGuice$$169875079
instanceKlass org/apache/maven/artifact/versioning/ComparableVersion$StringItem
instanceKlass org/apache/maven/artifact/ArtifactUtils
instanceKlass org/apache/maven/artifact/DefaultArtifact
instanceKlass org/apache/maven/artifact/handler/DefaultArtifactHandler$$FastClassByGuice$$169043896
instanceKlass org/apache/maven/artifact/versioning/ComparableVersion$IntItem
instanceKlass org/apache/maven/artifact/versioning/ComparableVersion$Item
instanceKlass org/apache/maven/artifact/versioning/ComparableVersion
instanceKlass org/apache/maven/artifact/versioning/DefaultArtifactVersion
instanceKlass org/apache/maven/repository/internal/ArtifactDescriptorUtils
instanceKlass org/apache/maven/model/Extension
instanceKlass org/codehaus/plexus/interpolation/util/StringUtils
instanceKlass org/apache/maven/model/DistributionManagement
instanceKlass org/apache/maven/model/Prerequisites
instanceKlass org/apache/maven/model/Organization
instanceKlass org/apache/maven/model/MailingList
instanceKlass org/apache/maven/model/CiManagement
instanceKlass org/codehaus/plexus/interpolation/reflection/MethodMap
instanceKlass org/codehaus/plexus/interpolation/reflection/ClassMap$CacheMiss
instanceKlass org/codehaus/plexus/interpolation/reflection/ClassMap
instanceKlass org/codehaus/plexus/interpolation/reflection/ReflectionValueExtractor$Tokenizer
instanceKlass org/codehaus/plexus/interpolation/reflection/ReflectionValueExtractor
instanceKlass org/codehaus/plexus/interpolation/util/ValueSourceUtils
instanceKlass org/apache/maven/model/interpolation/StringVisitorModelInterpolator$ModelVisitor
instanceKlass org/apache/maven/model/interpolation/StringVisitorModelInterpolator$1
instanceKlass org/codehaus/plexus/interpolation/PrefixAwareRecursionInterceptor
instanceKlass org/apache/maven/model/interpolation/UrlNormalizingPostProcessor
instanceKlass org/apache/maven/model/interpolation/PathTranslatingPostProcessor
instanceKlass java/text/DontCareFieldPosition$1
instanceKlass java/text/Format$FieldDelegate
instanceKlass sun/util/resources/Bundles$2
instanceKlass sun/util/resources/LocaleData$LocaleDataResourceBundleProvider
instanceKlass java/util/spi/ResourceBundleProvider
instanceKlass org/apache/maven/model/interpolation/MavenBuildTimestamp
instanceKlass org/apache/maven/model/interpolation/ProblemDetectingValueSource
instanceKlass org/codehaus/plexus/interpolation/PrefixedValueSourceWrapper
instanceKlass org/codehaus/plexus/interpolation/FeedbackEnabledValueSource
instanceKlass org/codehaus/plexus/interpolation/AbstractDelegatingValueSource
instanceKlass org/codehaus/plexus/interpolation/QueryEnabledValueSource
instanceKlass org/apache/maven/model/merge/ModelMerger$ExtensionKeyComputer
instanceKlass org/apache/maven/model/merge/ModelMerger$ResourceKeyComputer
instanceKlass org/apache/maven/model/merge/ModelMerger$SourceDominant
instanceKlass org/apache/maven/model/merge/ModelMerger$DependencyKeyComputer
instanceKlass java/lang/invoke/MethodHandle$1
instanceKlass org/apache/maven/model/building/DefaultModelBuilder$InterpolateString
instanceKlass org/apache/maven/model/building/DefaultModelBuilder$1Interpolation
instanceKlass org/apache/maven/model/Exclusion
instanceKlass org/apache/maven/model/DependencyManagement
instanceKlass org/apache/maven/model/IssueManagement
instanceKlass org/apache/maven/model/Scm
instanceKlass org/apache/maven/model/License
instanceKlass org/apache/maven/model/building/FilterModelBuildingRequest
instanceKlass java/util/AbstractMap$2$1
instanceKlass java/nio/channels/spi/AbstractInterruptibleChannel$1
instanceKlass sun/nio/ch/Interruptible
instanceKlass sun/nio/ch/FileKey
instanceKlass sun/nio/ch/FileLockTable
instanceKlass sun/nio/fs/WindowsChannelFactory$2
instanceKlass sun/nio/fs/WindowsFileSystemProvider$1
instanceKlass org/eclipse/aether/repository/LocalArtifactRequest
instanceKlass org/apache/maven/repository/internal/DefaultVersionResolver$Key
instanceKlass org/eclipse/aether/internal/impl/DefaultRepositoryEventDispatcher$1
instanceKlass org/eclipse/aether/RepositoryEvent$Builder
instanceKlass org/eclipse/aether/internal/impl/filter/PrefixesRemoteRepositoryFilterSource$1
instanceKlass org/eclipse/aether/internal/impl/filter/RemoteRepositoryFilterSourceSupport$SimpleResult
instanceKlass org/eclipse/aether/named/support/Retry$DoNotRetry
instanceKlass org/eclipse/aether/internal/impl/synccontext/named/NamedLockFactoryAdapter$AdaptedLockSyncContext
instanceKlass org/eclipse/aether/internal/impl/synccontext/named/GAVNameMapper
instanceKlass org/eclipse/aether/internal/impl/synccontext/named/NameMappers
instanceKlass org/eclipse/sisu/wire/NamedIterableAdapter$NamedEntry
instanceKlass org/eclipse/sisu/wire/NamedIterableAdapter$NamedIterator
instanceKlass org/apache/maven/project/ReactorModelPool$CacheKey
instanceKlass org/eclipse/aether/util/version/GenericVersion$Item
instanceKlass org/eclipse/aether/util/version/GenericVersion$Tokenizer
instanceKlass org/eclipse/aether/util/version/GenericVersion
instanceKlass org/eclipse/aether/util/version/GenericVersionConstraint
instanceKlass org/eclipse/aether/version/VersionRange
instanceKlass org/eclipse/aether/version/VersionConstraint
instanceKlass org/eclipse/aether/util/version/GenericVersionScheme
instanceKlass org/eclipse/aether/artifact/AbstractArtifact
instanceKlass java/util/Formattable
instanceKlass java/util/Formatter$Flags
instanceKlass java/util/Formatter$FormatSpecifier
instanceKlass java/util/Formatter$Conversion
instanceKlass java/util/Formatter$FixedString
instanceKlass java/util/Formatter$FormatString
instanceKlass java/util/Formatter
instanceKlass org/apache/maven/repository/internal/DefaultModelCache$Key
instanceKlass org/apache/maven/model/building/ModelCacheTag$2
instanceKlass org/apache/maven/model/building/ModelCacheTag$1
instanceKlass java/util/Spliterators$IteratorSpliterator
instanceKlass org/apache/maven/model/building/ModelProblemUtils
instanceKlass org/apache/maven/model/io/xpp3/MavenXpp3ReaderEx$Xpp3DomBuilderInputLocationBuilder
instanceKlass org/apache/maven/model/Parent
instanceKlass org/apache/maven/model/io/xpp3/MavenXpp3ReaderEx$1
instanceKlass org/codehaus/plexus/util/xml/Xpp3DomBuilder$InputLocationBuilder
instanceKlass org/apache/maven/model/io/xpp3/MavenXpp3ReaderEx$ContentTransformer
instanceKlass org/apache/maven/model/io/xpp3/MavenXpp3ReaderEx
instanceKlass org/apache/maven/model/building/ModelSource2
instanceKlass org/apache/maven/model/building/DefaultModelBuildingResult
instanceKlass org/apache/maven/model/building/AbstractModelBuildingListener
instanceKlass org/apache/maven/project/ProjectModelResolver
instanceKlass org/apache/maven/model/building/DefaultModelBuildingRequest
instanceKlass org/apache/maven/artifact/repository/LegacyLocalRepositoryManager
instanceKlass org/apache/maven/repository/internal/DefaultModelCache
instanceKlass org/apache/maven/project/DefaultProjectBuildingRequest
instanceKlass org/apache/maven/shared/utils/logging/AnsiMessageBuilder
instanceKlass org/apache/maven/lifecycle/internal/DefaultExecutionEventCatapult$1
instanceKlass org/apache/maven/lifecycle/internal/DefaultExecutionEvent
instanceKlass org/apache/maven/AbstractMavenLifecycleParticipant
instanceKlass java/util/concurrent/atomic/AtomicReference
instanceKlass org/apache/maven/session/scope/internal/SessionScope$CachingProvider
instanceKlass org/apache/maven/settings/RuntimeInfo
instanceKlass org/eclipse/aether/internal/impl/LocalPathPrefixComposerFactorySupport$LocalPathPrefixComposerSupport
instanceKlass org/eclipse/aether/internal/impl/SimpleLocalRepositoryManager
instanceKlass java/util/ArrayList$SubList$1
instanceKlass org/eclipse/aether/internal/impl/PrioritizedComponent
instanceKlass org/eclipse/sisu/wire/EntrySetAdapter$ValueIterator
instanceKlass org/eclipse/aether/internal/impl/PrioritizedComponents
instanceKlass org/eclipse/aether/repository/RemoteRepository$Builder
instanceKlass java/net/spi/URLStreamHandlerProvider
instanceKlass java/net/URL$1
instanceKlass java/net/URL$2
instanceKlass org/eclipse/aether/util/ConfigUtils
instanceKlass org/eclipse/aether/AbstractRepositoryListener
instanceKlass org/eclipse/aether/util/repository/DefaultAuthenticationSelector
instanceKlass org/eclipse/aether/util/repository/DefaultProxySelector
instanceKlass org/eclipse/aether/util/repository/DefaultMirrorSelector$MirrorDef
instanceKlass org/eclipse/aether/util/repository/DefaultMirrorSelector
instanceKlass org/apache/maven/settings/crypto/DefaultSettingsDecryptionResult
instanceKlass org/apache/maven/settings/crypto/DefaultSettingsDecryptionRequest
instanceKlass org/apache/maven/RepositoryUtils$MavenArtifactTypeRegistry
instanceKlass org/apache/maven/RepositoryUtils
instanceKlass org/eclipse/aether/util/repository/SimpleResolutionErrorPolicy
instanceKlass org/eclipse/aether/util/repository/SimpleArtifactDescriptorPolicy
instanceKlass org/eclipse/aether/artifact/DefaultArtifactType
instanceKlass org/eclipse/aether/util/artifact/SimpleArtifactTypeRegistry
instanceKlass org/eclipse/aether/util/graph/transformer/JavaDependencyContextRefiner
instanceKlass org/eclipse/aether/util/graph/transformer/ChainedDependencyGraphTransformer
instanceKlass org/eclipse/aether/util/graph/transformer/ConflictResolver
instanceKlass org/eclipse/aether/graph/Exclusion
instanceKlass org/eclipse/aether/util/graph/selector/ExclusionDependencySelector
instanceKlass org/eclipse/aether/util/graph/selector/OptionalDependencySelector
instanceKlass org/eclipse/aether/util/graph/selector/ScopeDependencySelector
instanceKlass org/eclipse/aether/util/graph/selector/AndDependencySelector
instanceKlass org/eclipse/aether/util/graph/manager/ClassicDependencyManager
instanceKlass org/eclipse/aether/util/graph/traverser/FatArtifactTraverser
instanceKlass org/eclipse/aether/DefaultSessionData
instanceKlass org/eclipse/aether/DefaultRepositorySystemSession$NullFileTransformerManager
instanceKlass org/eclipse/aether/transform/FileTransformerManager
instanceKlass org/eclipse/aether/DefaultRepositorySystemSession$NullArtifactTypeRegistry
instanceKlass org/eclipse/aether/DefaultRepositorySystemSession$NullAuthenticationSelector
instanceKlass org/eclipse/aether/DefaultRepositorySystemSession$NullProxySelector
instanceKlass org/eclipse/aether/DefaultRepositorySystemSession$NullMirrorSelector
instanceKlass org/eclipse/aether/SessionData
instanceKlass org/eclipse/aether/artifact/ArtifactTypeRegistry
instanceKlass org/eclipse/aether/collection/DependencyGraphTransformer
instanceKlass org/eclipse/aether/util/graph/transformer/ConflictResolver$VersionSelector
instanceKlass org/eclipse/aether/util/graph/transformer/ConflictResolver$ScopeSelector
instanceKlass org/eclipse/aether/util/graph/transformer/ConflictResolver$OptionalitySelector
instanceKlass org/eclipse/aether/util/graph/transformer/ConflictResolver$ScopeDeriver
instanceKlass org/apache/maven/repository/internal/MavenRepositorySystemUtils
instanceKlass org/apache/maven/execution/DefaultMavenExecutionResult
instanceKlass org/apache/maven/artifact/repository/MavenArtifactRepository
instanceKlass org/apache/maven/artifact/repository/layout/ArtifactRepositoryLayout2
instanceKlass org/apache/maven/artifact/repository/layout/DefaultRepositoryLayout$$FastClassByGuice$$168266887
instanceKlass java/util/concurrent/ForkJoinPool$WorkQueue
instanceKlass java/util/concurrent/ForkJoinPool$DefaultCommonPoolForkJoinWorkerThreadFactory
instanceKlass java/util/concurrent/ForkJoinPool$1
instanceKlass java/util/concurrent/ForkJoinPool$DefaultForkJoinWorkerThreadFactory
instanceKlass java/util/concurrent/ForkJoinPool$ForkJoinWorkerThreadFactory
instanceKlass org/apache/maven/execution/AbstractExecutionListener
instanceKlass java/util/concurrent/AbstractExecutorService
instanceKlass java/util/concurrent/ExecutorService
instanceKlass java/util/concurrent/locks/AbstractQueuedSynchronizer$Node
instanceKlass java/util/concurrent/ForkJoinPool$ManagedBlocker
instanceKlass org/apache/maven/cli/transfer/SimplexTransferListener$Exchange
instanceKlass org/eclipse/aether/transfer/AbstractTransferListener
instanceKlass org/apache/maven/toolchain/building/DefaultToolchainsBuildingResult
instanceKlass org/apache/maven/toolchain/building/DefaultToolchainsBuilder$1
instanceKlass org/apache/maven/toolchain/model/io/xpp3/MavenToolchainsXpp3Writer
instanceKlass org/apache/maven/toolchain/model/io/xpp3/MavenToolchainsXpp3Reader$1
instanceKlass org/apache/maven/toolchain/model/io/xpp3/MavenToolchainsXpp3Reader$ContentTransformer
instanceKlass org/apache/maven/toolchain/model/io/xpp3/MavenToolchainsXpp3Reader
instanceKlass org/apache/maven/building/DefaultProblemCollector
instanceKlass org/apache/maven/building/ProblemCollectorFactory
instanceKlass org/apache/maven/toolchain/building/DefaultToolchainsBuildingRequest
instanceKlass org/apache/maven/settings/building/DefaultSettingsBuildingResult
instanceKlass org/apache/maven/settings/building/DefaultSettingsBuilder$1
instanceKlass org/codehaus/plexus/interpolation/os/OperatingSystemUtils$DefaultEnvVarSource
instanceKlass org/codehaus/plexus/interpolation/os/OperatingSystemUtils$EnvVarSource
instanceKlass org/codehaus/plexus/interpolation/os/OperatingSystemUtils
instanceKlass org/codehaus/plexus/util/xml/pull/MXSerializer
instanceKlass org/codehaus/plexus/util/xml/pull/XmlSerializer
instanceKlass org/apache/maven/settings/io/xpp3/SettingsXpp3Writer
instanceKlass org/codehaus/plexus/util/xml/pull/EntityReplacementMap
instanceKlass org/apache/maven/settings/io/xpp3/SettingsXpp3Reader$1
instanceKlass org/apache/maven/settings/io/xpp3/SettingsXpp3Reader$ContentTransformer
instanceKlass org/apache/maven/settings/io/xpp3/SettingsXpp3Reader
instanceKlass org/apache/maven/building/FileSource
instanceKlass org/apache/maven/settings/building/DefaultSettingsBuildingRequest
instanceKlass org/apache/maven/graph/DefaultGraphBuilder$$FastClassByGuice$$167311306
instanceKlass sun/security/provider/EntropySource
instanceKlass sun/security/provider/AbstractDrbg
instanceKlass java/security/DrbgParameters$Instantiation
instanceKlass java/security/DrbgParameters
instanceKlass sun/security/provider/MoreDrbgParameters
instanceKlass java/security/SecureRandomSpi
instanceKlass java/security/SecureRandomParameters
instanceKlass jdk/internal/event/Event
instanceKlass sun/security/util/SecurityProviderConstants
instanceKlass java/security/Provider$UString
instanceKlass java/security/Provider$Service
instanceKlass sun/security/provider/NativePRNG$NonBlocking
instanceKlass sun/security/provider/NativePRNG$Blocking
instanceKlass sun/security/provider/NativePRNG
instanceKlass sun/security/provider/SunEntries$1
instanceKlass sun/security/provider/SunEntries
instanceKlass sun/security/util/SecurityConstants
instanceKlass sun/security/jca/ProviderList$2
instanceKlass jdk/internal/math/FloatingDecimal$ASCIIToBinaryBuffer
instanceKlass java/security/Provider$EngineDescription
instanceKlass java/security/Provider$ServiceKey
instanceKlass sun/security/jca/ProviderConfig
instanceKlass sun/security/jca/ProviderList
instanceKlass sun/security/jca/Providers
instanceKlass java/security/Key
instanceKlass java/security/spec/AlgorithmParameterSpec
instanceKlass jdk/internal/math/FDBigInteger
instanceKlass jdk/internal/math/FloatingDecimal$PreparedASCIIToBinaryBuffer
instanceKlass jdk/internal/math/FloatingDecimal$ASCIIToBinaryConverter
instanceKlass jdk/internal/math/FloatingDecimal$BinaryToASCIIBuffer
instanceKlass jdk/internal/math/FloatingDecimal$ExceptionalBinaryToASCIIBuffer
instanceKlass jdk/internal/math/FloatingDecimal$BinaryToASCIIConverter
instanceKlass jdk/internal/math/FloatingDecimal
instanceKlass org/apache/maven/plugin/prefix/internal/DefaultPluginPrefixResolver$$FastClassByGuice$$166147225
instanceKlass org/apache/maven/plugin/CompoundMojoExecutionListener
instanceKlass org/apache/maven/plugin/internal/DefaultLegacySupport$$FastClassByGuice$$165447162
instanceKlass org/apache/maven/plugin/DefaultBuildPluginManager$$FastClassByGuice$$164246236
instanceKlass org/apache/maven/lifecycle/internal/DefaultLifecycleTaskSegmentCalculator$$FastClassByGuice$$162942877
instanceKlass org/apache/maven/lifecycle/internal/DefaultExecutionEventCatapult$$FastClassByGuice$$162322257
instanceKlass org/apache/maven/project/DefaultProjectDependenciesResolver$$FastClassByGuice$$161023395
instanceKlass org/apache/maven/project/RepositorySessionDecorator
instanceKlass org/apache/maven/plugin/DefaultPluginArtifactsCache$$FastClassByGuice$$159389576
instanceKlass com/google/inject/internal/DelegatingInvocationHandler
instanceKlass org/apache/maven/artifact/repository/metadata/io/DefaultMetadataReader$$FastClassByGuice$$159089801
instanceKlass org/apache/maven/plugin/version/internal/DefaultPluginVersionResolver$$FastClassByGuice$$157813640
instanceKlass org/apache/maven/plugin/DefaultExtensionRealmCache$$FastClassByGuice$$156715330
instanceKlass org/apache/maven/rtinfo/internal/DefaultRuntimeInformation$$FastClassByGuice$$156219524
instanceKlass org/eclipse/aether/artifact/ArtifactType
instanceKlass org/eclipse/sisu/wire/NamedIterableAdapter
instanceKlass org/eclipse/aether/internal/impl/DefaultUpdateCheckManager$1
instanceKlass org/apache/maven/plugin/DefaultPluginRealmCache$$FastClassByGuice$$154630765
instanceKlass org/apache/maven/plugin/DefaultPluginDescriptorCache$$FastClassByGuice$$153932729
instanceKlass org/apache/maven/plugin/internal/DefaultMavenPluginManager$$FastClassByGuice$$152442397
instanceKlass org/apache/maven/artifact/handler/manager/DefaultArtifactHandlerManager$$FastClassByGuice$$151940404
instanceKlass org/apache/maven/project/DefaultProjectRealmCache$$FastClassByGuice$$149953308
instanceKlass org/codehaus/plexus/classworlds/realm/Entry
instanceKlass java/util/Random
instanceKlass java/util/random/RandomGenerator
instanceKlass org/eclipse/sisu/inject/Guice4$2
instanceKlass org/apache/maven/project/DefaultProjectBuildingHelper$$FastClassByGuice$$149422328
instanceKlass org/apache/maven/lifecycle/internal/DefaultLifecyclePluginAnalyzer$$FastClassByGuice$$148245647
instanceKlass org/apache/maven/model/plugin/DefaultLifecycleBindingsInjector$$FastClassByGuice$$146993372
instanceKlass org/apache/maven/model/merge/ModelMerger$KeyComputer
instanceKlass org/apache/maven/model/merge/ModelMerger$Remapping
instanceKlass org/apache/maven/model/Contributor
instanceKlass org/apache/maven/model/PatternSet
instanceKlass org/apache/maven/project/DefaultProjectBuilder$$FastClassByGuice$$146541539
instanceKlass org/apache/maven/DefaultMaven$$FastClassByGuice$$144762625
instanceKlass org/apache/maven/cli/event/DefaultEventSpyContext
instanceKlass org/eclipse/sisu/wire/EntryListAdapter$ValueIterator
instanceKlass org/apache/maven/cli/logging/Slf4jLogger
instanceKlass org/eclipse/sisu/inject/LazyBeanEntry$JsrNamed
instanceKlass org/eclipse/sisu/inject/LazyBeanEntry
instanceKlass javax/annotation/Priority
instanceKlass org/eclipse/sisu/inject/Implementations
instanceKlass org/eclipse/sisu/plexus/LazyPlexusBean
instanceKlass org/eclipse/sisu/inject/RankedSequence$Itr
instanceKlass org/eclipse/sisu/inject/RankedBindings$Itr
instanceKlass org/eclipse/sisu/inject/LocatedBeans$Itr
instanceKlass org/eclipse/sisu/plexus/RealmFilteredBeans$FilteredItr
instanceKlass org/eclipse/sisu/plexus/DefaultPlexusBeans$Itr
instanceKlass org/eclipse/sisu/plexus/DefaultPlexusBeans
instanceKlass org/eclipse/sisu/plexus/RealmFilteredBeans
instanceKlass org/eclipse/sisu/inject/BeanCache
instanceKlass org/eclipse/sisu/inject/LocatedBeans
instanceKlass org/eclipse/sisu/inject/MildElements$Indexable
instanceKlass com/google/inject/internal/ProviderInternalFactory$1
instanceKlass com/google/inject/internal/ConstructorInjector$1
instanceKlass org/eclipse/sisu/inject/WatchedBeans
instanceKlass org/eclipse/sisu/inject/MildValues$ValueItr
instanceKlass org/eclipse/sisu/inject/InjectorBindings
instanceKlass com/google/inject/spi/ProvisionListener$ProvisionInvocation
instanceKlass com/google/inject/internal/MembersInjectorImpl$1
instanceKlass com/google/inject/internal/InternalContext
instanceKlass com/google/inject/internal/Initializer$1
instanceKlass com/google/common/collect/AbstractMapBasedMultimap$AsMap$AsMapIterator
instanceKlass com/google/inject/internal/SingleMethodInjector$1
instanceKlass org/codehaus/plexus/DefaultPlexusContainer$$FastClassByGuice$$143685258
instanceKlass com/google/inject/internal/SingleMethodInjector$2
instanceKlass com/google/inject/internal/InjectorImpl$MethodInvoker
instanceKlass com/google/inject/internal/SingleMethodInjector
instanceKlass org/sonatype/plexus/components/sec/dispatcher/DefaultSecDispatcher$$FastClassByGuice$$142629635
instanceKlass org/sonatype/plexus/components/cipher/DefaultPlexusCipher$$FastClassByGuice$$141618215
instanceKlass org/codehaus/plexus/component/configurator/MapOrientedComponentConfigurator$$FastClassByGuice$$141198420
instanceKlass org/codehaus/plexus/component/configurator/BasicComponentConfigurator$$FastClassByGuice$$139724078
instanceKlass org/apache/maven/settings/validation/DefaultSettingsValidator$$FastClassByGuice$$139405766
instanceKlass org/apache/maven/settings/io/DefaultSettingsWriter$$FastClassByGuice$$138389357
instanceKlass org/apache/maven/settings/io/DefaultSettingsReader$$FastClassByGuice$$137052630
instanceKlass org/apache/maven/settings/crypto/DefaultSettingsDecrypter$$FastClassByGuice$$136092904
instanceKlass org/apache/maven/settings/building/DefaultSettingsBuilder$$FastClassByGuice$$135031596
instanceKlass org/eclipse/aether/transport/wagon/WagonTransporterFactory$$FastClassByGuice$$133992744
instanceKlass org/eclipse/aether/internal/transport/wagon/PlexusWagonProvider$$FastClassByGuice$$133005764
instanceKlass org/eclipse/aether/internal/transport/wagon/PlexusWagonConfigurator$$FastClassByGuice$$132105886
instanceKlass org/eclipse/aether/transport/http/XChecksumChecksumExtractor$$FastClassByGuice$$130362520
instanceKlass org/eclipse/aether/transport/http/Nexus2ChecksumExtractor$$FastClassByGuice$$129760764
instanceKlass org/eclipse/aether/transport/http/HttpTransporterFactory$$FastClassByGuice$$128381661
instanceKlass org/eclipse/aether/transport/file/FileTransporterFactory$$FastClassByGuice$$127384193
instanceKlass org/apache/maven/repository/internal/VersionsMetadataGeneratorFactory$$FastClassByGuice$$126050538
instanceKlass org/apache/maven/repository/internal/SnapshotMetadataGeneratorFactory$$FastClassByGuice$$125757788
instanceKlass org/apache/maven/repository/internal/PluginsMetadataGeneratorFactory$$FastClassByGuice$$124154453
instanceKlass org/apache/maven/repository/internal/DefaultVersionResolver$$FastClassByGuice$$123319907
instanceKlass org/apache/maven/repository/internal/DefaultVersionRangeResolver$$FastClassByGuice$$122004813
instanceKlass org/apache/maven/repository/internal/DefaultModelCacheFactory$$FastClassByGuice$$121226416
instanceKlass org/apache/maven/repository/internal/DefaultArtifactDescriptorReader$$FastClassByGuice$$119740160
instanceKlass org/eclipse/aether/named/providers/NoopNamedLockFactory$$FastClassByGuice$$118957668
instanceKlass org/eclipse/aether/named/providers/LocalSemaphoreNamedLockFactory$$FastClassByGuice$$117831104
instanceKlass org/eclipse/aether/named/providers/LocalReadWriteLockNamedLockFactory$$FastClassByGuice$$117025347
instanceKlass org/eclipse/aether/named/providers/FileLockNamedLockFactory$$FastClassByGuice$$115451415
instanceKlass org/eclipse/aether/internal/impl/synccontext/named/providers/StaticNameMapperProvider$$FastClassByGuice$$114331372
instanceKlass org/eclipse/aether/internal/impl/synccontext/named/providers/GAVNameMapperProvider$$FastClassByGuice$$114116774
instanceKlass org/eclipse/aether/internal/impl/synccontext/named/providers/GAECVNameMapperProvider$$FastClassByGuice$$112981779
instanceKlass org/eclipse/aether/internal/impl/synccontext/named/providers/FileStaticNameMapperProvider$$FastClassByGuice$$111484632
instanceKlass org/eclipse/aether/internal/impl/synccontext/named/providers/FileHashingGAVNameMapperProvider$$FastClassByGuice$$111096544
instanceKlass org/eclipse/aether/internal/impl/synccontext/named/providers/FileHashingGAECVNameMapperProvider$$FastClassByGuice$$109438060
instanceKlass org/eclipse/aether/internal/impl/synccontext/named/providers/FileGAVNameMapperProvider$$FastClassByGuice$$108959005
instanceKlass org/eclipse/aether/internal/impl/synccontext/named/providers/FileGAECVNameMapperProvider$$FastClassByGuice$$107609460
instanceKlass org/eclipse/aether/internal/impl/synccontext/named/providers/DiscriminatingNameMapperProvider$$FastClassByGuice$$106280110
instanceKlass org/eclipse/aether/internal/impl/synccontext/named/NamedLockFactoryAdapterFactoryImpl$$FastClassByGuice$$105775864
instanceKlass org/eclipse/aether/internal/impl/synccontext/legacy/DefaultSyncContextFactory$$FastClassByGuice$$104289641
instanceKlass org/eclipse/aether/internal/impl/synccontext/DefaultSyncContextFactory$$FastClassByGuice$$102918873
instanceKlass org/eclipse/aether/internal/impl/resolution/TrustedChecksumsArtifactResolverPostProcessor$$FastClassByGuice$$102200345
instanceKlass org/eclipse/aether/internal/impl/filter/PrefixesRemoteRepositoryFilterSource$$FastClassByGuice$$101642858
instanceKlass org/eclipse/aether/internal/impl/filter/GroupIdRemoteRepositoryFilterSource$$FastClassByGuice$$99884134
instanceKlass org/eclipse/aether/internal/impl/filter/DefaultRemoteRepositoryFilterManager$$FastClassByGuice$$98614348
instanceKlass org/eclipse/aether/internal/impl/collect/df/DfDependencyCollector$$FastClassByGuice$$98083996
instanceKlass org/eclipse/aether/internal/impl/collect/bf/BfDependencyCollector$$FastClassByGuice$$96559445
instanceKlass org/eclipse/aether/internal/impl/collect/DefaultDependencyCollector$$FastClassByGuice$$96350996
instanceKlass org/eclipse/aether/internal/impl/checksum/TrustedToProvidedChecksumsSourceAdapter$$FastClassByGuice$$95163176
instanceKlass org/eclipse/aether/internal/impl/checksum/SummaryFileTrustedChecksumsSource$$FastClassByGuice$$93855748
instanceKlass org/eclipse/aether/internal/impl/checksum/SparseDirectoryTrustedChecksumsSource$$FastClassByGuice$$93135051
instanceKlass org/eclipse/aether/internal/impl/checksum/Sha512ChecksumAlgorithmFactory$$FastClassByGuice$$91924796
instanceKlass org/eclipse/aether/internal/impl/checksum/Sha256ChecksumAlgorithmFactory$$FastClassByGuice$$90219938
instanceKlass org/eclipse/aether/internal/impl/checksum/Sha1ChecksumAlgorithmFactory$$FastClassByGuice$$89542525
instanceKlass org/eclipse/aether/internal/impl/checksum/Md5ChecksumAlgorithmFactory$$FastClassByGuice$$88465145
instanceKlass org/eclipse/aether/internal/impl/checksum/DefaultChecksumAlgorithmFactorySelector$$FastClassByGuice$$87117835
instanceKlass org/eclipse/aether/internal/impl/SimpleLocalRepositoryManagerFactory$$FastClassByGuice$$86306560
instanceKlass org/eclipse/aether/internal/impl/Maven2RepositoryLayoutFactory$$FastClassByGuice$$85237841
instanceKlass org/eclipse/aether/internal/impl/LoggerFactoryProvider$$FastClassByGuice$$84314160
instanceKlass org/eclipse/aether/internal/impl/EnhancedLocalRepositoryManagerFactory$$FastClassByGuice$$82978729
instanceKlass org/eclipse/aether/internal/impl/DefaultUpdatePolicyAnalyzer$$FastClassByGuice$$82474083
instanceKlass org/eclipse/aether/internal/impl/DefaultUpdateCheckManager$$FastClassByGuice$$81472579
instanceKlass org/eclipse/aether/internal/impl/DefaultTransporterProvider$$FastClassByGuice$$80695047
instanceKlass org/eclipse/aether/internal/impl/DefaultTrackingFileManager$$FastClassByGuice$$79108170
instanceKlass org/eclipse/aether/internal/impl/DefaultRepositorySystemLifecycle$$FastClassByGuice$$77836213
instanceKlass org/eclipse/aether/internal/impl/DefaultRepositorySystem$$FastClassByGuice$$76949726
instanceKlass org/eclipse/aether/internal/impl/DefaultRepositoryLayoutProvider$$FastClassByGuice$$76378011
instanceKlass org/eclipse/aether/internal/impl/DefaultRepositoryEventDispatcher$$FastClassByGuice$$75190333
instanceKlass org/eclipse/aether/internal/impl/DefaultRepositoryConnectorProvider$$FastClassByGuice$$74027212
instanceKlass org/eclipse/aether/internal/impl/DefaultRemoteRepositoryManager$$FastClassByGuice$$73242314
instanceKlass org/eclipse/aether/internal/impl/DefaultOfflineController$$FastClassByGuice$$71583640
instanceKlass org/eclipse/aether/internal/impl/DefaultMetadataResolver$$FastClassByGuice$$70677096
instanceKlass org/eclipse/aether/internal/impl/DefaultLocalRepositoryProvider$$FastClassByGuice$$69414967
instanceKlass org/eclipse/aether/internal/impl/DefaultLocalPathPrefixComposerFactory$$FastClassByGuice$$68807592
instanceKlass org/eclipse/aether/internal/impl/DefaultLocalPathComposer$$FastClassByGuice$$67696418
instanceKlass org/eclipse/aether/internal/impl/DefaultInstaller$$FastClassByGuice$$66762130
instanceKlass org/eclipse/aether/internal/impl/DefaultFileProcessor$$FastClassByGuice$$65753630
instanceKlass org/eclipse/aether/internal/impl/DefaultDeployer$$FastClassByGuice$$64072729
instanceKlass org/eclipse/aether/internal/impl/DefaultChecksumPolicyProvider$$FastClassByGuice$$63813876
instanceKlass org/eclipse/aether/internal/impl/DefaultArtifactResolver$$FastClassByGuice$$62515586
instanceKlass org/eclipse/aether/connector/basic/BasicRepositoryConnectorFactory$$FastClassByGuice$$60847688
instanceKlass org/apache/maven/model/validation/DefaultModelValidator$$FastClassByGuice$$59921335
instanceKlass org/apache/maven/model/superpom/DefaultSuperPomProvider$$FastClassByGuice$$58768630
instanceKlass org/apache/maven/model/profile/activation/PropertyProfileActivator$$FastClassByGuice$$58417585
instanceKlass org/apache/maven/model/profile/activation/OperatingSystemProfileActivator$$FastClassByGuice$$56957539
instanceKlass org/apache/maven/model/profile/activation/JdkVersionProfileActivator$$FastClassByGuice$$56281931
instanceKlass org/apache/maven/model/profile/activation/FileProfileActivator$$FastClassByGuice$$54548060
instanceKlass org/apache/maven/model/profile/DefaultProfileSelector$$FastClassByGuice$$54226793
instanceKlass org/apache/maven/model/profile/DefaultProfileInjector$$FastClassByGuice$$52723641
instanceKlass org/apache/maven/model/plugin/DefaultReportingConverter$$FastClassByGuice$$51626897
instanceKlass org/apache/maven/model/plugin/DefaultReportConfigurationExpander$$FastClassByGuice$$50814589
instanceKlass org/apache/maven/model/plugin/DefaultPluginConfigurationExpander$$FastClassByGuice$$49827402
instanceKlass org/apache/maven/model/path/ProfileActivationFilePathInterpolator$$FastClassByGuice$$48465632
instanceKlass org/apache/maven/model/path/DefaultUrlNormalizer$$FastClassByGuice$$47720226
instanceKlass org/apache/maven/model/path/DefaultPathTranslator$$FastClassByGuice$$46964631
instanceKlass org/apache/maven/model/path/DefaultModelUrlNormalizer$$FastClassByGuice$$45191358
instanceKlass org/apache/maven/model/path/DefaultModelPathTranslator$$FastClassByGuice$$44776314
instanceKlass org/apache/maven/model/normalization/DefaultModelNormalizer$$FastClassByGuice$$43932183
instanceKlass org/apache/maven/model/management/DefaultPluginManagementInjector$$FastClassByGuice$$42968694
instanceKlass org/apache/maven/model/management/DefaultDependencyManagementInjector$$FastClassByGuice$$41362457
instanceKlass org/apache/maven/model/locator/DefaultModelLocator$$FastClassByGuice$$40149476
instanceKlass org/apache/maven/model/io/DefaultModelWriter$$FastClassByGuice$$39667827
instanceKlass org/apache/maven/model/io/DefaultModelReader$$FastClassByGuice$$38304032
instanceKlass org/apache/maven/model/interpolation/StringVisitorModelInterpolator$$FastClassByGuice$$37740846
instanceKlass org/apache/maven/model/interpolation/DefaultModelVersionProcessor$$FastClassByGuice$$36062034
instanceKlass org/apache/maven/model/inheritance/DefaultInheritanceAssembler$$FastClassByGuice$$34994546
instanceKlass org/apache/maven/model/composition/DefaultDependencyManagementImporter$$FastClassByGuice$$33768698
instanceKlass org/apache/maven/model/building/DefaultModelProcessor$$FastClassByGuice$$33237596
instanceKlass org/apache/maven/model/building/DefaultModelBuilder$$FastClassByGuice$$31953350
instanceKlass org/apache/maven/cli/internal/BootstrapCoreExtensionManager$$FastClassByGuice$$30719736
instanceKlass org/apache/maven/cli/configuration/SettingsXmlConfigurationProcessor$$FastClassByGuice$$29782813
instanceKlass org/apache/maven/toolchain/io/DefaultToolchainsWriter$$FastClassByGuice$$29282704
instanceKlass org/apache/maven/toolchain/io/DefaultToolchainsReader$$FastClassByGuice$$27656176
instanceKlass org/apache/maven/toolchain/building/DefaultToolchainsBuilder$$FastClassByGuice$$26712116
instanceKlass org/apache/maven/plugin/internal/MavenPluginMavenPrerequisiteChecker$$FastClassByGuice$$26067184
instanceKlass org/apache/maven/plugin/internal/MavenPluginJavaPrerequisiteChecker$$FastClassByGuice$$24120844
instanceKlass org/apache/maven/plugin/internal/DefaultPluginValidationManager$$FastClassByGuice$$24056258
instanceKlass org/apache/maven/plugin/DefaultMojosExecutionStrategy$$FastClassByGuice$$22094024
instanceKlass org/apache/maven/lifecycle/internal/LifecycleDependencyResolver$$FastClassByGuice$$21150777
instanceKlass org/apache/maven/lifecycle/internal/DefaultProjectArtifactFactory$$FastClassByGuice$$20360231
instanceKlass org/apache/maven/internal/secdispatcher/SecDispatcherProvider$$FastClassByGuice$$19895473
instanceKlass org/apache/maven/internal/aether/ResolverLifecycle$$FastClassByGuice$$18285883
instanceKlass com/google/inject/internal/InjectorImpl$SyntheticProviderBindingImpl$1
instanceKlass com/google/inject/internal/InjectorImpl$1
instanceKlass org/apache/maven/internal/aether/DefaultRepositorySystemSessionFactory$$FastClassByGuice$$17069169
instanceKlass com/google/inject/internal/SingleFieldInjector
instanceKlass org/apache/maven/extension/internal/CoreExportsProvider$$FastClassByGuice$$16623353
instanceKlass org/apache/maven/execution/DefaultMavenExecutionRequestPopulator$$FastClassByGuice$$15154127
instanceKlass org/apache/maven/classrealm/DefaultClassRealmManager$$FastClassByGuice$$13701174
instanceKlass org/apache/maven/DefaultArtifactFilterManager$$FastClassByGuice$$13488662
instanceKlass com/google/inject/internal/SingleParameterInjector
instanceKlass org/apache/maven/eventspy/internal/EventSpyDispatcher$$FastClassByGuice$$11590454
instanceKlass org/eclipse/sisu/PreDestroy
instanceKlass org/eclipse/sisu/PostConstruct
instanceKlass org/apache/maven/lifecycle/DefaultLifecycles$$FastClassByGuice$$11001860
instanceKlass org/apache/maven/lifecycle/internal/MojoDescriptorCreator$$FastClassByGuice$$9619710
instanceKlass org/apache/maven/lifecycle/internal/LifecycleDebugLogger$$FastClassByGuice$$8958419
instanceKlass org/apache/maven/lifecycle/internal/LifecycleModuleBuilder$$FastClassByGuice$$8073880
instanceKlass org/eclipse/sisu/bean/BeanPropertySetter
instanceKlass org/apache/maven/lifecycle/internal/LifecyclePluginResolver$$FastClassByGuice$$6922668
instanceKlass org/apache/maven/lifecycle/internal/MojoExecutor$$FastClassByGuice$$5667449
instanceKlass com/google/inject/internal/DefaultConstructionProxyFactory$ReflectiveProxy
instanceKlass org/apache/maven/lifecycle/internal/BuildListCalculator$$FastClassByGuice$$4840943
instanceKlass org/apache/maven/lifecycle/internal/LifecycleStarter$$FastClassByGuice$$3872986
instanceKlass org/apache/maven/lifecycle/Lifecycle$$FastClassByGuice$$2659029
instanceKlass org/eclipse/sisu/plexus/PlexusConfigurations$ConfigurationProvider
instanceKlass org/apache/maven/lifecycle/internal/builder/BuilderCommon$$FastClassByGuice$$1596631
instanceKlass com/google/inject/internal/ProxyFactory
instanceKlass com/google/common/collect/TransformedIterator
instanceKlass com/google/inject/spi/InterceptorBinding
instanceKlass com/google/inject/internal/MethodAspect
instanceKlass com/google/inject/internal/MembersInjectorImpl
instanceKlass org/eclipse/sisu/bean/BeanInjector
instanceKlass org/eclipse/sisu/plexus/PlexusLifecycleManager$2
instanceKlass org/eclipse/sisu/bean/PropertyBinder$1
instanceKlass org/eclipse/sisu/plexus/ProvidedPropertyBinding
instanceKlass org/eclipse/sisu/plexus/PlexusRequirements$AbstractRequirementProvider
instanceKlass org/eclipse/sisu/bean/BeanPropertyField
instanceKlass org/eclipse/sisu/bean/DeclaredMembers$MemberIterator
instanceKlass org/eclipse/sisu/bean/BeanPropertyIterator
instanceKlass org/eclipse/sisu/bean/DeclaredMembers
instanceKlass org/eclipse/sisu/bean/IgnoreSetters
instanceKlass org/eclipse/sisu/bean/BeanProperties
instanceKlass org/eclipse/sisu/plexus/PlexusRequirements
instanceKlass org/eclipse/sisu/plexus/PlexusConfigurations
instanceKlass org/eclipse/sisu/plexus/PlexusPropertyBinder
instanceKlass org/eclipse/sisu/bean/BeanLifecycle
instanceKlass com/google/inject/internal/EncounterImpl
instanceKlass org/apache/maven/execution/scope/internal/MojoExecutionScope$2
instanceKlass com/google/inject/internal/ProviderInternalFactory
instanceKlass com/google/inject/internal/InternalProviderInstanceBindingImpl$Factory
instanceKlass com/google/inject/internal/FactoryProxy
instanceKlass com/google/inject/internal/InternalFactoryToProviderAdapter
instanceKlass com/google/inject/internal/ConstructionContext
instanceKlass com/google/inject/internal/SingletonScope$1
instanceKlass com/google/inject/internal/ProviderToInternalFactoryAdapter
instanceKlass com/google/inject/internal/CycleDetectingLock$CycleDetectingLockFactory$ReentrantCycleDetectingLock
instanceKlass com/google/inject/internal/Initializer$InjectableReference
instanceKlass com/google/inject/internal/ProvisionListenerStackCallback
instanceKlass com/google/common/cache/LocalCache$AbstractReferenceEntry
instanceKlass com/google/inject/internal/ProvisionListenerCallbackStore$KeyBinding
instanceKlass com/google/inject/internal/util/Classes
instanceKlass com/google/inject/spi/ExposedBinding
instanceKlass com/google/inject/internal/CreationListener
instanceKlass com/google/inject/internal/InjectorShell$LoggerFactory
instanceKlass com/google/inject/internal/InjectorShell$InjectorFactory
instanceKlass com/google/inject/internal/Initializables$1
instanceKlass com/google/inject/internal/Initializables
instanceKlass com/google/inject/internal/ConstantFactory
instanceKlass com/google/inject/internal/InjectorShell
instanceKlass com/google/inject/internal/ProvisionListenerCallbackStore
instanceKlass com/google/inject/internal/SingleMemberInjector
instanceKlass com/google/inject/spi/TypeEncounter
instanceKlass com/google/inject/internal/MembersInjectorStore
instanceKlass com/google/inject/internal/TypeConverterBindingProcessor$4
instanceKlass com/google/inject/internal/TypeConverterBindingProcessor$2
instanceKlass com/google/inject/internal/TypeConverterBindingProcessor$1
instanceKlass com/google/inject/internal/TypeConverterBindingProcessor$5
instanceKlass com/google/inject/internal/FailableCache
instanceKlass com/google/inject/internal/ConstructorInjectorStore
instanceKlass com/google/inject/internal/DeferredLookups
instanceKlass com/google/inject/spi/ConvertedConstantBinding
instanceKlass com/google/inject/spi/ProviderBinding
instanceKlass com/google/inject/internal/InjectorImpl
instanceKlass com/google/inject/internal/Lookups
instanceKlass com/google/inject/internal/InjectorImpl$InjectorOptions
instanceKlass com/google/inject/internal/ProvisionListenerStackCallback$ProvisionCallback
instanceKlass com/google/inject/internal/ConstructorInjector
instanceKlass com/google/inject/internal/DefaultConstructionProxyFactory$FastClassProxy
instanceKlass com/google/inject/internal/aop/ImmutableStringTrie
instanceKlass java/util/function/ToIntFunction
instanceKlass jdk/internal/reflect/UnsafeFieldAccessorFactory
instanceKlass org/apache/maven/plugin/internal/DefaultPluginDependenciesResolver$$FastClassByGuice$$206093
instanceKlass com/google/inject/internal/aop/ChildClassDefiner$ChildLoaderCacheHolder
instanceKlass com/google/inject/internal/aop/BytecodeTasks
instanceKlass org/objectweb/asm/Handle
instanceKlass org/objectweb/asm/Label
instanceKlass org/objectweb/asm/Type
instanceKlass com/google/inject/internal/aop/AbstractGlueGenerator
instanceKlass com/google/inject/internal/aop/UnsafeClassDefiner
instanceKlass com/google/inject/internal/aop/ChildClassDefiner
instanceKlass com/google/inject/internal/aop/ClassDefining$ClassDefinerHolder
instanceKlass com/google/inject/internal/aop/ClassDefiner
instanceKlass com/google/inject/internal/aop/ClassDefining
instanceKlass com/google/inject/internal/BytecodeGen$EnhancerBuilder
instanceKlass com/google/inject/internal/aop/ClassBuilding
instanceKlass com/google/common/collect/MapMakerInternalMap$StrongValueEntry
instanceKlass com/google/common/collect/MapMakerInternalMap$WeakKeyStrongValueEntry$Helper
instanceKlass com/google/common/collect/MapMakerInternalMap$InternalEntry
instanceKlass com/google/common/collect/MapMakerInternalMap$1
instanceKlass com/google/common/collect/MapMakerInternalMap$InternalEntryHelper
instanceKlass com/google/common/collect/MapMakerInternalMap$WeakValueReference
instanceKlass com/google/common/collect/MapMaker
instanceKlass com/google/inject/internal/BytecodeGen
instanceKlass com/google/inject/internal/ConstructionProxy
instanceKlass com/google/inject/internal/DefaultConstructionProxyFactory
instanceKlass com/google/inject/internal/ConstructionProxyFactory
instanceKlass com/google/inject/internal/ConstructorBindingImpl$Factory
instanceKlass org/eclipse/sisu/inject/TypeArguments$Implicit
instanceKlass org/eclipse/sisu/wire/BeanProviders$3
instanceKlass org/sonatype/inject/BeanEntry
instanceKlass org/eclipse/sisu/BeanEntry
instanceKlass org/eclipse/sisu/wire/BeanProviders$4
instanceKlass org/eclipse/sisu/wire/PlaceholderBeanProvider
instanceKlass org/eclipse/sisu/wire/BeanProviders$6
instanceKlass org/eclipse/sisu/wire/BeanProviders$7
instanceKlass org/eclipse/sisu/wire/BeanProviders$1
instanceKlass com/google/inject/spi/ProviderLookup$1
instanceKlass com/google/inject/spi/ProviderWithDependencies
instanceKlass com/google/inject/spi/ProviderLookup
instanceKlass org/eclipse/sisu/wire/BeanProviders
instanceKlass org/eclipse/sisu/inject/HiddenSource
instanceKlass org/eclipse/sisu/wire/LocatorWiring
instanceKlass com/google/inject/ProvidedBy
instanceKlass com/google/inject/ImplementedBy
instanceKlass org/sonatype/plexus/components/sec/dispatcher/model/SettingsSecurity
instanceKlass org/sonatype/plexus/components/cipher/PBECipher
instanceKlass org/codehaus/classworlds/ClassRealm
instanceKlass org/apache/maven/settings/crypto/SettingsDecryptionResult
instanceKlass org/apache/maven/settings/building/DefaultSettingsProblemCollector
instanceKlass org/apache/maven/settings/merge/MavenSettingsMerger
instanceKlass org/apache/maven/settings/building/SettingsBuildingResult
instanceKlass org/apache/maven/settings/building/SettingsProblemCollector
instanceKlass org/eclipse/aether/impl/MetadataGenerator
instanceKlass org/apache/maven/model/Relocation
instanceKlass org/apache/maven/repository/internal/ArtifactDescriptorReaderDelegate
instanceKlass org/eclipse/aether/named/support/AdaptedSemaphoreNamedLock$AdaptedSemaphore
instanceKlass org/eclipse/aether/named/support/NamedLockFactorySupport$NamedLockHolder
instanceKlass org/eclipse/aether/named/support/NamedLockSupport
instanceKlass org/eclipse/aether/named/NamedLock
instanceKlass org/eclipse/aether/internal/impl/synccontext/named/NamedLockFactoryAdapter
instanceKlass org/eclipse/aether/spi/log/Logger
instanceKlass org/eclipse/aether/internal/impl/filter/PrefixesRemoteRepositoryFilterSource$Node
instanceKlass org/eclipse/aether/spi/connector/filter/RemoteRepositoryFilter$Result
instanceKlass org/eclipse/aether/spi/connector/filter/RemoteRepositoryFilter
instanceKlass org/eclipse/aether/collection/DependencyTraverser
instanceKlass org/eclipse/aether/collection/DependencyManager
instanceKlass org/eclipse/aether/internal/impl/collect/df/DfDependencyCollector$Args
instanceKlass org/eclipse/aether/internal/impl/collect/bf/BfDependencyCollector$DescriptorResolutionResult
instanceKlass org/eclipse/aether/internal/impl/collect/bf/DependencyProcessingContext
instanceKlass org/eclipse/aether/internal/impl/collect/bf/BfDependencyCollector$Args
instanceKlass org/eclipse/aether/internal/impl/collect/bf/DependencyResolutionSkipper
instanceKlass org/eclipse/aether/graph/DefaultDependencyNode
instanceKlass org/eclipse/aether/version/Version
instanceKlass org/eclipse/aether/internal/impl/collect/PremanagedDependency
instanceKlass org/eclipse/aether/internal/impl/collect/DependencyCollectorDelegate$Results
instanceKlass org/eclipse/aether/internal/impl/collect/DefaultDependencyCollectionContext
instanceKlass org/eclipse/aether/collection/DependencyCollectionContext
instanceKlass org/eclipse/aether/internal/impl/collect/DataPool
instanceKlass org/eclipse/aether/internal/impl/collect/DefaultVersionFilterContext
instanceKlass org/eclipse/aether/collection/VersionFilter
instanceKlass org/eclipse/aether/collection/DependencyGraphTransformationContext
instanceKlass org/eclipse/aether/collection/VersionFilter$VersionFilterContext
instanceKlass org/eclipse/aether/spi/connector/Transfer
instanceKlass org/eclipse/aether/internal/impl/checksum/SummaryFileTrustedChecksumsSource$SummaryFileWriter
instanceKlass org/eclipse/aether/internal/impl/checksum/SparseDirectoryTrustedChecksumsSource$SparseDirectoryWriter
instanceKlass org/eclipse/aether/spi/checksums/TrustedChecksumsSource$Writer
instanceKlass org/eclipse/aether/spi/connector/checksum/ChecksumAlgorithm
instanceKlass org/eclipse/aether/impl/UpdateCheck
instanceKlass org/eclipse/aether/spi/connector/transport/Transporter
instanceKlass java/nio/channels/FileLock
instanceKlass org/eclipse/aether/resolution/VersionRequest
instanceKlass org/eclipse/aether/resolution/DependencyResult
instanceKlass org/eclipse/aether/resolution/DependencyRequest
instanceKlass org/eclipse/aether/resolution/VersionRangeResult
instanceKlass org/eclipse/aether/resolution/VersionRangeRequest
instanceKlass org/eclipse/aether/collection/CollectResult
instanceKlass org/eclipse/aether/collection/CollectRequest
instanceKlass org/eclipse/aether/resolution/ArtifactDescriptorRequest
instanceKlass java/util/concurrent/atomic/AtomicBoolean
instanceKlass org/eclipse/aether/spi/connector/layout/RepositoryLayout
instanceKlass org/eclipse/aether/RepositoryEvent
instanceKlass org/eclipse/aether/repository/LocalRepository
instanceKlass org/eclipse/aether/internal/impl/LocalPathPrefixComposer
instanceKlass org/eclipse/aether/transform/FileTransformer
instanceKlass org/eclipse/aether/installation/InstallResult
instanceKlass org/eclipse/aether/installation/InstallRequest
instanceKlass org/eclipse/aether/spi/io/FileProcessor$ProgressListener
instanceKlass org/eclipse/aether/internal/impl/DefaultDeployer$EventCatapult
instanceKlass org/eclipse/aether/repository/RepositoryPolicy
instanceKlass org/eclipse/aether/deployment/DeployResult
instanceKlass org/eclipse/aether/deployment/DeployRequest
instanceKlass org/eclipse/aether/transfer/TransferResource
instanceKlass org/eclipse/aether/spi/connector/checksum/ChecksumPolicy
instanceKlass org/eclipse/aether/SyncContext
instanceKlass org/eclipse/aether/resolution/ArtifactRequest
instanceKlass org/eclipse/aether/internal/impl/DefaultArtifactResolver$ResolutionGroup
instanceKlass org/eclipse/aether/resolution/VersionResult
instanceKlass org/eclipse/aether/repository/LocalArtifactResult
instanceKlass org/eclipse/aether/repository/RemoteRepository
instanceKlass org/eclipse/aether/spi/locator/ServiceLocator
instanceKlass org/eclipse/aether/spi/connector/RepositoryConnector
instanceKlass org/apache/maven/model/validation/DefaultModelValidator$1ActivationFrame
instanceKlass org/apache/maven/model/profile/activation/JdkVersionProfileActivator$RangeValue
instanceKlass org/apache/maven/model/InputLocation
instanceKlass org/apache/maven/model/InputSource
instanceKlass org/apache/maven/model/interpolation/StringVisitorModelInterpolator$InnerInterpolator
instanceKlass org/apache/maven/model/building/ModelCacheTag
instanceKlass org/apache/maven/model/building/ModelBuildingEventCatapult
instanceKlass org/apache/maven/model/Activation
instanceKlass org/apache/maven/model/ActivationProperty
instanceKlass org/apache/maven/model/ActivationFile
instanceKlass org/apache/maven/model/ActivationOS
instanceKlass org/codehaus/plexus/interpolation/RegexBasedInterpolator
instanceKlass org/apache/maven/model/building/ModelData
instanceKlass org/apache/maven/model/profile/DefaultProfileActivationContext
instanceKlass org/apache/maven/model/building/DefaultModelProblemCollector
instanceKlass org/apache/maven/model/building/ModelBuildingEvent
instanceKlass org/apache/maven/model/building/ModelProblemCollectorExt
instanceKlass org/apache/maven/model/profile/ProfileActivationContext
instanceKlass org/apache/maven/cli/internal/extension/model/CoreExtension
instanceKlass org/apache/maven/building/ProblemCollector
instanceKlass org/apache/maven/toolchain/merge/MavenToolchainMerger
instanceKlass org/apache/maven/toolchain/building/ToolchainsBuildingResult
instanceKlass org/codehaus/plexus/interpolation/InterpolationPostProcessor
instanceKlass org/eclipse/aether/graph/Dependency
instanceKlass org/eclipse/aether/resolution/ArtifactDescriptorResult
instanceKlass org/apache/maven/plugin/internal/DefaultPluginValidationManager$PluginValidationIssues
instanceKlass org/sonatype/plexus/components/sec/dispatcher/PasswordDecryptor
instanceKlass com/google/inject/util/Types
instanceKlass org/eclipse/sisu/Nullable
instanceKlass org/eclipse/aether/repository/AuthenticationSelector
instanceKlass org/eclipse/aether/repository/ProxySelector
instanceKlass org/eclipse/aether/repository/MirrorSelector
instanceKlass org/eclipse/aether/resolution/ResolutionErrorPolicy
instanceKlass org/eclipse/aether/repository/LocalRepositoryManager
instanceKlass org/apache/maven/classrealm/ClassRealmManagerDelegate
instanceKlass org/apache/maven/classrealm/ClassRealmConstituent
instanceKlass org/apache/maven/classrealm/ClassRealmRequest
instanceKlass org/eclipse/aether/repository/WorkspaceRepository
instanceKlass org/apache/maven/ArtifactFilterManagerDelegate
instanceKlass sun/reflect/generics/tree/MethodTypeSignature
instanceKlass sun/reflect/generics/tree/VoidDescriptor
instanceKlass org/apache/maven/project/DefaultProjectBuildingHelper
instanceKlass org/apache/maven/plugin/PluginDescriptorCache$PluginDescriptorSupplier
instanceKlass org/apache/maven/plugin/PluginDescriptorCache$Key
instanceKlass org/apache/maven/plugin/DefaultPluginDescriptorCache
instanceKlass org/eclipse/aether/RepositoryListener
instanceKlass org/apache/maven/model/Reporting
instanceKlass org/apache/maven/project/inheritance/DefaultModelInheritanceAssembler
instanceKlass org/eclipse/aether/DefaultRepositorySystemSession
instanceKlass org/apache/maven/execution/MavenExecutionResult
instanceKlass org/apache/maven/DefaultMaven
instanceKlass org/apache/maven/repository/metadata/DefaultGraphConflictResolutionPolicy
instanceKlass org/apache/maven/repository/metadata/ClasspathContainer
instanceKlass org/apache/maven/repository/metadata/DefaultClasspathTransformation
instanceKlass org/apache/maven/project/artifact/DefaultMavenMetadataCache$CacheKey
instanceKlass org/apache/maven/project/artifact/DefaultMavenMetadataCache
instanceKlass org/apache/maven/plugin/descriptor/Parameter
instanceKlass org/apache/maven/lifecycle/internal/DefaultMojoExecutionConfigurator
instanceKlass org/apache/maven/artifact/handler/manager/DefaultArtifactHandlerManager
instanceKlass org/eclipse/aether/resolution/ArtifactResult
instanceKlass org/eclipse/aether/resolution/ArtifactDescriptorPolicy
instanceKlass org/eclipse/aether/collection/DependencySelector
instanceKlass org/apache/maven/plugin/internal/DefaultPluginDependenciesResolver
instanceKlass org/apache/maven/repository/metadata/MetadataGraphEdge
instanceKlass org/apache/maven/repository/metadata/MetadataGraphVertex
instanceKlass org/apache/maven/repository/metadata/MetadataGraph
instanceKlass org/apache/maven/repository/metadata/DefaultGraphConflictResolver
instanceKlass org/apache/maven/exception/ExceptionSummary
instanceKlass org/apache/maven/exception/DefaultExceptionHandler
instanceKlass org/apache/maven/artifact/repository/layout/DefaultRepositoryLayout
instanceKlass org/apache/maven/plugin/PluginArtifactsCache$CacheRecord
instanceKlass org/apache/maven/plugin/PluginArtifactsCache$Key
instanceKlass org/apache/maven/plugin/DefaultPluginArtifactsCache
instanceKlass org/apache/maven/plugin/DefaultBuildPluginManager
instanceKlass org/apache/maven/lifecycle/internal/builder/multithreaded/ConcurrencyDependencyGraph
instanceKlass org/apache/maven/lifecycle/internal/builder/multithreaded/ThreadOutputMuxer
instanceKlass org/apache/maven/lifecycle/internal/ProjectSegment
instanceKlass java/util/concurrent/CompletionService
instanceKlass org/apache/maven/lifecycle/internal/builder/multithreaded/MultiThreadedBuilder
instanceKlass org/apache/maven/toolchain/DefaultToolchainManager
instanceKlass org/apache/maven/repository/ArtifactTransferListener
instanceKlass org/apache/maven/repository/legacy/LegacyRepositorySystem
instanceKlass org/apache/maven/artifact/repository/DefaultArtifactRepositoryFactory
instanceKlass org/apache/maven/artifact/resolver/DefaultArtifactResolver
instanceKlass org/eclipse/aether/artifact/Artifact
instanceKlass org/apache/maven/artifact/resolver/DefaultResolutionErrorHandler
instanceKlass org/apache/maven/execution/ExecutionEvent
instanceKlass org/apache/maven/lifecycle/internal/DefaultExecutionEventCatapult
instanceKlass org/apache/maven/lifecycle/internal/ReactorBuildStatus
instanceKlass org/apache/maven/lifecycle/internal/builder/singlethreaded/SingleThreadedBuilder
instanceKlass org/apache/maven/toolchain/DefaultToolchainsBuilder
instanceKlass org/eclipse/aether/util/graph/visitor/AbstractDepthFirstNodeListGenerator
instanceKlass org/eclipse/aether/graph/DependencyNode
instanceKlass org/apache/maven/plugin/descriptor/PluginDescriptorBuilder
instanceKlass org/codehaus/plexus/component/configurator/ConfigurationListener
instanceKlass org/apache/maven/plugin/logging/Log
instanceKlass org/apache/maven/plugin/internal/DefaultMavenPluginManager
instanceKlass org/apache/maven/artifact/resolver/ArtifactResolutionRequest
instanceKlass org/apache/maven/artifact/resolver/ArtifactResolutionResult
instanceKlass org/apache/maven/repository/legacy/resolver/DefaultLegacyArtifactCollector
instanceKlass org/apache/maven/project/validation/ModelValidationResult
instanceKlass org/apache/maven/project/validation/DefaultModelValidator
instanceKlass org/apache/maven/execution/ProjectExecutionListener
instanceKlass org/apache/maven/settings/building/SettingsBuildingRequest
instanceKlass org/apache/maven/repository/legacy/resolver/conflict/OldestConflictResolver
instanceKlass org/apache/maven/artifact/repository/layout/FlatRepositoryLayout
instanceKlass org/apache/maven/project/DefaultDependencyResolutionResult
instanceKlass org/eclipse/aether/graph/DependencyVisitor
instanceKlass org/apache/maven/project/DefaultProjectDependenciesResolver
instanceKlass org/apache/maven/DefaultProjectDependenciesResolver
instanceKlass org/apache/maven/model/PluginContainer
instanceKlass org/apache/maven/plugin/prefix/PluginPrefixResult
instanceKlass org/apache/maven/plugin/prefix/internal/DefaultPluginPrefixResolver
instanceKlass org/apache/maven/lifecycle/internal/PhaseRecorder
instanceKlass org/apache/maven/lifecycle/internal/ProjectIndex
instanceKlass org/apache/maven/lifecycle/internal/DependencyContext
instanceKlass org/apache/maven/plugin/MojoExecutionRunner
instanceKlass org/apache/maven/lifecycle/internal/DefaultLifecycleExecutionPlanCalculator
instanceKlass org/apache/maven/rtinfo/internal/DefaultRuntimeInformation
instanceKlass org/apache/maven/toolchain/model/TrackableBase
instanceKlass org/apache/maven/toolchain/DefaultToolchain
instanceKlass org/apache/maven/toolchain/ToolchainPrivate
instanceKlass org/apache/maven/toolchain/java/JavaToolchain
instanceKlass org/apache/maven/toolchain/Toolchain
instanceKlass org/apache/maven/toolchain/java/JavaToolchainFactory
instanceKlass org/apache/maven/repository/DefaultMirrorSelector
instanceKlass org/apache/maven/project/artifact/ProjectArtifactsCache$CacheRecord
instanceKlass org/apache/maven/project/artifact/ProjectArtifactsCache$Key
instanceKlass org/apache/maven/project/artifact/DefaultProjectArtifactsCache
instanceKlass org/apache/maven/plugin/internal/DefaultLegacySupport
instanceKlass org/apache/maven/repository/legacy/resolver/transform/DefaultArtifactTransformationManager
instanceKlass org/apache/maven/repository/legacy/repository/DefaultArtifactRepositoryFactory
instanceKlass org/apache/maven/lifecycle/internal/DefaultLifecycleMappingDelegate
instanceKlass org/apache/http/config/Registry
instanceKlass org/apache/http/client/methods/CloseableHttpResponse
instanceKlass org/apache/http/HttpResponse
instanceKlass org/apache/http/impl/conn/PoolingHttpClientConnectionManager
instanceKlass org/apache/http/pool/ConnPoolControl
instanceKlass org/apache/maven/wagon/shared/http/BasicAuthScope
instanceKlass org/apache/maven/wagon/shared/http/HttpConfiguration
instanceKlass org/apache/http/impl/client/CloseableHttpClient
instanceKlass org/apache/http/client/HttpClient
instanceKlass org/apache/http/client/RedirectStrategy
instanceKlass org/apache/http/config/Lookup
instanceKlass org/apache/http/conn/ssl/TrustStrategy
instanceKlass org/apache/http/ssl/TrustStrategy
instanceKlass org/apache/http/client/HttpRequestRetryHandler
instanceKlass org/apache/http/auth/Credentials
instanceKlass org/apache/http/client/AuthCache
instanceKlass org/apache/http/client/CredentialsProvider
instanceKlass org/apache/http/Header
instanceKlass org/apache/http/NameValuePair
instanceKlass org/apache/http/protocol/HttpContext
instanceKlass org/apache/http/HttpEntity
instanceKlass org/apache/http/auth/AuthScheme
instanceKlass org/apache/http/conn/HttpClientConnectionManager
instanceKlass org/apache/http/client/ServiceUnavailableRetryStrategy
instanceKlass org/apache/http/client/methods/HttpUriRequest
instanceKlass org/apache/http/HttpRequest
instanceKlass org/apache/http/HttpMessage
instanceKlass org/apache/maven/artifact/versioning/ArtifactVersion
instanceKlass org/apache/maven/execution/DefaultRuntimeInformation
instanceKlass org/apache/maven/project/path/DefaultPathTranslator
instanceKlass org/apache/maven/repository/legacy/resolver/conflict/NearestConflictResolver
instanceKlass org/apache/maven/lifecycle/internal/DefaultLifecycleTaskSegmentCalculator
instanceKlass org/apache/maven/artifact/repository/metadata/io/DefaultMetadataReader
instanceKlass org/apache/maven/project/ProjectRealmCache$CacheRecord
instanceKlass org/apache/maven/project/ProjectRealmCache$Key
instanceKlass org/apache/maven/project/DefaultProjectRealmCache
instanceKlass org/apache/maven/repository/legacy/resolver/conflict/FarthestConflictResolver
instanceKlass org/apache/maven/artifact/repository/metadata/Versioning
instanceKlass org/codehaus/plexus/component/repository/ComponentSetDescriptor
instanceKlass org/apache/maven/plugin/prefix/PluginPrefixRequest
instanceKlass org/apache/maven/plugin/internal/DefaultPluginManager
instanceKlass org/apache/maven/artifact/repository/Authentication
instanceKlass org/apache/maven/settings/TrackableBase
instanceKlass org/apache/maven/repository/Proxy
instanceKlass org/apache/maven/settings/RepositoryPolicy
instanceKlass org/apache/maven/model/RepositoryPolicy
instanceKlass org/apache/maven/settings/RepositoryBase
instanceKlass org/apache/maven/artifact/repository/ArtifactRepositoryPolicy
instanceKlass org/apache/maven/plugin/version/internal/DefaultPluginVersionResolver$Versions
instanceKlass org/apache/maven/plugin/version/internal/DefaultPluginVersionResult
instanceKlass org/apache/maven/plugin/version/internal/DefaultPluginVersionResolver$Key
instanceKlass org/apache/maven/plugin/version/PluginVersionRequest
instanceKlass org/eclipse/aether/RequestTrace
instanceKlass org/apache/maven/plugin/version/PluginVersionResult
instanceKlass org/eclipse/aether/repository/ArtifactRepository
instanceKlass org/eclipse/aether/metadata/Metadata
instanceKlass org/eclipse/aether/version/VersionScheme
instanceKlass org/apache/maven/plugin/version/internal/DefaultPluginVersionResolver
instanceKlass org/apache/maven/lifecycle/internal/ProjectBuildList
instanceKlass org/apache/maven/plugin/ExtensionRealmCache$CacheRecord
instanceKlass org/apache/maven/plugin/ExtensionRealmCache$Key
instanceKlass org/apache/maven/plugin/DefaultExtensionRealmCache
instanceKlass org/apache/maven/artifact/repository/metadata/Metadata
instanceKlass org/apache/maven/project/artifact/MavenMetadataSource$ProjectRelocation
instanceKlass org/apache/maven/model/building/ModelProblem
instanceKlass org/apache/maven/model/Dependency
instanceKlass org/apache/maven/artifact/resolver/filter/ArtifactFilter
instanceKlass org/apache/maven/repository/legacy/metadata/MetadataResolutionRequest
instanceKlass org/apache/maven/artifact/repository/RepositoryRequest
instanceKlass org/apache/maven/artifact/repository/metadata/RepositoryMetadata
instanceKlass org/apache/maven/repository/legacy/metadata/ResolutionGroup
instanceKlass org/apache/maven/project/artifact/MavenMetadataSource
instanceKlass org/apache/maven/artifact/versioning/VersionRange
instanceKlass org/apache/maven/artifact/factory/DefaultArtifactFactory
instanceKlass org/apache/maven/project/ReactorModelPool
instanceKlass org/apache/maven/model/building/ModelBuildingResult
instanceKlass org/apache/maven/project/DefaultProjectBuilder$InternalConfig
instanceKlass org/apache/maven/project/DependencyResolutionResult
instanceKlass org/apache/maven/model/resolution/ModelResolver
instanceKlass org/apache/maven/model/RepositoryBase
instanceKlass org/apache/maven/project/ProjectBuildingResult
instanceKlass org/apache/maven/model/building/ModelBuildingListener
instanceKlass org/apache/maven/model/building/ModelCache
instanceKlass org/apache/maven/project/DependencyResolutionRequest
instanceKlass org/apache/maven/project/DefaultProjectBuilder
instanceKlass org/apache/maven/repository/legacy/resolver/conflict/DefaultConflictResolverFactory
instanceKlass org/apache/maven/lifecycle/DefaultLifecycleExecutor
instanceKlass org/apache/maven/wagon/InputData
instanceKlass org/apache/maven/wagon/OutputData
instanceKlass java/util/EventObject
instanceKlass org/apache/maven/wagon/resource/Resource
instanceKlass org/apache/maven/wagon/events/SessionListener
instanceKlass org/apache/maven/wagon/repository/RepositoryPermissions
instanceKlass org/apache/maven/wagon/events/TransferEventSupport
instanceKlass org/apache/maven/wagon/events/SessionEventSupport
instanceKlass org/apache/maven/wagon/proxy/ProxyInfoProvider
instanceKlass org/apache/maven/wagon/AbstractWagon
instanceKlass org/apache/maven/wagon/StreamingWagon
instanceKlass org/apache/maven/lifecycle/mapping/DefaultLifecycleMapping
instanceKlass org/apache/maven/plugin/PluginRealmCache$CacheRecord
instanceKlass org/apache/maven/plugin/PluginRealmCache$PluginRealmSupplier
instanceKlass org/eclipse/aether/RepositorySystemSession
instanceKlass org/eclipse/aether/graph/DependencyFilter
instanceKlass org/apache/maven/plugin/PluginRealmCache$Key
instanceKlass org/apache/maven/plugin/DefaultPluginRealmCache
instanceKlass org/apache/maven/lifecycle/MavenExecutionPlan
instanceKlass org/apache/maven/lifecycle/internal/TaskSegment
instanceKlass org/apache/maven/lifecycle/internal/ReactorContext
instanceKlass org/apache/maven/execution/BuildSummary
instanceKlass org/apache/maven/profiles/ProfilesRoot
instanceKlass org/apache/maven/artifact/resolver/ResolutionNode
instanceKlass org/apache/maven/repository/legacy/resolver/conflict/NewestConflictResolver
instanceKlass org/apache/maven/model/building/Result
instanceKlass org/apache/maven/execution/ProjectDependencyGraph
instanceKlass org/apache/maven/graph/DefaultGraphBuilder
instanceKlass org/apache/maven/settings/crypto/SettingsDecryptionRequest
instanceKlass org/apache/maven/wagon/observers/ChecksumObserver
instanceKlass org/apache/maven/wagon/authentication/AuthenticationInfo
instanceKlass org/apache/maven/wagon/proxy/ProxyInfo
instanceKlass org/apache/maven/wagon/repository/Repository
instanceKlass org/apache/maven/artifact/metadata/ArtifactMetadata
instanceKlass org/apache/maven/repository/legacy/metadata/ArtifactMetadata
instanceKlass org/apache/maven/repository/legacy/DefaultWagonManager
instanceKlass org/apache/maven/wagon/events/TransferListener
instanceKlass org/apache/maven/profiles/ProfileManager
instanceKlass org/apache/maven/artifact/repository/ArtifactRepository
instanceKlass org/apache/maven/model/building/ModelSource
instanceKlass org/apache/maven/project/DefaultMavenProjectBuilder
instanceKlass org/apache/maven/artifact/Artifact
instanceKlass org/apache/maven/configuration/BeanConfigurationRequest
instanceKlass org/codehaus/plexus/component/configurator/converters/lookup/ConverterLookup
instanceKlass org/codehaus/plexus/component/configurator/expression/ExpressionEvaluator
instanceKlass org/codehaus/plexus/configuration/PlexusConfiguration
instanceKlass org/apache/maven/configuration/internal/DefaultBeanConfigurator
instanceKlass org/apache/maven/project/ProjectBuilderConfiguration
instanceKlass org/codehaus/plexus/logging/AbstractLogEnabled
instanceKlass org/apache/maven/model/building/ModelProblemCollector
instanceKlass org/apache/maven/model/building/ModelBuildingRequest
instanceKlass org/apache/maven/model/ModelBase
instanceKlass org/apache/maven/model/merge/ModelMerger
instanceKlass org/apache/maven/model/plugin/DefaultLifecycleBindingsInjector
instanceKlass org/apache/maven/lifecycle/mapping/LifecyclePhase
instanceKlass org/apache/maven/lifecycle/internal/DefaultLifecyclePluginAnalyzer$GoalSpec
instanceKlass org/apache/maven/model/ConfigurationContainer
instanceKlass org/apache/maven/model/InputLocationTracker
instanceKlass org/apache/maven/lifecycle/internal/DefaultLifecyclePluginAnalyzer
instanceKlass org/apache/maven/artifact/handler/DefaultArtifactHandler
instanceKlass org/objectweb/asm/Handler
instanceKlass org/objectweb/asm/Frame
instanceKlass org/objectweb/asm/ByteVector
instanceKlass org/objectweb/asm/Symbol
instanceKlass org/objectweb/asm/SymbolTable
instanceKlass org/objectweb/asm/MethodVisitor
instanceKlass org/objectweb/asm/FieldVisitor
instanceKlass org/objectweb/asm/ModuleVisitor
instanceKlass org/objectweb/asm/RecordComponentVisitor
instanceKlass com/google/inject/spi/ProviderWithExtensionVisitor
instanceKlass com/google/common/collect/Iterables
instanceKlass java/util/stream/ForEachOps$ForEachOp
instanceKlass java/util/stream/ForEachOps
instanceKlass org/eclipse/sisu/plexus/PlexusBean
instanceKlass org/codehaus/plexus/component/repository/ComponentDescriptor
instanceKlass com/google/inject/spi/ProvidesMethodBinding
instanceKlass org/eclipse/sisu/inject/Guice4
instanceKlass com/google/inject/internal/GuiceInternal
instanceKlass org/sonatype/inject/Parameters
instanceKlass org/eclipse/sisu/plexus/PlexusXmlBeanConverter
instanceKlass org/eclipse/sisu/plexus/PlexusBeanConverter
instanceKlass com/google/inject/spi/TypeConverterBinding
instanceKlass java/lang/reflect/AnnotatedParameterizedType
instanceKlass sun/reflect/generics/tree/Wildcard
instanceKlass sun/reflect/generics/tree/BottomSignature
instanceKlass org/eclipse/sisu/inject/DefaultRankingFunction
instanceKlass com/google/inject/spi/ProvisionListenerBinding
instanceKlass com/google/inject/spi/TypeListenerBinding
instanceKlass org/eclipse/sisu/bean/BeanListener
instanceKlass com/google/inject/matcher/Matchers
instanceKlass org/eclipse/sisu/bean/PropertyBinder
instanceKlass org/eclipse/sisu/plexus/PlexusBeanBinder
instanceKlass com/google/inject/spi/InjectionListener
instanceKlass org/sonatype/plexus/components/sec/dispatcher/DefaultSecDispatcher
instanceKlass org/sonatype/plexus/components/cipher/DefaultPlexusCipher
instanceKlass org/sonatype/plexus/components/cipher/PlexusCipher
instanceKlass org/codehaus/plexus/component/configurator/AbstractComponentConfigurator
instanceKlass org/codehaus/plexus/component/configurator/ComponentConfigurator
instanceKlass org/apache/maven/settings/validation/DefaultSettingsValidator
instanceKlass org/apache/maven/settings/validation/SettingsValidator
instanceKlass org/apache/maven/settings/io/DefaultSettingsWriter
instanceKlass org/apache/maven/settings/io/SettingsWriter
instanceKlass org/apache/maven/settings/io/DefaultSettingsReader
instanceKlass org/apache/maven/settings/io/SettingsReader
instanceKlass org/apache/maven/settings/crypto/DefaultSettingsDecrypter
instanceKlass org/apache/maven/settings/crypto/SettingsDecrypter
instanceKlass org/apache/maven/settings/building/DefaultSettingsBuilder
instanceKlass org/apache/maven/settings/building/SettingsBuilder
instanceKlass org/eclipse/aether/transport/wagon/WagonTransporterFactory
instanceKlass org/eclipse/aether/internal/transport/wagon/PlexusWagonProvider
instanceKlass org/eclipse/aether/transport/wagon/WagonProvider
instanceKlass org/eclipse/aether/internal/transport/wagon/PlexusWagonConfigurator
instanceKlass org/eclipse/aether/transport/wagon/WagonConfigurator
instanceKlass org/eclipse/aether/transport/http/ChecksumExtractor
instanceKlass org/eclipse/aether/transport/http/HttpTransporterFactory
instanceKlass org/eclipse/aether/transport/file/FileTransporterFactory
instanceKlass org/eclipse/aether/spi/connector/transport/TransporterFactory
instanceKlass org/apache/maven/repository/internal/VersionsMetadataGeneratorFactory
instanceKlass org/apache/maven/repository/internal/SnapshotMetadataGeneratorFactory
instanceKlass org/apache/maven/repository/internal/PluginsMetadataGeneratorFactory
instanceKlass org/eclipse/aether/impl/MetadataGeneratorFactory
instanceKlass org/apache/maven/repository/internal/DefaultVersionResolver
instanceKlass org/eclipse/aether/impl/VersionResolver
instanceKlass org/apache/maven/repository/internal/DefaultVersionRangeResolver
instanceKlass org/eclipse/aether/impl/VersionRangeResolver
instanceKlass org/apache/maven/repository/internal/DefaultModelCacheFactory
instanceKlass org/apache/maven/repository/internal/ModelCacheFactory
instanceKlass org/apache/maven/repository/internal/DefaultArtifactDescriptorReader
instanceKlass org/eclipse/aether/impl/ArtifactDescriptorReader
instanceKlass org/eclipse/aether/named/support/NamedLockFactorySupport
instanceKlass org/eclipse/aether/named/NamedLockFactory
instanceKlass org/eclipse/aether/internal/impl/synccontext/named/providers/StaticNameMapperProvider
instanceKlass org/eclipse/aether/internal/impl/synccontext/named/providers/GAVNameMapperProvider
instanceKlass org/eclipse/aether/internal/impl/synccontext/named/providers/GAECVNameMapperProvider
instanceKlass org/eclipse/aether/internal/impl/synccontext/named/providers/FileStaticNameMapperProvider
instanceKlass org/eclipse/aether/internal/impl/synccontext/named/providers/FileHashingGAVNameMapperProvider
instanceKlass org/eclipse/aether/internal/impl/synccontext/named/providers/FileHashingGAECVNameMapperProvider
instanceKlass org/eclipse/aether/internal/impl/synccontext/named/providers/FileGAVNameMapperProvider
instanceKlass org/eclipse/aether/internal/impl/synccontext/named/providers/FileGAECVNameMapperProvider
instanceKlass org/eclipse/aether/internal/impl/synccontext/named/NameMapper
instanceKlass org/eclipse/aether/internal/impl/synccontext/named/providers/DiscriminatingNameMapperProvider
instanceKlass org/eclipse/aether/internal/impl/synccontext/named/NamedLockFactoryAdapterFactoryImpl
instanceKlass org/eclipse/aether/internal/impl/synccontext/named/NamedLockFactoryAdapterFactory
instanceKlass org/eclipse/aether/internal/impl/synccontext/legacy/DefaultSyncContextFactory
instanceKlass org/eclipse/aether/impl/SyncContextFactory
instanceKlass org/eclipse/aether/internal/impl/synccontext/DefaultSyncContextFactory
instanceKlass org/eclipse/aether/spi/synccontext/SyncContextFactory
instanceKlass java/lang/Deprecated
instanceKlass org/eclipse/aether/internal/impl/slf4j/Slf4jLoggerFactory
instanceKlass org/eclipse/aether/internal/impl/resolution/ArtifactResolverPostProcessorSupport
instanceKlass org/eclipse/aether/internal/impl/filter/RemoteRepositoryFilterSourceSupport
instanceKlass org/eclipse/aether/spi/connector/filter/RemoteRepositoryFilterSource
instanceKlass org/eclipse/aether/spi/resolution/ArtifactResolverPostProcessor
instanceKlass org/eclipse/aether/internal/impl/filter/DefaultRemoteRepositoryFilterManager
instanceKlass org/eclipse/aether/impl/RemoteRepositoryFilterManager
instanceKlass org/eclipse/aether/internal/impl/collect/DependencyCollectorDelegate
instanceKlass org/eclipse/aether/internal/impl/collect/DefaultDependencyCollector
instanceKlass org/eclipse/aether/impl/DependencyCollector
instanceKlass org/eclipse/aether/internal/impl/checksum/TrustedToProvidedChecksumsSourceAdapter
instanceKlass org/eclipse/aether/spi/checksums/ProvidedChecksumsSource
instanceKlass org/eclipse/aether/internal/impl/checksum/FileTrustedChecksumsSourceSupport
instanceKlass org/eclipse/aether/spi/checksums/TrustedChecksumsSource
instanceKlass org/eclipse/aether/spi/connector/checksum/ChecksumAlgorithmFactorySupport
instanceKlass org/eclipse/aether/spi/connector/checksum/ChecksumAlgorithmFactory
instanceKlass org/eclipse/aether/internal/impl/checksum/DefaultChecksumAlgorithmFactorySelector
instanceKlass org/eclipse/aether/spi/connector/checksum/ChecksumAlgorithmFactorySelector
instanceKlass org/eclipse/aether/internal/impl/SimpleLocalRepositoryManagerFactory
instanceKlass org/eclipse/aether/internal/impl/Maven2RepositoryLayoutFactory
instanceKlass org/eclipse/aether/spi/connector/layout/RepositoryLayoutFactory
instanceKlass org/eclipse/aether/spi/log/LoggerFactory
instanceKlass org/eclipse/aether/internal/impl/LoggerFactoryProvider
instanceKlass org/eclipse/aether/internal/impl/EnhancedLocalRepositoryManagerFactory
instanceKlass org/eclipse/aether/spi/localrepo/LocalRepositoryManagerFactory
instanceKlass org/eclipse/aether/internal/impl/DefaultUpdatePolicyAnalyzer
instanceKlass org/eclipse/aether/impl/UpdatePolicyAnalyzer
instanceKlass org/eclipse/aether/internal/impl/DefaultUpdateCheckManager
instanceKlass org/eclipse/aether/impl/UpdateCheckManager
instanceKlass java/lang/Long$LongCache
instanceKlass org/eclipse/aether/internal/impl/DefaultTransporterProvider
instanceKlass org/eclipse/aether/spi/connector/transport/TransporterProvider
instanceKlass org/eclipse/aether/internal/impl/DefaultTrackingFileManager
instanceKlass org/eclipse/aether/internal/impl/TrackingFileManager
instanceKlass org/eclipse/aether/internal/impl/DefaultRepositorySystemLifecycle
instanceKlass org/eclipse/aether/impl/RepositorySystemLifecycle
instanceKlass org/eclipse/aether/internal/impl/DefaultRepositorySystem
instanceKlass org/eclipse/aether/RepositorySystem
instanceKlass org/eclipse/aether/internal/impl/DefaultRepositoryLayoutProvider
instanceKlass org/eclipse/aether/spi/connector/layout/RepositoryLayoutProvider
instanceKlass org/eclipse/aether/internal/impl/DefaultRepositoryEventDispatcher
instanceKlass org/eclipse/aether/impl/RepositoryEventDispatcher
instanceKlass org/eclipse/aether/internal/impl/DefaultRepositoryConnectorProvider
instanceKlass org/eclipse/aether/impl/RepositoryConnectorProvider
instanceKlass org/eclipse/aether/internal/impl/DefaultRemoteRepositoryManager
instanceKlass org/eclipse/aether/impl/RemoteRepositoryManager
instanceKlass org/eclipse/aether/internal/impl/DefaultOfflineController
instanceKlass org/eclipse/aether/impl/OfflineController
instanceKlass org/eclipse/aether/internal/impl/DefaultMetadataResolver
instanceKlass org/eclipse/aether/impl/MetadataResolver
instanceKlass org/eclipse/aether/internal/impl/DefaultLocalRepositoryProvider
instanceKlass org/eclipse/aether/impl/LocalRepositoryProvider
instanceKlass org/eclipse/aether/internal/impl/LocalPathPrefixComposerFactorySupport
instanceKlass org/eclipse/aether/internal/impl/LocalPathPrefixComposerFactory
instanceKlass org/eclipse/aether/internal/impl/DefaultLocalPathComposer
instanceKlass org/eclipse/aether/internal/impl/LocalPathComposer
instanceKlass org/eclipse/aether/internal/impl/DefaultInstaller
instanceKlass org/eclipse/aether/impl/Installer
instanceKlass org/eclipse/aether/internal/impl/DefaultFileProcessor
instanceKlass org/eclipse/aether/spi/io/FileProcessor
instanceKlass org/eclipse/aether/internal/impl/DefaultDeployer
instanceKlass org/eclipse/aether/impl/Deployer
instanceKlass org/eclipse/aether/internal/impl/DefaultChecksumPolicyProvider
instanceKlass org/eclipse/aether/spi/connector/checksum/ChecksumPolicyProvider
instanceKlass org/eclipse/aether/internal/impl/DefaultArtifactResolver
instanceKlass org/eclipse/aether/impl/ArtifactResolver
instanceKlass org/eclipse/aether/connector/basic/BasicRepositoryConnectorFactory
instanceKlass org/eclipse/aether/spi/locator/Service
instanceKlass org/eclipse/aether/spi/connector/RepositoryConnectorFactory
instanceKlass org/apache/maven/model/validation/DefaultModelValidator
instanceKlass org/apache/maven/model/validation/ModelValidator
instanceKlass org/apache/maven/model/superpom/DefaultSuperPomProvider
instanceKlass org/apache/maven/model/superpom/SuperPomProvider
instanceKlass org/apache/maven/model/profile/activation/PropertyProfileActivator
instanceKlass org/apache/maven/model/profile/activation/OperatingSystemProfileActivator
instanceKlass org/apache/maven/model/profile/activation/JdkVersionProfileActivator
instanceKlass org/apache/maven/model/profile/activation/FileProfileActivator
instanceKlass org/apache/maven/model/profile/activation/ProfileActivator
instanceKlass org/apache/maven/model/profile/DefaultProfileSelector
instanceKlass org/apache/maven/model/profile/ProfileSelector
instanceKlass org/apache/maven/model/profile/DefaultProfileInjector
instanceKlass org/apache/maven/model/profile/ProfileInjector
instanceKlass org/apache/maven/model/plugin/DefaultReportingConverter
instanceKlass org/apache/maven/model/plugin/ReportingConverter
instanceKlass org/apache/maven/model/plugin/DefaultReportConfigurationExpander
instanceKlass org/apache/maven/model/plugin/ReportConfigurationExpander
instanceKlass org/apache/maven/model/plugin/DefaultPluginConfigurationExpander
instanceKlass org/apache/maven/model/plugin/PluginConfigurationExpander
instanceKlass org/apache/maven/model/path/ProfileActivationFilePathInterpolator
instanceKlass org/apache/maven/model/path/DefaultUrlNormalizer
instanceKlass org/apache/maven/model/path/UrlNormalizer
instanceKlass org/apache/maven/model/path/DefaultPathTranslator
instanceKlass org/apache/maven/model/path/PathTranslator
instanceKlass org/apache/maven/model/path/DefaultModelUrlNormalizer
instanceKlass org/apache/maven/model/path/ModelUrlNormalizer
instanceKlass org/apache/maven/model/path/DefaultModelPathTranslator
instanceKlass org/apache/maven/model/path/ModelPathTranslator
instanceKlass org/apache/maven/model/normalization/DefaultModelNormalizer
instanceKlass org/apache/maven/model/normalization/ModelNormalizer
instanceKlass org/apache/maven/model/management/DefaultPluginManagementInjector
instanceKlass org/apache/maven/model/management/PluginManagementInjector
instanceKlass org/apache/maven/model/management/DefaultDependencyManagementInjector
instanceKlass org/apache/maven/model/management/DependencyManagementInjector
instanceKlass org/apache/maven/model/locator/DefaultModelLocator
instanceKlass org/apache/maven/model/io/DefaultModelWriter
instanceKlass org/apache/maven/model/io/ModelWriter
instanceKlass org/apache/maven/model/io/DefaultModelReader
instanceKlass org/apache/maven/model/interpolation/AbstractStringBasedModelInterpolator
instanceKlass org/apache/maven/model/interpolation/ModelInterpolator
instanceKlass org/apache/maven/model/interpolation/DefaultModelVersionProcessor
instanceKlass org/apache/maven/model/interpolation/ModelVersionProcessor
instanceKlass org/apache/maven/model/inheritance/DefaultInheritanceAssembler
instanceKlass org/apache/maven/model/inheritance/InheritanceAssembler
instanceKlass org/apache/maven/model/composition/DefaultDependencyManagementImporter
instanceKlass org/apache/maven/model/composition/DependencyManagementImporter
instanceKlass org/apache/maven/model/building/DefaultModelProcessor
instanceKlass org/apache/maven/model/building/ModelProcessor
instanceKlass org/apache/maven/model/io/ModelReader
instanceKlass org/apache/maven/model/locator/ModelLocator
instanceKlass org/apache/maven/model/building/DefaultModelBuilder
instanceKlass org/apache/maven/model/building/ModelBuilder
instanceKlass org/apache/maven/cli/internal/BootstrapCoreExtensionManager
instanceKlass org/apache/maven/cli/configuration/SettingsXmlConfigurationProcessor
instanceKlass org/apache/maven/cli/configuration/ConfigurationProcessor
instanceKlass org/apache/maven/toolchain/io/DefaultToolchainsWriter
instanceKlass org/apache/maven/toolchain/io/ToolchainsWriter
instanceKlass org/apache/maven/toolchain/io/DefaultToolchainsReader
instanceKlass org/apache/maven/toolchain/io/ToolchainsReader
instanceKlass org/apache/maven/toolchain/building/DefaultToolchainsBuilder
instanceKlass org/apache/maven/toolchain/building/ToolchainsBuilder
instanceKlass org/apache/maven/execution/MavenSession
instanceKlass org/apache/maven/session/scope/internal/SessionScope$ScopeState
instanceKlass org/apache/maven/session/scope/internal/SessionScope
instanceKlass org/apache/maven/plugin/internal/MavenPluginMavenPrerequisiteChecker
instanceKlass org/apache/maven/plugin/internal/MavenPluginJavaPrerequisiteChecker
instanceKlass org/apache/maven/plugin/MavenPluginPrerequisitesChecker
instanceKlass jdk/internal/reflect/ClassDefiner$1
instanceKlass jdk/internal/reflect/ClassDefiner
instanceKlass jdk/internal/reflect/MethodAccessorGenerator$1
instanceKlass jdk/internal/reflect/Label$PatchInfo
instanceKlass jdk/internal/reflect/Label
instanceKlass jdk/internal/reflect/UTF8
instanceKlass jdk/internal/reflect/ClassFileAssembler
instanceKlass jdk/internal/reflect/ByteVectorImpl
instanceKlass jdk/internal/reflect/ByteVector
instanceKlass jdk/internal/reflect/ByteVectorFactory
instanceKlass jdk/internal/reflect/AccessorGenerator
instanceKlass jdk/internal/reflect/ClassFileConstants
instanceKlass org/apache/maven/plugin/internal/AbstractMavenPluginDependenciesValidator
instanceKlass org/apache/maven/plugin/internal/MavenPluginDependenciesValidator
instanceKlass org/apache/maven/plugin/internal/AbstractMavenPluginParametersValidator
instanceKlass org/apache/maven/plugin/internal/MavenPluginConfigurationValidator
instanceKlass org/apache/maven/eventspy/AbstractEventSpy
instanceKlass org/apache/maven/eventspy/EventSpy
instanceKlass org/apache/maven/plugin/PluginValidationManager
instanceKlass org/apache/maven/plugin/DefaultMojosExecutionStrategy
instanceKlass org/apache/maven/plugin/MojosExecutionStrategy
instanceKlass org/apache/maven/lifecycle/internal/LifecycleDependencyResolver
instanceKlass org/apache/maven/lifecycle/internal/DefaultProjectArtifactFactory
instanceKlass org/apache/maven/lifecycle/internal/ProjectArtifactFactory
instanceKlass org/sonatype/plexus/components/sec/dispatcher/SecDispatcher
instanceKlass org/apache/maven/internal/secdispatcher/SecDispatcherProvider
instanceKlass org/apache/maven/internal/aether/ResolverLifecycle
instanceKlass org/apache/maven/internal/aether/DefaultRepositorySystemSessionFactory
instanceKlass org/apache/maven/extension/internal/CoreExportsProvider
instanceKlass org/apache/maven/plugin/MojoExecution
instanceKlass org/apache/maven/project/MavenProject
instanceKlass org/apache/maven/execution/MojoExecutionEvent
instanceKlass org/apache/maven/execution/scope/internal/MojoExecutionScope$ScopeState
instanceKlass org/apache/maven/execution/scope/MojoExecutionScoped
instanceKlass com/google/inject/RestrictedBindingSource$Permit
instanceKlass org/apache/maven/execution/scope/internal/MojoExecutionScope$1
instanceKlass org/apache/maven/execution/scope/internal/MojoExecutionScope
instanceKlass org/apache/maven/execution/MojoExecutionListener
instanceKlass org/apache/maven/execution/DefaultMavenExecutionRequestPopulator
instanceKlass org/apache/maven/execution/MavenExecutionRequestPopulator
instanceKlass org/apache/maven/classrealm/DefaultClassRealmManager
instanceKlass org/apache/maven/classrealm/ClassRealmManager
instanceKlass org/apache/maven/SessionScoped
instanceKlass org/apache/maven/ReactorReader
instanceKlass org/apache/maven/repository/internal/MavenWorkspaceReader
instanceKlass org/eclipse/aether/repository/WorkspaceReader
instanceKlass org/eclipse/sisu/space/WildcardKey$QualifiedImpl
instanceKlass org/eclipse/sisu/space/WildcardKey$Qualified
instanceKlass org/eclipse/sisu/space/WildcardKey
instanceKlass org/eclipse/sisu/Typed
instanceKlass org/sonatype/inject/EagerSingleton
instanceKlass org/eclipse/sisu/EagerSingleton
instanceKlass org/sonatype/inject/Mediator
instanceKlass org/eclipse/sisu/inject/TypeArguments
instanceKlass org/apache/maven/DefaultArtifactFilterManager
instanceKlass org/apache/maven/ArtifactFilterManager
instanceKlass org/objectweb/asm/Context
instanceKlass org/objectweb/asm/Attribute
instanceKlass org/objectweb/asm/AnnotationVisitor
instanceKlass org/objectweb/asm/ClassReader
instanceKlass org/eclipse/sisu/space/IndexedClassFinder$1
instanceKlass org/eclipse/sisu/inject/Logs$SLF4JSink
instanceKlass org/eclipse/sisu/inject/Logs$Sink
instanceKlass org/eclipse/sisu/inject/Logs
instanceKlass org/eclipse/sisu/space/QualifierCache
instanceKlass org/eclipse/sisu/space/QualifiedTypeVisitor
instanceKlass org/eclipse/sisu/plexus/PlexusTypeVisitor$ComponentAnnotationVisitor
instanceKlass org/eclipse/sisu/space/AnnotationVisitor
instanceKlass org/eclipse/sisu/plexus/PlexusTypeVisitor
instanceKlass org/eclipse/sisu/space/ClassVisitor
instanceKlass org/eclipse/sisu/plexus/PlexusXmlBeanModule$PlexusXmlBeanSource
instanceKlass org/eclipse/sisu/inject/DescriptionSource
instanceKlass org/eclipse/sisu/inject/AnnotatedSource
instanceKlass org/eclipse/sisu/Priority
instanceKlass org/eclipse/sisu/Hidden
instanceKlass org/eclipse/sisu/Description
instanceKlass org/eclipse/sisu/inject/Sources
instanceKlass com/google/inject/internal/MoreTypes$ParameterizedTypeImpl
instanceKlass sun/reflect/generics/reflectiveObjects/ParameterizedTypeImpl
instanceKlass sun/reflect/generics/reflectiveObjects/LazyReflectiveObjectGenerator
instanceKlass com/google/inject/Key$AnnotationInstanceStrategy
instanceKlass com/google/inject/name/NamedImpl
instanceKlass com/google/inject/name/Named
instanceKlass com/google/inject/name/Names
instanceKlass org/apache/maven/wagon/Wagon
instanceKlass org/apache/maven/toolchain/ToolchainsBuilder
instanceKlass org/apache/maven/toolchain/ToolchainManagerPrivate
instanceKlass org/apache/maven/toolchain/ToolchainManager
instanceKlass org/apache/maven/toolchain/ToolchainFactory
instanceKlass org/apache/maven/settings/MavenSettingsBuilder
instanceKlass org/apache/maven/rtinfo/RuntimeInformation
instanceKlass org/apache/maven/project/artifact/ProjectArtifactsCache
instanceKlass org/apache/maven/project/artifact/MavenMetadataCache
instanceKlass org/apache/maven/project/ProjectRealmCache
instanceKlass org/apache/maven/project/ProjectDependenciesResolver
instanceKlass org/apache/maven/project/ProjectBuildingHelper
instanceKlass org/apache/maven/project/ProjectBuilder
instanceKlass org/apache/maven/project/MavenProjectHelper
instanceKlass org/apache/maven/plugin/version/PluginVersionResolver
instanceKlass org/apache/maven/plugin/prefix/PluginPrefixResolver
instanceKlass org/apache/maven/plugin/internal/PluginDependenciesResolver
instanceKlass org/apache/maven/plugin/PluginRealmCache
instanceKlass org/apache/maven/plugin/PluginManager
instanceKlass org/apache/maven/plugin/PluginDescriptorCache
instanceKlass org/apache/maven/plugin/PluginArtifactsCache
instanceKlass org/apache/maven/plugin/MavenPluginManager
instanceKlass org/apache/maven/plugin/LegacySupport
instanceKlass org/apache/maven/plugin/ExtensionRealmCache
instanceKlass org/apache/maven/plugin/BuildPluginManager
instanceKlass org/apache/maven/model/plugin/LifecycleBindingsInjector
instanceKlass org/apache/maven/lifecycle/internal/builder/BuilderCommon
instanceKlass org/apache/maven/lifecycle/internal/builder/Builder
instanceKlass org/apache/maven/lifecycle/internal/MojoExecutor
instanceKlass org/apache/maven/lifecycle/internal/MojoDescriptorCreator
instanceKlass org/apache/maven/lifecycle/internal/LifecycleTaskSegmentCalculator
instanceKlass org/apache/maven/lifecycle/internal/LifecycleStarter
instanceKlass org/apache/maven/lifecycle/internal/LifecyclePluginResolver
instanceKlass org/apache/maven/lifecycle/internal/LifecycleModuleBuilder
instanceKlass org/apache/maven/lifecycle/internal/LifecycleExecutionPlanCalculator
instanceKlass org/apache/maven/lifecycle/internal/LifecycleDebugLogger
instanceKlass org/apache/maven/lifecycle/internal/ExecutionEventCatapult
instanceKlass org/apache/maven/lifecycle/internal/BuildListCalculator
instanceKlass org/apache/maven/lifecycle/MojoExecutionConfigurator
instanceKlass org/apache/maven/lifecycle/LifecycleMappingDelegate
instanceKlass org/apache/maven/lifecycle/LifecycleExecutor
instanceKlass org/apache/maven/lifecycle/LifeCyclePluginAnalyzer
instanceKlass org/apache/maven/lifecycle/DefaultLifecycles
instanceKlass org/apache/maven/graph/GraphBuilder
instanceKlass org/apache/maven/eventspy/internal/EventSpyDispatcher
instanceKlass org/apache/maven/configuration/BeanConfigurator
instanceKlass org/apache/maven/bridge/MavenRepositorySystem
instanceKlass org/apache/maven/artifact/resolver/ResolutionErrorHandler
instanceKlass org/apache/maven/artifact/repository/metadata/io/MetadataReader
instanceKlass org/apache/maven/artifact/metadata/ArtifactMetadataSource
instanceKlass org/apache/maven/repository/legacy/metadata/ArtifactMetadataSource
instanceKlass org/apache/maven/artifact/handler/manager/ArtifactHandlerManager
instanceKlass org/apache/maven/artifact/factory/ArtifactFactory
instanceKlass org/apache/maven/ProjectDependenciesResolver
instanceKlass org/apache/maven/Maven
instanceKlass org/apache/maven/artifact/handler/ArtifactHandler
instanceKlass org/apache/maven/lifecycle/Lifecycle
instanceKlass org/eclipse/sisu/space/CloningClassSpace$1
instanceKlass org/apache/maven/lifecycle/mapping/LifecycleMapping
instanceKlass org/apache/maven/repository/metadata/GraphConflictResolver
instanceKlass org/apache/maven/repository/metadata/GraphConflictResolutionPolicy
instanceKlass org/eclipse/sisu/plexus/ConfigurationImpl
instanceKlass org/apache/maven/repository/metadata/ClasspathTransformation
instanceKlass org/apache/maven/repository/legacy/resolver/transform/ArtifactTransformationManager
instanceKlass org/apache/maven/repository/legacy/resolver/transform/ArtifactTransformation
instanceKlass org/apache/maven/repository/legacy/resolver/conflict/ConflictResolverFactory
instanceKlass org/apache/maven/repository/legacy/resolver/conflict/ConflictResolver
instanceKlass jdk/internal/access/foreign/MemorySegmentProxy
instanceKlass org/apache/maven/repository/legacy/repository/ArtifactRepositoryFactory
instanceKlass org/apache/maven/repository/legacy/UpdateCheckManager
instanceKlass org/apache/maven/repository/RepositorySystem
instanceKlass org/apache/maven/repository/MirrorSelector
instanceKlass org/apache/maven/project/validation/ModelValidator
instanceKlass org/apache/maven/project/path/PathTranslator
instanceKlass org/apache/maven/project/interpolation/ModelInterpolator
instanceKlass org/apache/maven/project/inheritance/ModelInheritanceAssembler
instanceKlass org/apache/maven/project/MavenProjectBuilder
instanceKlass org/apache/maven/profiles/MavenProfilesBuilder
instanceKlass org/apache/maven/execution/RuntimeInformation
instanceKlass org/apache/maven/artifact/resolver/ArtifactResolver
instanceKlass org/apache/maven/artifact/resolver/ArtifactCollector
instanceKlass org/apache/maven/repository/legacy/resolver/LegacyArtifactCollector
instanceKlass org/apache/maven/artifact/repository/metadata/RepositoryMetadataManager
instanceKlass org/apache/maven/artifact/repository/layout/ArtifactRepositoryLayout
instanceKlass org/apache/maven/artifact/repository/ArtifactRepositoryFactory
instanceKlass org/apache/maven/artifact/manager/WagonManager
instanceKlass org/apache/maven/repository/legacy/WagonManager
instanceKlass org/apache/maven/artifact/installer/ArtifactInstaller
instanceKlass org/eclipse/sisu/plexus/PlexusXmlMetadata
instanceKlass org/eclipse/sisu/plexus/Roles
instanceKlass org/apache/maven/artifact/deployer/ArtifactDeployer
instanceKlass org/eclipse/sisu/plexus/Hints
instanceKlass org/eclipse/sisu/space/AbstractDeferredClass
instanceKlass org/eclipse/sisu/plexus/RequirementImpl
instanceKlass org/codehaus/plexus/component/annotations/Requirement
instanceKlass org/eclipse/sisu/space/Streams
instanceKlass jdk/internal/misc/ScopedMemoryAccess$Scope
instanceKlass org/eclipse/sisu/plexus/ComponentImpl
instanceKlass org/codehaus/plexus/component/annotations/Component
instanceKlass org/eclipse/sisu/plexus/PlexusTypeRegistry
instanceKlass org/eclipse/sisu/plexus/PlexusXmlScanner
instanceKlass org/eclipse/sisu/space/QualifiedTypeBinder
instanceKlass org/eclipse/sisu/plexus/PlexusTypeBinder
instanceKlass com/google/inject/spi/InjectionRequest
instanceKlass org/eclipse/sisu/bean/BeanProperty
instanceKlass com/google/common/collect/ObjectArrays
instanceKlass com/google/inject/internal/Nullability
instanceKlass com/google/inject/internal/KotlinSupport$KotlinUnsupported
instanceKlass com/google/inject/internal/KotlinSupport$KotlinSupportHolder
instanceKlass com/google/inject/internal/KotlinSupportInterface
instanceKlass com/google/inject/internal/KotlinSupport
instanceKlass com/google/inject/spi/InjectionPoint$OverrideIndex
instanceKlass org/eclipse/sisu/inject/RankedBindings
instanceKlass org/eclipse/sisu/Mediator
instanceKlass sun/reflect/generics/tree/TypeVariableSignature
instanceKlass com/google/inject/Inject
instanceKlass javax/inject/Inject
instanceKlass java/lang/reflect/WildcardType
instanceKlass java/lang/reflect/TypeVariable
instanceKlass com/google/inject/spi/InjectionPoint$InjectableMembers
instanceKlass com/google/inject/spi/InjectionPoint$InjectableMember
instanceKlass com/google/inject/spi/InjectionPoint
instanceKlass java/lang/reflect/ParameterizedType
instanceKlass com/google/inject/internal/MoreTypes$GenericArrayTypeImpl
instanceKlass com/google/inject/internal/MoreTypes$CompositeType
instanceKlass com/google/inject/Key$AnnotationTypeStrategy
instanceKlass com/google/common/util/concurrent/AbstractFuture$Failure
instanceKlass com/google/common/util/concurrent/AbstractFuture$Cancellation
instanceKlass com/google/common/util/concurrent/AbstractFuture$DelegatingToFuture
instanceKlass com/google/common/util/concurrent/Platform
instanceKlass com/google/common/util/concurrent/Uninterruptibles
instanceKlass com/google/common/util/concurrent/AbstractFuture$Listener
instanceKlass com/google/common/util/concurrent/AbstractFutureState$Waiter
instanceKlass com/google/common/util/concurrent/LazyLogger
instanceKlass java/util/concurrent/Executor
instanceKlass com/google/common/util/concurrent/AbstractFutureState$AtomicHelper
instanceKlass com/google/common/util/concurrent/internal/InternalFutureFailureAccess
instanceKlass com/google/common/util/concurrent/AbstractFuture$Trusted
instanceKlass com/google/common/util/concurrent/ListenableFuture
instanceKlass java/lang/invoke/VarHandle$AccessDescriptor
instanceKlass java/lang/annotation/Documented
instanceKlass java/lang/annotation/Target
instanceKlass javax/inject/Named
instanceKlass javax/inject/Qualifier
instanceKlass com/google/inject/BindingAnnotation
instanceKlass javax/inject/Scope
instanceKlass com/google/inject/ScopeAnnotation
instanceKlass com/google/inject/internal/Annotations$AnnotationChecker
instanceKlass java/lang/reflect/Proxy$ProxyBuilder$1
instanceKlass jdk/internal/org/objectweb/asm/Edge
instanceKlass java/lang/reflect/ProxyGenerator$PrimitiveTypeInfo
instanceKlass java/util/StringJoiner
instanceKlass java/lang/reflect/ProxyGenerator$ProxyMethod
instanceKlass java/lang/WeakPairMap$Pair$Lookup
instanceKlass java/lang/WeakPairMap$Pair
instanceKlass java/lang/WeakPairMap
instanceKlass java/lang/Module$ReflectionData
instanceKlass jdk/internal/module/Checks
instanceKlass java/lang/module/ModuleDescriptor$Builder
instanceKlass java/lang/PublicMethods
instanceKlass java/util/Collections$1
instanceKlass java/lang/reflect/Proxy$ProxyBuilder
instanceKlass java/lang/reflect/Proxy
instanceKlass sun/reflect/annotation/AnnotationInvocationHandler
instanceKlass sun/reflect/annotation/AnnotationParser$1
instanceKlass sun/reflect/annotation/ExceptionProxy
instanceKlass java/lang/annotation/Inherited
instanceKlass java/lang/annotation/Retention
instanceKlass sun/reflect/annotation/AnnotationType$1
instanceKlass sun/reflect/annotation/AnnotationType
instanceKlass java/lang/reflect/GenericArrayType
instanceKlass sun/reflect/generics/visitor/Reifier
instanceKlass sun/reflect/generics/visitor/TypeTreeVisitor
instanceKlass sun/reflect/generics/factory/CoreReflectionFactory
instanceKlass sun/reflect/generics/factory/GenericsFactory
instanceKlass sun/reflect/generics/scope/AbstractScope
instanceKlass sun/reflect/generics/scope/Scope
instanceKlass com/google/inject/internal/Annotations$TestAnnotation
instanceKlass com/google/inject/internal/Annotations$AnnotationToStringConfig
instanceKlass com/google/common/base/Joiner$MapJoiner
instanceKlass com/google/common/base/Joiner
instanceKlass java/lang/reflect/InvocationHandler
instanceKlass com/google/inject/internal/Annotations
instanceKlass org/eclipse/sisu/Parameters
instanceKlass org/eclipse/sisu/wire/ParameterKeys
instanceKlass com/google/inject/internal/util/StackTraceElements$InMemoryStackTraceElement
instanceKlass com/google/inject/internal/util/StackTraceElements
instanceKlass org/eclipse/sisu/wire/TypeConverterCache
instanceKlass com/google/inject/internal/Scoping
instanceKlass com/google/inject/internal/InternalFactory
instanceKlass java/lang/StackTraceElement$HashedModules
instanceKlass com/google/inject/internal/InternalFlags$1
instanceKlass com/google/inject/internal/InternalFlags
instanceKlass com/google/inject/spi/LinkedKeyBinding
instanceKlass com/google/inject/spi/ConstructorBinding
instanceKlass com/google/inject/spi/InstanceBinding
instanceKlass com/google/inject/internal/DelayedInitialize
instanceKlass com/google/inject/spi/ProviderKeyBinding
instanceKlass com/google/inject/spi/ProviderInstanceBinding
instanceKlass com/google/inject/spi/HasDependencies
instanceKlass com/google/inject/spi/UntargettedBinding
instanceKlass com/google/inject/internal/BindingImpl
instanceKlass com/google/inject/Key$AnnotationStrategy
instanceKlass org/eclipse/sisu/wire/ElementAnalyzer$1
instanceKlass com/google/inject/util/Modules$EmptyModule
instanceKlass com/google/inject/util/Modules$OverriddenModuleBuilder
instanceKlass com/google/inject/util/Modules
instanceKlass java/util/stream/Nodes$ArrayNode
instanceKlass java/util/stream/Node$Builder
instanceKlass java/util/stream/Node$OfDouble
instanceKlass java/util/stream/Node$OfLong
instanceKlass java/util/stream/Node$OfInt
instanceKlass java/util/stream/Node$OfPrimitive
instanceKlass java/util/stream/Nodes$EmptyNode
instanceKlass java/util/stream/Node
instanceKlass java/util/stream/Nodes
instanceKlass java/util/function/IntFunction
instanceKlass java/util/stream/SortedOps
instanceKlass com/google/common/collect/Ordering
instanceKlass com/google/inject/internal/DeclaredMembers
instanceKlass com/google/common/base/ExtraObjectsMethodsForWeb
instanceKlass com/google/common/collect/ImmutableMap$Builder
instanceKlass com/google/inject/internal/MoreTypes
instanceKlass com/google/inject/multibindings/ProvidesIntoOptional
instanceKlass com/google/inject/multibindings/ProvidesIntoMap
instanceKlass com/google/inject/multibindings/ProvidesIntoSet
instanceKlass com/google/inject/Provides
instanceKlass javax/inject/Singleton
instanceKlass com/google/inject/spi/ElementSource
instanceKlass com/google/inject/spi/ScopeBinding
instanceKlass com/google/inject/Scopes$2
instanceKlass com/google/inject/Scopes$1
instanceKlass com/google/inject/internal/SingletonScope
instanceKlass com/google/inject/Scopes
instanceKlass com/google/inject/Singleton
instanceKlass com/google/inject/spi/Elements$ModuleInfo
instanceKlass com/google/inject/PrivateModule
instanceKlass java/util/stream/Streams$2
instanceKlass java/util/stream/Streams$ConcatSpliterator
instanceKlass sun/reflect/annotation/AnnotatedTypeFactory$AnnotatedTypeBaseImpl
instanceKlass java/lang/reflect/AnnotatedType
instanceKlass sun/reflect/annotation/AnnotatedTypeFactory
instanceKlass sun/reflect/annotation/TypeAnnotation$LocationInfo$Location
instanceKlass sun/reflect/annotation/TypeAnnotation$LocationInfo
instanceKlass sun/reflect/generics/tree/ClassSignature
instanceKlass sun/reflect/generics/tree/Signature
instanceKlass sun/reflect/generics/tree/ClassTypeSignature
instanceKlass sun/reflect/generics/tree/SimpleClassTypeSignature
instanceKlass sun/reflect/generics/tree/FieldTypeSignature
instanceKlass sun/reflect/generics/tree/BaseType
instanceKlass sun/reflect/generics/tree/TypeSignature
instanceKlass sun/reflect/generics/tree/ReturnType
instanceKlass sun/reflect/generics/tree/TypeArgument
instanceKlass sun/reflect/generics/tree/FormalTypeParameter
instanceKlass sun/reflect/generics/tree/TypeTree
instanceKlass sun/reflect/generics/tree/Tree
instanceKlass sun/reflect/generics/parser/SignatureParser
instanceKlass sun/reflect/generics/repository/AbstractRepository
instanceKlass sun/reflect/annotation/TypeAnnotation
instanceKlass sun/reflect/annotation/TypeAnnotationParser
instanceKlass java/lang/Class$AnnotationData
instanceKlass com/google/inject/RestrictedBindingSource
instanceKlass com/google/inject/spi/BindingSourceRestriction
instanceKlass com/google/inject/spi/ModuleSource
instanceKlass com/google/inject/internal/ProviderMethodsModule
instanceKlass com/google/inject/spi/BindingSourceRestriction$PermitMapConstruction$PermitMapImpl
instanceKlass com/google/inject/spi/BindingSourceRestriction$PermitMap
instanceKlass com/google/inject/spi/BindingSourceRestriction$PermitMapConstruction
instanceKlass com/google/common/collect/Hashing
instanceKlass com/google/common/math/IntMath$1
instanceKlass com/google/common/math/MathPreconditions
instanceKlass com/google/common/math/IntMath
instanceKlass com/google/inject/internal/AbstractBindingBuilder
instanceKlass com/google/inject/binder/ConstantBindingBuilder
instanceKlass com/google/inject/binder/AnnotatedElementBuilder
instanceKlass com/google/inject/spi/Elements$RecordingBinder
instanceKlass com/google/inject/Binding
instanceKlass com/google/inject/spi/DefaultBindingTargetVisitor
instanceKlass com/google/inject/spi/BindingTargetVisitor
instanceKlass com/google/inject/spi/Elements
instanceKlass com/google/inject/internal/InjectorShell$RootModule
instanceKlass com/google/common/collect/ListMultimap
instanceKlass com/google/inject/internal/InjectorBindingData
instanceKlass java/util/concurrent/atomic/AtomicReferenceArray
instanceKlass com/google/common/cache/LocalCache$LoadingValueReference
instanceKlass java/util/concurrent/Future
instanceKlass java/lang/invoke/VarForm
instanceKlass java/lang/invoke/VarHandleGuards
instanceKlass jdk/internal/util/Preconditions$1
instanceKlass java/lang/invoke/VarHandle$1
instanceKlass java/lang/ClassValue$Version
instanceKlass java/lang/ClassValue$Identity
instanceKlass java/lang/ClassValue
instanceKlass java/lang/invoke/VarHandles
instanceKlass java/util/concurrent/ConcurrentLinkedQueue$Node
instanceKlass com/google/common/cache/Weigher
instanceKlass com/google/common/base/Predicate
instanceKlass com/google/common/base/Equivalence
instanceKlass java/util/function/BiPredicate
instanceKlass com/google/common/base/MoreObjects
instanceKlass com/google/common/cache/LocalCache$1
instanceKlass com/google/common/cache/ReferenceEntry
instanceKlass com/google/common/cache/CacheLoader
instanceKlass com/google/common/cache/LocalCache$LocalManualCache
instanceKlass java/util/AbstractMap$SimpleImmutableEntry
instanceKlass com/google/common/cache/RemovalListener
instanceKlass com/google/common/cache/LocalCache$StrongValueReference
instanceKlass com/google/common/cache/LocalCache$ValueReference
instanceKlass com/google/common/cache/CacheBuilder$2
instanceKlass com/google/common/cache/CacheStats
instanceKlass com/google/common/base/Suppliers$SupplierOfInstance
instanceKlass com/google/common/base/Suppliers
instanceKlass com/google/common/cache/CacheBuilder$1
instanceKlass com/google/common/cache/AbstractCache$StatsCounter
instanceKlass com/google/common/cache/LoadingCache
instanceKlass com/google/common/cache/Cache
instanceKlass com/google/common/base/Supplier
instanceKlass com/google/common/cache/CacheBuilder
instanceKlass com/google/inject/internal/WeakKeySet
instanceKlass com/google/common/collect/Sets
instanceKlass com/google/inject/internal/InjectorJitBindingData
instanceKlass com/google/inject/internal/ProcessedBindingData
instanceKlass com/google/inject/spi/DefaultElementVisitor
instanceKlass com/google/inject/internal/InjectorShell$Builder
instanceKlass com/google/common/collect/Lists
instanceKlass com/google/common/collect/CollectPreconditions
instanceKlass com/google/common/collect/LinkedHashMultimap$MultimapIterationChain
instanceKlass java/lang/StrictMath
instanceKlass com/google/common/collect/Platform
instanceKlass com/google/common/collect/Multiset
instanceKlass com/google/common/collect/AbstractMultimap
instanceKlass com/google/common/collect/SetMultimap
instanceKlass com/google/common/collect/SortedMapDifference
instanceKlass com/google/common/collect/MapDifference
instanceKlass com/google/common/base/Converter
instanceKlass com/google/common/base/Function
instanceKlass com/google/common/collect/ImmutableMap
instanceKlass com/google/common/collect/BiMap
instanceKlass com/google/common/collect/Maps
instanceKlass com/google/inject/internal/CycleDetectingLock
instanceKlass com/google/common/collect/Multimap
instanceKlass com/google/inject/internal/CycleDetectingLock$CycleDetectingLockFactory
instanceKlass com/google/inject/internal/Initializable
instanceKlass com/google/inject/internal/Initializer
instanceKlass com/google/common/collect/PeekingIterator
instanceKlass com/google/common/collect/UnmodifiableIterator
instanceKlass com/google/common/collect/Iterators
instanceKlass com/google/common/collect/ImmutableCollection$Builder
instanceKlass com/google/common/collect/ImmutableSet$SetBuilderImpl
instanceKlass com/google/inject/internal/util/SourceProvider
instanceKlass com/google/inject/spi/ErrorDetail
instanceKlass com/google/inject/internal/Errors
instanceKlass com/google/common/base/Preconditions
instanceKlass java/time/Duration
instanceKlass java/time/temporal/TemporalAmount
instanceKlass java/time/temporal/TemporalUnit
instanceKlass java/util/concurrent/TimeUnit$1
instanceKlass jdk/internal/logger/DefaultLoggerFinder$1
instanceKlass java/util/logging/Logger$SystemLoggerHelper$1
instanceKlass java/util/logging/Logger$SystemLoggerHelper
instanceKlass java/util/logging/LogManager$4
instanceKlass jdk/internal/logger/BootstrapLogger$BootstrapExecutors
instanceKlass jdk/internal/logger/BootstrapLogger$RedirectedLoggers
instanceKlass java/util/Spliterators$1Adapter
instanceKlass java/util/Spliterators$ArraySpliterator
instanceKlass java/util/Spliterator$OfDouble
instanceKlass java/util/Spliterator$OfLong
instanceKlass java/util/Spliterators$EmptySpliterator
instanceKlass java/util/Spliterators
instanceKlass jdk/internal/logger/BootstrapLogger$DetectBackend$1
instanceKlass jdk/internal/logger/BootstrapLogger$DetectBackend
instanceKlass jdk/internal/logger/BootstrapLogger
instanceKlass sun/util/logging/PlatformLogger$ConfigurableBridge
instanceKlass sun/util/logging/PlatformLogger$Bridge
instanceKlass java/lang/System$Logger
instanceKlass java/util/stream/Streams
instanceKlass java/util/stream/Stream$Builder
instanceKlass java/util/stream/Streams$AbstractStreamBuilderImpl
instanceKlass java/util/Hashtable$Enumerator
instanceKlass java/util/logging/LogManager$LoggerContext$1
instanceKlass java/util/logging/LogManager$VisitedLoggers
instanceKlass java/util/logging/LogManager$2
instanceKlass java/lang/System$LoggerFinder
instanceKlass java/util/logging/LogManager$LoggingProviderAccess
instanceKlass sun/util/logging/internal/LoggingProviderImpl$LogManagerAccess
instanceKlass java/util/Collections$SynchronizedMap
instanceKlass java/util/logging/LogManager$LogNode
instanceKlass java/util/logging/LogManager$LoggerContext
instanceKlass java/util/logging/LogManager$1
instanceKlass java/util/logging/LogManager
instanceKlass java/util/logging/Logger$ConfigurationData
instanceKlass java/util/logging/Logger$LoggerBundle
instanceKlass java/util/logging/Level
instanceKlass java/util/logging/Handler
instanceKlass java/util/logging/Logger
instanceKlass com/google/common/base/Ticker
instanceKlass com/google/common/base/Stopwatch
instanceKlass com/google/inject/internal/util/ContinuousStopwatch
instanceKlass com/google/inject/Injector
instanceKlass com/google/inject/internal/InternalInjectorCreator
instanceKlass com/google/inject/Guice
instanceKlass org/eclipse/sisu/wire/Wiring
instanceKlass org/eclipse/sisu/wire/WireModule$Strategy$1
instanceKlass org/eclipse/sisu/wire/WireModule$Strategy
instanceKlass org/eclipse/sisu/wire/AbstractTypeConverter
instanceKlass com/google/inject/spi/ElementVisitor
instanceKlass org/eclipse/sisu/wire/WireModule
instanceKlass org/eclipse/sisu/bean/BeanBinder
instanceKlass org/eclipse/sisu/plexus/PlexusBindingModule
instanceKlass org/codehaus/plexus/DefaultPlexusContainer$BootModule
instanceKlass org/codehaus/plexus/component/annotations/Configuration
instanceKlass org/eclipse/sisu/plexus/PlexusAnnotatedMetadata
instanceKlass org/eclipse/sisu/plexus/PlexusBeanMetadata
instanceKlass org/eclipse/sisu/plexus/PlexusAnnotatedBeanModule$PlexusAnnotatedBeanSource
instanceKlass org/eclipse/sisu/space/SpaceModule$2
instanceKlass org/eclipse/sisu/space/SpaceModule$Strategy$2
instanceKlass org/eclipse/sisu/space/SpaceModule$Strategy$1
instanceKlass org/eclipse/sisu/space/DefaultClassFinder
instanceKlass org/objectweb/asm/ClassVisitor
instanceKlass org/eclipse/sisu/space/SpaceScanner
instanceKlass org/eclipse/sisu/space/IndexedClassFinder
instanceKlass org/eclipse/sisu/space/ClassFinder
instanceKlass org/eclipse/sisu/space/SpaceModule
instanceKlass org/eclipse/sisu/space/SpaceVisitor
instanceKlass org/eclipse/sisu/plexus/PlexusTypeListener
instanceKlass org/eclipse/sisu/space/QualifiedTypeListener
instanceKlass org/eclipse/sisu/plexus/PlexusAnnotatedBeanModule$1
instanceKlass org/eclipse/sisu/space/SpaceModule$Strategy
instanceKlass org/eclipse/sisu/plexus/PlexusAnnotatedBeanModule
instanceKlass org/eclipse/sisu/plexus/PlexusBeanSource
instanceKlass org/eclipse/sisu/plexus/PlexusXmlBeanModule
instanceKlass org/eclipse/sisu/plexus/PlexusBeanModule
instanceKlass org/eclipse/sisu/space/URLClassSpace
instanceKlass org/codehaus/plexus/DefaultPlexusContainer$SLF4JLoggerFactoryProvider
instanceKlass com/google/inject/util/Providers$ConstantProvider
instanceKlass com/google/inject/util/Providers
instanceKlass org/codehaus/plexus/personality/plexus/lifecycle/phase/Disposable
instanceKlass org/codehaus/plexus/personality/plexus/lifecycle/phase/Startable
instanceKlass org/codehaus/plexus/personality/plexus/lifecycle/phase/Initializable
instanceKlass org/codehaus/plexus/personality/plexus/lifecycle/phase/Contextualizable
instanceKlass org/codehaus/plexus/logging/LogEnabled
instanceKlass org/eclipse/sisu/bean/PropertyBinding
instanceKlass javax/annotation/PreDestroy
instanceKlass javax/annotation/PostConstruct
instanceKlass org/eclipse/sisu/bean/LifecycleBuilder
instanceKlass org/eclipse/sisu/bean/BeanScheduler$1
instanceKlass com/google/inject/spi/DefaultBindingScopingVisitor
instanceKlass com/google/inject/spi/BindingScopingVisitor
instanceKlass org/eclipse/sisu/bean/BeanScheduler$CycleActivator
instanceKlass com/google/inject/spi/Dependency
instanceKlass com/google/inject/binder/AnnotatedBindingBuilder
instanceKlass com/google/inject/binder/LinkedBindingBuilder
instanceKlass com/google/inject/binder/ScopedBindingBuilder
instanceKlass com/google/inject/Key
instanceKlass com/google/inject/spi/ModuleAnnotatedMethodScanner
instanceKlass org/aopalliance/intercept/MethodInterceptor
instanceKlass org/aopalliance/intercept/Interceptor
instanceKlass org/aopalliance/aop/Advice
instanceKlass com/google/inject/spi/TypeListener
instanceKlass com/google/inject/MembersInjector
instanceKlass com/google/inject/Scope
instanceKlass com/google/inject/binder/AnnotatedConstantBindingBuilder
instanceKlass com/google/inject/TypeLiteral
instanceKlass com/google/inject/spi/Message
instanceKlass com/google/inject/spi/Element
instanceKlass com/google/inject/PrivateBinder
instanceKlass com/google/inject/spi/ProvisionListener
instanceKlass com/google/inject/Binder
instanceKlass org/eclipse/sisu/bean/BeanScheduler
instanceKlass org/eclipse/sisu/plexus/DefaultPlexusBeanLocator
instanceKlass org/eclipse/sisu/plexus/RealmManager
instanceKlass org/codehaus/plexus/context/ContextMapAdapter
instanceKlass org/codehaus/plexus/context/DefaultContext
instanceKlass org/codehaus/plexus/logging/AbstractLogger
instanceKlass org/codehaus/plexus/logging/AbstractLoggerManager
instanceKlass java/util/Date
instanceKlass java/text/DigitList
instanceKlass java/text/FieldPosition
instanceKlass java/lang/StringUTF16$CharsSpliterator
instanceKlass java/util/stream/Sink$ChainedInt
instanceKlass java/util/OptionalInt
instanceKlass java/util/stream/Sink$OfInt
instanceKlass java/util/function/IntConsumer
instanceKlass java/util/function/IntPredicate
instanceKlass java/util/stream/IntStream
instanceKlass java/lang/StringLatin1$CharsSpliterator
instanceKlass java/util/Spliterator$OfInt
instanceKlass java/util/Spliterator$OfPrimitive
instanceKlass java/text/DecimalFormatSymbols
instanceKlass java/text/DateFormatSymbols
instanceKlass sun/util/calendar/CalendarUtils
instanceKlass sun/util/calendar/CalendarDate
instanceKlass sun/util/resources/Bundles$CacheKeyReference
instanceKlass java/util/ResourceBundle$ResourceBundleProviderHelper
instanceKlass sun/util/resources/Bundles$CacheKey
instanceKlass java/util/ResourceBundle$1
instanceKlass jdk/internal/access/JavaUtilResourceBundleAccess
instanceKlass sun/util/resources/Bundles
instanceKlass sun/util/resources/LocaleData$LocaleDataStrategy
instanceKlass sun/util/resources/Bundles$Strategy
instanceKlass sun/util/resources/LocaleData$1
instanceKlass sun/util/resources/LocaleData
instanceKlass sun/util/locale/provider/LocaleResources
instanceKlass java/util/ResourceBundle
instanceKlass java/util/ResourceBundle$Control
instanceKlass sun/util/locale/provider/CalendarDataUtility$CalendarWeekParameterGetter
instanceKlass sun/util/locale/provider/LocaleServiceProviderPool$LocalizedObjectGetter
instanceKlass sun/util/locale/provider/LocaleServiceProviderPool
instanceKlass java/util/Locale$Builder
instanceKlass sun/util/locale/provider/CalendarDataUtility
instanceKlass sun/util/calendar/CalendarSystem$GregorianHolder
instanceKlass sun/util/calendar/CalendarSystem
instanceKlass java/util/Calendar$Builder
instanceKlass java/util/StringTokenizer
instanceKlass sun/util/locale/provider/AvailableLanguageTags
instanceKlass java/util/ServiceLoader$ProviderImpl
instanceKlass java/util/ServiceLoader$Provider
instanceKlass java/util/ServiceLoader$1
instanceKlass sun/util/resources/cldr/provider/CLDRLocaleDataMetaInfo
instanceKlass jdk/internal/module/ModulePatcher$PatchedModuleReader
instanceKlass java/util/ServiceLoader$3
instanceKlass java/util/ServiceLoader$2
instanceKlass java/util/ServiceLoader$LazyClassPathLookupIterator
instanceKlass java/util/concurrent/CopyOnWriteArrayList$COWIterator
instanceKlass java/util/ServiceLoader$ModuleServicesLookupIterator
instanceKlass java/util/ServiceLoader
instanceKlass sun/util/locale/InternalLocaleBuilder$CaseInsensitiveChar
instanceKlass sun/util/locale/InternalLocaleBuilder
instanceKlass sun/util/locale/StringTokenIterator
instanceKlass sun/util/locale/ParseStatus
instanceKlass sun/util/locale/LanguageTag
instanceKlass sun/util/cldr/CLDRBaseLocaleDataMetaInfo
instanceKlass sun/util/locale/provider/LocaleDataMetaInfo
instanceKlass sun/util/locale/provider/ResourceBundleBasedAdapter
instanceKlass sun/util/locale/provider/LocaleProviderAdapter$1
instanceKlass sun/util/locale/provider/LocaleProviderAdapter
instanceKlass java/util/spi/LocaleServiceProvider
instanceKlass sun/util/calendar/ZoneInfoFile$ZoneOffsetTransitionRule
instanceKlass sun/util/calendar/ZoneInfoFile$1
instanceKlass sun/util/calendar/ZoneInfoFile
instanceKlass java/util/TimeZone
instanceKlass java/util/Calendar
instanceKlass java/text/AttributedCharacterIterator$Attribute
instanceKlass com/google/inject/matcher/AbstractMatcher
instanceKlass com/google/inject/matcher/Matcher
instanceKlass com/google/inject/spi/TypeConverter
instanceKlass org/codehaus/plexus/DefaultPlexusContainer$LoggerProvider
instanceKlass org/codehaus/plexus/DefaultPlexusContainer$DefaultsModule
instanceKlass org/codehaus/plexus/DefaultPlexusContainer$ContainerModule
instanceKlass java/util/concurrent/locks/ReentrantReadWriteLock$WriteLock
instanceKlass java/util/concurrent/locks/ReentrantReadWriteLock$ReadLock
instanceKlass java/util/concurrent/locks/ReentrantReadWriteLock
instanceKlass java/util/concurrent/locks/ReadWriteLock
instanceKlass org/eclipse/sisu/inject/ImplicitBindings
instanceKlass org/eclipse/sisu/inject/MildValues$InverseMapping
instanceKlass org/eclipse/sisu/inject/MildValues
instanceKlass org/eclipse/sisu/inject/Weak
instanceKlass sun/reflect/misc/ReflectUtil
instanceKlass java/util/concurrent/atomic/AtomicReferenceFieldUpdater$AtomicReferenceFieldUpdaterImpl$1
instanceKlass java/util/concurrent/atomic/AtomicReferenceFieldUpdater
instanceKlass org/eclipse/sisu/inject/RankedSequence$Content
instanceKlass org/eclipse/sisu/inject/RankedSequence
instanceKlass org/eclipse/sisu/inject/BindingSubscriber
instanceKlass org/eclipse/sisu/inject/DefaultBeanLocator
instanceKlass org/eclipse/sisu/inject/DeferredClass
instanceKlass org/codehaus/plexus/DefaultPlexusContainer$LoggerManagerProvider
instanceKlass org/eclipse/sisu/inject/DeferredProvider
instanceKlass com/google/inject/Provider
instanceKlass com/google/inject/AbstractModule
instanceKlass javax/inject/Provider
instanceKlass org/eclipse/sisu/bean/BeanManager
instanceKlass org/eclipse/sisu/plexus/PlexusBeanLocator
instanceKlass org/codehaus/plexus/classworlds/ClassWorldListener
instanceKlass org/eclipse/sisu/inject/MutableBeanLocator
instanceKlass org/eclipse/sisu/inject/BeanLocator
instanceKlass com/google/inject/Module
instanceKlass org/codehaus/plexus/context/Context
instanceKlass org/eclipse/sisu/inject/BindingPublisher
instanceKlass org/eclipse/sisu/inject/RankingFunction
instanceKlass org/eclipse/sisu/space/ClassSpace
instanceKlass org/codehaus/plexus/DefaultPlexusContainer
instanceKlass org/codehaus/plexus/MutablePlexusContainer
instanceKlass java/util/stream/ReduceOps$AccumulatingSink
instanceKlass java/util/stream/ReduceOps$Box
instanceKlass java/util/stream/ReduceOps$ReduceOp
instanceKlass java/util/stream/ReduceOps
instanceKlass java/util/function/BinaryOperator
instanceKlass java/util/stream/Collectors$CollectorImpl
instanceKlass java/util/stream/Collector
instanceKlass java/util/stream/Collectors
instanceKlass sun/invoke/util/VerifyAccess$1
instanceKlass java/util/HashMap$HashMapSpliterator
instanceKlass org/apache/maven/extension/internal/CoreExports
instanceKlass java/util/Collections$UnmodifiableCollection$1
instanceKlass org/codehaus/plexus/DefaultContainerConfiguration
instanceKlass org/codehaus/plexus/ContainerConfiguration
instanceKlass org/codehaus/plexus/util/BaseIOUtil
instanceKlass org/codehaus/plexus/util/xml/XMLWriter
instanceKlass org/codehaus/plexus/util/xml/Xpp3Dom
instanceKlass org/codehaus/plexus/util/xml/pull/MXParser
instanceKlass org/codehaus/plexus/util/xml/pull/XmlPullParser
instanceKlass org/codehaus/plexus/util/xml/Xpp3DomBuilder
instanceKlass java/util/regex/ASCII
instanceKlass org/codehaus/plexus/util/ReaderFactory
instanceKlass org/apache/maven/project/ExtensionDescriptor
instanceKlass org/apache/maven/project/ExtensionDescriptorBuilder
instanceKlass org/apache/maven/extension/internal/CoreExtensionEntry
instanceKlass org/codehaus/plexus/logging/Logger
instanceKlass org/apache/maven/cli/logging/Slf4jLoggerManager
instanceKlass org/slf4j/impl/MavenSlf4jSimpleFriend
instanceKlass org/slf4j/MavenSlf4jFriend
instanceKlass org/apache/maven/cli/logging/BaseSlf4jConfiguration
instanceKlass org/codehaus/plexus/util/PropertyUtils
instanceKlass org/apache/maven/cli/logging/Slf4jConfiguration
instanceKlass org/apache/maven/cli/logging/Slf4jConfigurationFactory
instanceKlass org/slf4j/impl/OutputChoice
instanceKlass sun/net/DefaultProgressMeteringPolicy
instanceKlass sun/net/ProgressMeteringPolicy
instanceKlass sun/net/ProgressMonitor
instanceKlass org/slf4j/impl/SimpleLoggerConfiguration$1
instanceKlass java/text/Format
instanceKlass org/slf4j/impl/SimpleLoggerConfiguration
instanceKlass org/slf4j/helpers/NamedLoggerBase
instanceKlass org/slf4j/impl/SimpleLoggerFactory
instanceKlass org/slf4j/impl/StaticLoggerBinder
instanceKlass org/slf4j/spi/LoggerFactoryBinder
instanceKlass java/util/Collections$3
instanceKlass java/net/URLClassLoader$3$1
instanceKlass java/net/URLClassLoader$3
instanceKlass jdk/internal/loader/URLClassPath$1
instanceKlass java/lang/CompoundEnumeration
instanceKlass jdk/internal/loader/BuiltinClassLoader$1
instanceKlass java/util/Collections$EmptyEnumeration
instanceKlass org/slf4j/helpers/Util
instanceKlass org/slf4j/helpers/NOPLoggerFactory
instanceKlass java/util/concurrent/LinkedBlockingQueue$Node
instanceKlass java/util/concurrent/locks/AbstractQueuedSynchronizer$ConditionObject
instanceKlass java/util/concurrent/locks/Condition
instanceKlass java/util/concurrent/BlockingQueue
instanceKlass org/slf4j/helpers/SubstituteLoggerFactory
instanceKlass org/slf4j/ILoggerFactory
instanceKlass org/slf4j/event/LoggingEvent
instanceKlass org/slf4j/LoggerFactory
instanceKlass org/codehaus/plexus/interpolation/SimpleRecursionInterceptor
instanceKlass java/util/LinkedList$ListItr
instanceKlass org/codehaus/plexus/util/StringUtils
instanceKlass org/apache/maven/cli/CLIReportingUtils
instanceKlass java/util/function/BiConsumer
instanceKlass org/codehaus/plexus/interpolation/AbstractValueSource
instanceKlass org/codehaus/plexus/interpolation/RecursionInterceptor
instanceKlass org/codehaus/plexus/interpolation/StringSearchInterpolator
instanceKlass org/codehaus/plexus/interpolation/Interpolator
instanceKlass org/codehaus/plexus/interpolation/BasicInterpolator
instanceKlass org/apache/maven/properties/internal/SystemProperties
instanceKlass java/util/Collections$SynchronizedCollection
instanceKlass java/util/Properties$EntrySet
instanceKlass java/util/Collections$UnmodifiableMap$UnmodifiableEntrySet$UnmodifiableEntry
instanceKlass java/util/Collections$UnmodifiableMap$UnmodifiableEntrySet$1
instanceKlass org/codehaus/plexus/util/Os
instanceKlass org/apache/maven/properties/internal/EnvironmentUtils
instanceKlass java/util/stream/Sink$ChainedReference
instanceKlass java/util/stream/FindOps$FindOp
instanceKlass java/util/stream/TerminalOp
instanceKlass java/util/stream/FindOps$FindSink
instanceKlass java/util/stream/TerminalSink
instanceKlass java/util/stream/Sink
instanceKlass java/util/stream/FindOps
instanceKlass java/util/function/Predicate
instanceKlass sun/reflect/annotation/AnnotationParser
instanceKlass java/lang/Class$3
instanceKlass java/util/EnumMap$1
instanceKlass java/util/stream/StreamOpFlag$MaskBuilder
instanceKlass java/util/stream/Stream
instanceKlass java/util/stream/BaseStream
instanceKlass java/util/stream/PipelineHelper
instanceKlass java/util/stream/StreamSupport
instanceKlass java/util/ArrayList$ArrayListSpliterator
instanceKlass java/util/Spliterator
instanceKlass java/util/LinkedList$Node
instanceKlass java/util/AbstractList$Itr
instanceKlass org/apache/commons/cli/Util
instanceKlass org/apache/commons/cli/CommandLine$Builder
instanceKlass org/apache/commons/cli/CommandLine
instanceKlass java/util/LinkedHashMap$LinkedHashIterator
instanceKlass java/util/function/Consumer
instanceKlass org/apache/commons/cli/Parser
instanceKlass org/apache/maven/cli/CleanArgument
instanceKlass org/apache/commons/cli/OptionValidator
instanceKlass org/apache/commons/cli/Option$Builder
instanceKlass org/apache/commons/cli/Option
instanceKlass org/apache/commons/cli/Options
instanceKlass org/apache/commons/cli/CommandLineParser
instanceKlass org/apache/maven/cli/CLIManager
instanceKlass org/apache/maven/cli/logging/Slf4jStdoutLogger
instanceKlass sun/nio/fs/ExtendedFileSystemProvider
instanceKlass sun/nio/fs/WindowsPath$1
instanceKlass sun/nio/fs/WindowsLinkSupport
instanceKlass org/eclipse/aether/DefaultRepositoryCache
instanceKlass org/apache/maven/project/ProjectBuildingRequest
instanceKlass org/apache/maven/execution/DefaultMavenExecutionRequest
instanceKlass org/apache/maven/execution/MavenExecutionRequest
instanceKlass java/lang/Shutdown$Lock
instanceKlass java/lang/Shutdown
instanceKlass java/lang/ApplicationShutdownHooks$1
instanceKlass java/lang/ApplicationShutdownHooks
instanceKlass java/util/IdentityHashMap$IdentityHashMapIterator
instanceKlass org/fusesource/jansi/io/AnsiOutputStream$ZeroWidthSupplier
instanceKlass java/util/regex/IntHashSet
instanceKlass java/util/regex/Matcher
instanceKlass java/util/regex/MatchResult
instanceKlass jdk/internal/loader/NativeLibraries$Unloader
instanceKlass sun/net/www/protocol/jar/JarFileFactory
instanceKlass sun/net/www/protocol/jar/URLJarFile$URLJarFileCloseController
instanceKlass java/net/URLClassLoader$2
instanceKlass jdk/internal/jimage/ImageLocation
instanceKlass jdk/internal/jimage/decompressor/Decompressor
instanceKlass jdk/internal/jimage/ImageStringsReader
instanceKlass jdk/internal/jimage/ImageStrings
instanceKlass jdk/internal/jimage/ImageHeader
instanceKlass jdk/internal/jimage/NativeImageBuffer$1
instanceKlass jdk/internal/jimage/NativeImageBuffer
instanceKlass jdk/internal/jimage/BasicImageReader$1
instanceKlass jdk/internal/jimage/BasicImageReader
instanceKlass jdk/internal/jimage/ImageReader
instanceKlass jdk/internal/jimage/ImageReaderFactory$1
instanceKlass jdk/internal/jimage/ImageReaderFactory
instanceKlass jdk/internal/module/SystemModuleFinders$SystemImage
instanceKlass jdk/internal/module/SystemModuleFinders$SystemModuleReader
instanceKlass java/lang/module/ModuleReader
instanceKlass jdk/internal/loader/BuiltinClassLoader$5
instanceKlass jdk/internal/loader/BuiltinClassLoader$2
instanceKlass jdk/internal/module/Resources
instanceKlass org/fusesource/jansi/internal/JansiLoader$1
instanceKlass org/fusesource/jansi/internal/OSInfo
instanceKlass org/fusesource/jansi/internal/JansiLoader
instanceKlass org/fusesource/jansi/internal/CLibrary
instanceKlass java/lang/ProcessEnvironment$CheckedEntry
instanceKlass java/lang/ProcessEnvironment$CheckedEntrySet$1
instanceKlass java/lang/ProcessEnvironment$EntryComparator
instanceKlass java/lang/ProcessEnvironment$NameComparator
instanceKlass org/fusesource/jansi/io/AnsiProcessor
instanceKlass org/fusesource/jansi/io/AnsiOutputStream$WidthSupplier
instanceKlass org/fusesource/jansi/AnsiConsole
instanceKlass java/util/concurrent/Callable
instanceKlass org/fusesource/jansi/Ansi
instanceKlass org/apache/maven/shared/utils/logging/LoggerLevelRenderer
instanceKlass org/apache/maven/shared/utils/logging/MessageBuilder
instanceKlass org/apache/maven/shared/utils/logging/MessageUtils
instanceKlass java/util/regex/CharPredicates
instanceKlass java/util/regex/Pattern$BitClass
instanceKlass java/util/regex/Pattern$TreeInfo
instanceKlass java/util/regex/Pattern$BmpCharPredicate
instanceKlass java/util/regex/Pattern$CharPredicate
instanceKlass java/util/regex/Pattern$Node
instanceKlass java/util/regex/Pattern
instanceKlass org/apache/maven/cli/CliRequest
instanceKlass org/apache/maven/eventspy/EventSpy$Context
instanceKlass org/codehaus/plexus/PlexusContainer
instanceKlass org/apache/maven/exception/ExceptionHandler
instanceKlass org/eclipse/aether/RepositoryCache
instanceKlass org/codehaus/plexus/interpolation/ValueSource
instanceKlass org/apache/maven/execution/ExecutionListener
instanceKlass org/codehaus/plexus/logging/LoggerManager
instanceKlass org/slf4j/Logger
instanceKlass org/apache/maven/toolchain/building/ToolchainsBuildingRequest
instanceKlass org/apache/maven/building/Source
instanceKlass org/eclipse/aether/transfer/TransferListener
instanceKlass org/apache/maven/cli/MavenCli
instanceKlass java/io/FilePermissionCollection$1
instanceKlass java/util/function/BiFunction
instanceKlass java/security/Security$2
instanceKlass jdk/internal/access/JavaSecurityPropertiesAccess
instanceKlass java/util/concurrent/ConcurrentHashMap$MapEntry
instanceKlass java/io/FileInputStream$1
instanceKlass java/util/Properties$LineReader
instanceKlass java/security/Security$1
instanceKlass java/security/Security
instanceKlass sun/security/util/SecurityProperties
instanceKlass sun/security/util/FilePermCompat
instanceKlass java/io/FilePermission$1
instanceKlass jdk/internal/access/JavaIOFilePermissionAccess
instanceKlass sun/net/www/MessageHeader
instanceKlass java/net/URLConnection
instanceKlass java/util/TreeMap$Entry
instanceKlass java/io/RandomAccessFile$1
instanceKlass java/net/URLClassLoader$1
instanceKlass java/util/TreeMap$PrivateEntryIterator
instanceKlass java/util/TimSort
instanceKlass java/util/Arrays$LegacyMergeSort
instanceKlass java/lang/invoke/LambdaFormBuffer
instanceKlass java/lang/invoke/LambdaFormEditor$TransformKey
instanceKlass java/lang/invoke/LambdaFormEditor
instanceKlass sun/invoke/util/Wrapper$1
instanceKlass java/lang/invoke/DelegatingMethodHandle$Holder
instanceKlass java/lang/invoke/DirectMethodHandle$2
instanceKlass java/lang/invoke/ClassSpecializer$Factory
instanceKlass java/lang/invoke/ClassSpecializer$SpeciesData
instanceKlass java/lang/invoke/ClassSpecializer$1
instanceKlass java/lang/invoke/ClassSpecializer
instanceKlass java/lang/invoke/InnerClassLambdaMetafactory$1
instanceKlass jdk/internal/org/objectweb/asm/ClassReader
instanceKlass java/lang/invoke/LambdaProxyClassArchive
instanceKlass java/lang/invoke/InfoFromMemberName
instanceKlass java/lang/invoke/MethodHandleInfo
instanceKlass jdk/internal/org/objectweb/asm/ConstantDynamic
instanceKlass jdk/internal/org/objectweb/asm/Handle
instanceKlass sun/security/action/GetBooleanAction
instanceKlass java/lang/invoke/AbstractValidatingLambdaMetafactory
instanceKlass java/lang/invoke/MethodHandleImpl$1
instanceKlass jdk/internal/access/JavaLangInvokeAccess
instanceKlass java/lang/invoke/Invokers$Holder
instanceKlass java/lang/invoke/BootstrapMethodInvoker
instanceKlass java/lang/invoke/MethodHandles$Lookup$ClassDefiner
instanceKlass java/lang/invoke/MethodHandles$Lookup$ClassFile
instanceKlass jdk/internal/org/objectweb/asm/Handler
instanceKlass jdk/internal/org/objectweb/asm/Attribute
instanceKlass jdk/internal/org/objectweb/asm/FieldVisitor
instanceKlass sun/invoke/empty/Empty
instanceKlass sun/invoke/util/VerifyType
instanceKlass java/lang/invoke/InvokerBytecodeGenerator$ClassData
instanceKlass jdk/internal/org/objectweb/asm/AnnotationVisitor
instanceKlass jdk/internal/org/objectweb/asm/Frame
instanceKlass jdk/internal/org/objectweb/asm/Label
instanceKlass jdk/internal/org/objectweb/asm/Type
instanceKlass jdk/internal/org/objectweb/asm/MethodVisitor
instanceKlass sun/invoke/util/BytecodeDescriptor
instanceKlass jdk/internal/org/objectweb/asm/ByteVector
instanceKlass jdk/internal/org/objectweb/asm/Symbol
instanceKlass jdk/internal/org/objectweb/asm/SymbolTable
instanceKlass jdk/internal/org/objectweb/asm/ClassVisitor
instanceKlass java/io/FilenameFilter
instanceKlass java/lang/invoke/InvokerBytecodeGenerator$2
instanceKlass java/lang/invoke/InvokerBytecodeGenerator
instanceKlass java/lang/invoke/LambdaForm$Holder
instanceKlass java/lang/invoke/LambdaForm$Name
instanceKlass java/lang/invoke/Invokers
instanceKlass java/lang/invoke/MethodHandleImpl
instanceKlass sun/invoke/util/ValueConversions
instanceKlass java/lang/invoke/DirectMethodHandle$Holder
instanceKlass java/lang/invoke/LambdaForm$NamedFunction
instanceKlass sun/invoke/util/Wrapper$Format
instanceKlass java/lang/invoke/MethodTypeForm
instanceKlass java/lang/invoke/MethodType$ConcurrentWeakInternSet
instanceKlass java/lang/invoke/LambdaMetafactory
instanceKlass java/util/ArrayList$Itr
instanceKlass org/codehaus/plexus/classworlds/strategy/AbstractStrategy
instanceKlass org/codehaus/plexus/classworlds/strategy/Strategy
instanceKlass org/codehaus/plexus/classworlds/strategy/StrategyFactory
instanceKlass java/util/NavigableMap
instanceKlass java/util/SortedMap
instanceKlass java/util/NavigableSet
instanceKlass java/util/SortedSet
instanceKlass sun/nio/ch/IOStatus
instanceKlass java/nio/DirectByteBuffer$Deallocator
instanceKlass sun/nio/ch/Util$BufferCache
instanceKlass sun/nio/ch/Util
instanceKlass sun/nio/ch/NativeThread
instanceKlass java/nio/charset/CoderResult
instanceKlass java/io/Reader
instanceKlass java/lang/Readable
instanceKlass org/codehaus/plexus/classworlds/launcher/ConfigurationParser
instanceKlass org/codehaus/plexus/classworlds/launcher/Configurator
instanceKlass org/codehaus/plexus/classworlds/launcher/ConfigurationHandler
instanceKlass java/nio/channels/Channels
instanceKlass sun/nio/ch/FileChannelImpl$Closer
instanceKlass sun/nio/ch/NativeDispatcher
instanceKlass sun/nio/ch/NativeThreadSet
instanceKlass sun/nio/ch/IOUtil
instanceKlass java/nio/channels/spi/AbstractInterruptibleChannel
instanceKlass java/nio/channels/InterruptibleChannel
instanceKlass java/nio/channels/ScatteringByteChannel
instanceKlass java/nio/channels/GatheringByteChannel
instanceKlass java/nio/channels/SeekableByteChannel
instanceKlass java/nio/channels/ByteChannel
instanceKlass java/nio/channels/WritableByteChannel
instanceKlass java/nio/channels/ReadableByteChannel
instanceKlass java/nio/channels/Channel
instanceKlass java/util/Collections$EmptyIterator
instanceKlass sun/nio/fs/WindowsChannelFactory$Flags
instanceKlass sun/nio/fs/WindowsChannelFactory$1
instanceKlass sun/nio/fs/WindowsChannelFactory
instanceKlass sun/nio/fs/WindowsSecurityDescriptor
instanceKlass java/nio/file/attribute/FileAttribute
instanceKlass java/net/URI$Parser
instanceKlass java/nio/file/FileSystems$DefaultFileSystemHolder$1
instanceKlass java/nio/file/FileSystems$DefaultFileSystemHolder
instanceKlass java/nio/file/FileSystems
instanceKlass java/nio/file/Paths
instanceKlass java/lang/Void
instanceKlass java/lang/PublicMethods$Key
instanceKlass java/lang/PublicMethods$MethodList
instanceKlass org/codehaus/plexus/classworlds/ClassWorld
instanceKlass org/codehaus/plexus/classworlds/launcher/Launcher
instanceKlass java/security/SecureClassLoader$DebugHolder
instanceKlass java/security/PermissionCollection
instanceKlass java/security/SecureClassLoader$1
instanceKlass java/security/SecureClassLoader$CodeSourceKey
instanceKlass java/util/zip/Checksum$1
instanceKlass java/util/zip/CRC32
instanceKlass java/util/zip/Checksum
instanceKlass sun/nio/ByteBuffered
instanceKlass java/lang/Package$VersionInfo
instanceKlass java/lang/NamedPackage
instanceKlass java/util/jar/Attributes$Name
instanceKlass java/util/jar/Attributes
instanceKlass jdk/internal/loader/Resource
instanceKlass sun/security/action/GetIntegerAction
instanceKlass sun/security/util/Debug
instanceKlass sun/security/util/SignatureFileVerifier
instanceKlass java/util/zip/ZipFile$InflaterCleanupAction
instanceKlass java/util/zip/Inflater$InflaterZStreamRef
instanceKlass java/util/zip/Inflater
instanceKlass java/util/zip/ZipEntry
instanceKlass jdk/internal/util/jar/JarIndex
instanceKlass java/nio/Bits$1
instanceKlass jdk/internal/misc/VM$BufferPool
instanceKlass java/nio/Bits
instanceKlass sun/nio/ch/DirectBuffer
instanceKlass jdk/internal/perf/PerfCounter$CoreCounters
instanceKlass jdk/internal/perf/Perf
instanceKlass jdk/internal/perf/Perf$GetPerfAction
instanceKlass jdk/internal/perf/PerfCounter
instanceKlass java/nio/file/attribute/FileTime
instanceKlass java/util/zip/ZipUtils
instanceKlass java/util/zip/ZipFile$Source$End
instanceKlass java/io/RandomAccessFile$2
instanceKlass jdk/internal/access/JavaIORandomAccessFileAccess
instanceKlass java/io/RandomAccessFile
instanceKlass java/io/DataInput
instanceKlass java/io/DataOutput
instanceKlass sun/nio/fs/WindowsNativeDispatcher$CompletionStatus
instanceKlass sun/nio/fs/WindowsNativeDispatcher$AclInformation
instanceKlass sun/nio/fs/WindowsNativeDispatcher$Account
instanceKlass sun/nio/fs/WindowsNativeDispatcher$DiskFreeSpace
instanceKlass sun/nio/fs/WindowsNativeDispatcher$VolumeInformation
instanceKlass sun/nio/fs/WindowsNativeDispatcher$FirstStream
instanceKlass sun/nio/fs/WindowsNativeDispatcher$FirstFile
instanceKlass java/util/Enumeration
instanceKlass java/util/concurrent/ConcurrentHashMap$Traverser
instanceKlass java/util/concurrent/ConcurrentHashMap$CollectionView
instanceKlass jdk/internal/loader/NativeLibraries$NativeLibraryImpl
instanceKlass jdk/internal/loader/NativeLibrary
instanceKlass java/util/ArrayDeque$DeqIterator
instanceKlass jdk/internal/loader/NativeLibraries$1
instanceKlass jdk/internal/loader/NativeLibraries$LibraryPaths
instanceKlass sun/nio/fs/WindowsNativeDispatcher
instanceKlass sun/nio/fs/NativeBuffer$Deallocator
instanceKlass sun/nio/fs/NativeBuffer
instanceKlass java/lang/ThreadLocal$ThreadLocalMap
instanceKlass sun/nio/fs/NativeBuffers
instanceKlass sun/nio/fs/WindowsFileAttributes
instanceKlass java/nio/file/attribute/DosFileAttributes
instanceKlass sun/nio/fs/AbstractBasicFileAttributeView
instanceKlass sun/nio/fs/DynamicFileAttributeView
instanceKlass sun/nio/fs/WindowsFileAttributeViews
instanceKlass sun/nio/fs/Util
instanceKlass java/nio/file/attribute/BasicFileAttributeView
instanceKlass java/nio/file/attribute/FileAttributeView
instanceKlass java/nio/file/attribute/AttributeView
instanceKlass java/nio/file/Files
instanceKlass java/nio/file/CopyOption
instanceKlass java/nio/file/attribute/BasicFileAttributes
instanceKlass sun/nio/fs/WindowsPath
instanceKlass java/nio/file/Path
instanceKlass java/nio/file/Watchable
instanceKlass java/util/zip/ZipFile$Source$Key
instanceKlass sun/nio/fs/WindowsPathParser$Result
instanceKlass sun/nio/fs/WindowsPathParser
instanceKlass java/util/Collections$UnmodifiableCollection
instanceKlass java/util/Arrays$ArrayItr
instanceKlass java/nio/file/FileSystem
instanceKlass java/nio/file/OpenOption
instanceKlass java/nio/file/spi/FileSystemProvider
instanceKlass sun/nio/fs/DefaultFileSystemProvider
instanceKlass java/util/zip/ZipFile$Source
instanceKlass java/lang/ref/Cleaner$Cleanable
instanceKlass jdk/internal/ref/CleanerImpl
instanceKlass java/lang/ref/Cleaner$1
instanceKlass java/lang/ref/Cleaner
instanceKlass jdk/internal/ref/CleanerFactory$1
instanceKlass java/util/concurrent/ThreadFactory
instanceKlass jdk/internal/ref/CleanerFactory
instanceKlass java/util/zip/ZipCoder
instanceKlass java/util/zip/ZipFile$CleanableResource
instanceKlass java/lang/Runtime$Version
instanceKlass java/util/jar/JavaUtilJarAccessImpl
instanceKlass jdk/internal/access/JavaUtilJarAccess
instanceKlass jdk/internal/loader/FileURLMapper
instanceKlass jdk/internal/loader/URLClassPath$JarLoader$1
instanceKlass java/util/zip/ZipFile$1
instanceKlass jdk/internal/access/JavaUtilZipFileAccess
instanceKlass java/util/zip/ZipFile
instanceKlass java/util/zip/ZipConstants
instanceKlass jdk/internal/loader/URLClassPath$Loader
instanceKlass jdk/internal/loader/URLClassPath$3
instanceKlass java/security/PrivilegedExceptionAction
instanceKlass sun/net/util/URLUtil
instanceKlass java/lang/StringCoding
instanceKlass sun/nio/cs/ArrayDecoder
instanceKlass java/nio/charset/CharsetDecoder
instanceKlass sun/launcher/LauncherHelper
instanceKlass jdk/internal/vm/PostVMInitHook$1
instanceKlass jdk/internal/util/EnvUtils
instanceKlass jdk/internal/vm/PostVMInitHook$2
instanceKlass sun/util/locale/LocaleObjectCache
instanceKlass sun/util/locale/BaseLocale$Key
instanceKlass sun/util/locale/LocaleUtils
instanceKlass sun/util/locale/BaseLocale
instanceKlass java/util/Locale
instanceKlass jdk/internal/vm/PostVMInitHook
instanceKlass java/lang/reflect/Array
instanceKlass java/lang/invoke/StringConcatFactory$3
instanceKlass java/lang/invoke/StringConcatFactory$2
instanceKlass java/lang/invoke/StringConcatFactory$1
instanceKlass java/lang/invoke/StringConcatFactory
instanceKlass java/lang/ModuleLayer$Controller
instanceKlass java/util/concurrent/CopyOnWriteArrayList
instanceKlass jdk/internal/module/ServicesCatalog$ServiceProvider
instanceKlass jdk/internal/loader/AbstractClassLoaderValue$Memoizer
instanceKlass java/util/ImmutableCollections$ListItr
instanceKlass java/util/ListIterator
instanceKlass java/lang/ModuleLayer
instanceKlass jdk/internal/module/ModuleLoaderMap$Modules
instanceKlass jdk/internal/module/ModuleLoaderMap$Mapper
instanceKlass java/util/function/Function
instanceKlass jdk/internal/module/ModuleLoaderMap
instanceKlass java/util/ImmutableCollections$Set12$1
instanceKlass java/util/AbstractMap$1$1
instanceKlass java/lang/module/ResolvedModule
instanceKlass java/lang/module/Configuration
instanceKlass java/util/ImmutableCollections$SetN$SetNIterator
instanceKlass jdk/internal/loader/BuiltinClassLoader$LoadedModule
instanceKlass jdk/internal/loader/AbstractClassLoaderValue
instanceKlass jdk/internal/module/ServicesCatalog
instanceKlass jdk/internal/util/Preconditions
instanceKlass sun/net/util/IPAddressUtil
instanceKlass java/net/URLStreamHandler
instanceKlass java/util/HexFormat
instanceKlass sun/net/www/ParseUtil
instanceKlass java/net/URL$3
instanceKlass jdk/internal/access/JavaNetURLAccess
instanceKlass java/net/URL$DefaultFactory
instanceKlass java/net/URLStreamHandlerFactory
instanceKlass jdk/internal/loader/URLClassPath
instanceKlass java/security/Principal
instanceKlass java/security/ProtectionDomain$Key
instanceKlass java/security/ProtectionDomain$JavaSecurityAccessImpl
instanceKlass jdk/internal/access/JavaSecurityAccess
instanceKlass java/lang/ClassLoader$ParallelLoaders
instanceKlass java/security/cert/Certificate
instanceKlass jdk/internal/loader/ArchivedClassLoaders
instanceKlass java/util/Deque
instanceKlass java/util/Queue
instanceKlass jdk/internal/loader/ClassLoaderHelper
instanceKlass jdk/internal/loader/NativeLibraries
instanceKlass jdk/internal/loader/BootLoader
instanceKlass java/util/Optional
instanceKlass jdk/internal/module/SystemModuleFinders$SystemModuleFinder
instanceKlass java/lang/module/ModuleFinder
instanceKlass jdk/internal/module/SystemModuleFinders$3
instanceKlass jdk/internal/module/ModuleHashes$HashSupplier
instanceKlass jdk/internal/module/SystemModuleFinders$2
instanceKlass java/util/function/Supplier
instanceKlass java/lang/module/ModuleReference
instanceKlass jdk/internal/module/ModuleResolution
instanceKlass java/util/Collections$UnmodifiableMap
instanceKlass jdk/internal/module/ModuleHashes$Builder
instanceKlass jdk/internal/module/ModuleHashes
instanceKlass jdk/internal/module/ModuleTarget
instanceKlass java/lang/Enum
instanceKlass java/lang/module/ModuleDescriptor$Version
instanceKlass java/lang/module/ModuleDescriptor$Provides
instanceKlass java/lang/module/ModuleDescriptor$Opens
instanceKlass java/lang/module/ModuleDescriptor$Exports
instanceKlass java/lang/module/ModuleDescriptor$Requires
instanceKlass jdk/internal/module/Builder
instanceKlass jdk/internal/module/SystemModules$default
instanceKlass jdk/internal/module/SystemModules
instanceKlass jdk/internal/module/SystemModulesMap
instanceKlass java/net/URI$1
instanceKlass jdk/internal/access/JavaNetUriAccess
instanceKlass java/net/URI
instanceKlass jdk/internal/module/SystemModuleFinders
instanceKlass jdk/internal/module/ArchivedModuleGraph
instanceKlass jdk/internal/module/ArchivedBootLayer
instanceKlass jdk/internal/module/ModuleBootstrap$Counters
instanceKlass jdk/internal/module/ModulePatcher
instanceKlass java/io/FileSystem
instanceKlass java/io/DefaultFileSystem
instanceKlass java/io/File
instanceKlass java/lang/module/ModuleDescriptor$1
instanceKlass jdk/internal/access/JavaLangModuleAccess
instanceKlass sun/invoke/util/VerifyAccess
instanceKlass java/lang/module/ModuleDescriptor
instanceKlass jdk/internal/module/ModuleBootstrap
instanceKlass java/lang/invoke/MethodHandleStatics
instanceKlass java/util/Collections
instanceKlass sun/io/Win32ErrorMode
instanceKlass jdk/internal/misc/OSEnvironment
instanceKlass jdk/internal/misc/Signal$NativeHandler
instanceKlass java/util/Hashtable$Entry
instanceKlass jdk/internal/misc/Signal
instanceKlass java/lang/Terminator$1
instanceKlass jdk/internal/misc/Signal$Handler
instanceKlass java/lang/Terminator
instanceKlass java/nio/ByteOrder
instanceKlass java/nio/Buffer$1
instanceKlass jdk/internal/access/JavaNioAccess
instanceKlass jdk/internal/misc/ScopedMemoryAccess
instanceKlass java/nio/charset/CodingErrorAction
instanceKlass sun/nio/cs/SingleByte
instanceKlass java/lang/StringUTF16
instanceKlass sun/nio/cs/MS1252$Holder
instanceKlass sun/nio/cs/ArrayEncoder
instanceKlass java/nio/charset/CharsetEncoder
instanceKlass java/lang/reflect/Modifier
instanceKlass java/lang/Class$1
instanceKlass java/lang/Class$Atomic
instanceKlass java/lang/Class$ReflectionData
instanceKlass jdk/internal/util/ArraysSupport
instanceKlass java/nio/charset/StandardCharsets
instanceKlass sun/nio/cs/HistoricallyNamedCharset
instanceKlass sun/security/action/GetPropertyAction
instanceKlass java/lang/ThreadLocal
instanceKlass java/nio/charset/spi/CharsetProvider
instanceKlass java/nio/charset/Charset
instanceKlass java/io/Writer
instanceKlass java/io/OutputStream
instanceKlass java/io/Flushable
instanceKlass java/io/FileDescriptor$1
instanceKlass jdk/internal/access/JavaIOFileDescriptorAccess
instanceKlass java/io/FileDescriptor
instanceKlass jdk/internal/util/StaticProperty
instanceKlass java/util/HashMap$HashIterator
instanceKlass java/lang/Integer$IntegerCache
instanceKlass java/lang/CharacterData
instanceKlass java/util/Arrays
instanceKlass java/lang/VersionProps
instanceKlass java/lang/StringConcatHelper
instanceKlass jdk/internal/misc/VM
instanceKlass jdk/internal/util/SystemProps$Raw
instanceKlass jdk/internal/util/SystemProps
instanceKlass java/lang/System$2
instanceKlass jdk/internal/access/JavaLangAccess
instanceKlass java/lang/ref/Reference$1
instanceKlass jdk/internal/access/JavaLangRefAccess
instanceKlass java/lang/ref/ReferenceQueue$Lock
instanceKlass java/lang/ref/ReferenceQueue
instanceKlass jdk/internal/reflect/ReflectionFactory
instanceKlass jdk/internal/reflect/ReflectionFactory$GetReflectionFactoryAction
instanceKlass java/security/PrivilegedAction
instanceKlass java/util/concurrent/locks/LockSupport
instanceKlass java/util/concurrent/ConcurrentHashMap$Node
instanceKlass java/util/concurrent/ConcurrentHashMap$CounterCell
instanceKlass java/util/concurrent/locks/ReentrantLock
instanceKlass java/util/concurrent/locks/Lock
instanceKlass java/lang/Runtime
instanceKlass java/util/HashMap$Node
instanceKlass java/util/KeyValueHolder
instanceKlass java/util/Map$Entry
instanceKlass java/util/ImmutableCollections$MapN$MapNIterator
instanceKlass java/lang/Math
instanceKlass jdk/internal/reflect/Reflection
instanceKlass java/lang/invoke/MethodHandles$Lookup
instanceKlass java/lang/StringLatin1
instanceKlass java/security/Permission
instanceKlass java/security/Guard
instanceKlass java/lang/invoke/MemberName$Factory
instanceKlass java/lang/invoke/MethodHandles
instanceKlass jdk/internal/access/SharedSecrets
instanceKlass java/lang/reflect/ReflectAccess
instanceKlass jdk/internal/access/JavaLangReflectAccess
instanceKlass java/util/ImmutableCollections
instanceKlass java/util/Objects
instanceKlass java/util/Set
instanceKlass jdk/internal/misc/CDS
instanceKlass java/lang/Module$ArchivedData
instanceKlass java/lang/String$CaseInsensitiveComparator
instanceKlass java/util/Comparator
instanceKlass java/io/ObjectStreamField
instanceKlass jdk/internal/vm/vector/VectorSupport$VectorPayload
instanceKlass jdk/internal/vm/vector/VectorSupport
instanceKlass java/lang/reflect/RecordComponent
instanceKlass java/util/Iterator
instanceKlass java/lang/Number
instanceKlass java/lang/Character
instanceKlass java/lang/Boolean
instanceKlass java/util/concurrent/locks/AbstractOwnableSynchronizer
instanceKlass java/lang/LiveStackFrame
instanceKlass java/lang/StackFrameInfo
instanceKlass java/lang/StackWalker$StackFrame
instanceKlass java/lang/StackStreamFactory$AbstractStackWalker
instanceKlass java/lang/StackWalker
instanceKlass java/nio/Buffer
instanceKlass java/lang/StackTraceElement
instanceKlass java/util/RandomAccess
instanceKlass java/util/List
instanceKlass java/util/AbstractCollection
instanceKlass java/util/Collection
instanceKlass java/lang/Iterable
instanceKlass java/util/concurrent/ConcurrentMap
instanceKlass java/util/AbstractMap
instanceKlass java/security/CodeSource
instanceKlass jdk/internal/loader/ClassLoaders
instanceKlass java/util/jar/Manifest
instanceKlass java/net/URL
instanceKlass java/io/InputStream
instanceKlass java/io/Closeable
instanceKlass java/lang/AutoCloseable
instanceKlass jdk/internal/module/Modules
instanceKlass jdk/internal/misc/Unsafe
instanceKlass jdk/internal/misc/UnsafeConstants
instanceKlass java/lang/AbstractStringBuilder
instanceKlass java/lang/Appendable
instanceKlass java/lang/AssertionStatusDirectives
instanceKlass java/lang/invoke/MethodHandleNatives$CallSiteContext
instanceKlass jdk/internal/invoke/NativeEntryPoint
instanceKlass java/lang/invoke/CallSite
instanceKlass java/lang/invoke/MethodType
instanceKlass java/lang/invoke/TypeDescriptor$OfMethod
instanceKlass java/lang/invoke/LambdaForm
instanceKlass java/lang/invoke/MethodHandleNatives
instanceKlass java/lang/invoke/ResolvedMethodName
instanceKlass java/lang/invoke/MemberName
instanceKlass java/lang/invoke/VarHandle
instanceKlass java/lang/invoke/MethodHandle
instanceKlass jdk/internal/reflect/CallerSensitive
instanceKlass java/lang/annotation/Annotation
instanceKlass jdk/internal/reflect/FieldAccessor
instanceKlass jdk/internal/reflect/ConstantPool
instanceKlass jdk/internal/reflect/ConstructorAccessor
instanceKlass jdk/internal/reflect/MethodAccessor
instanceKlass jdk/internal/reflect/MagicAccessorImpl
instanceKlass java/lang/reflect/Parameter
instanceKlass java/lang/reflect/Member
instanceKlass java/lang/reflect/AccessibleObject
instanceKlass java/lang/Module
instanceKlass java/util/Map
instanceKlass java/util/Dictionary
instanceKlass java/lang/ThreadGroup
instanceKlass java/lang/Thread$UncaughtExceptionHandler
instanceKlass java/lang/Thread
instanceKlass java/lang/Runnable
instanceKlass java/lang/ref/Reference
instanceKlass java/lang/Record
instanceKlass java/security/AccessController
instanceKlass java/security/AccessControlContext
instanceKlass java/security/ProtectionDomain
instanceKlass java/lang/SecurityManager
instanceKlass java/lang/Throwable
instanceKlass java/lang/System
instanceKlass java/lang/ClassLoader
instanceKlass java/lang/Cloneable
instanceKlass java/lang/Class
instanceKlass java/lang/invoke/TypeDescriptor$OfField
instanceKlass java/lang/invoke/TypeDescriptor
instanceKlass java/lang/reflect/Type
instanceKlass java/lang/reflect/GenericDeclaration
instanceKlass java/lang/reflect/AnnotatedElement
instanceKlass java/lang/String
instanceKlass java/lang/constant/ConstantDesc
instanceKlass java/lang/constant/Constable
instanceKlass java/lang/CharSequence
instanceKlass java/lang/Comparable
instanceKlass java/io/Serializable
ciInstanceKlass java/lang/Object 1 1 92 7 1 10 12 1 1 10 7 12 1 1 1 10 7 12 1 1 1 10 12 1 1 8 1 10 12 1 1 10 7 12 1 1 1 10 12 1 10 12 1 1 100 1 8 1 10 12 1 3 8 1 100 1 5 0 1 1 1 1 1 1 1 1 1 1 1 1 1 1 1 1 7 1 1 1 7 1 1 1 1 1 1 1 7 1 1 1 1 1 1 1
ciMethod java/lang/Object hashCode ()I 256 0 128 0 -1
ciInstanceKlass java/lang/Class 1 1 1611 10 7 12 1 1 1 9 7 12 1 1 1 9 12 1 1 7 1 10 10 12 1 1 8 1 10 12 1 8 1 8 1 10 12 1 1 10 12 1 1 10 12 1 10 10 12 1 10 12 1 1 10 12 1 1 10 7 12 1 1 10 12 1 10 12 1 10 12 1 8 1 10 12 1 8 1 10 12 1 8 1 8 1 10 12 1 1 10 7 12 1 1 1 18 12 1 1 11 7 12 1 1 1 8 1 8 1 8 1 10 7 12 1 1 1 11 12 1 1 7 1 8 1 10 12 1 11 100 12 1 1 1 10 12 1 1 11 8 1 18 8 1 10 12 1 10 7 12 1 1 10 7 12 1 1 1 10 12 1 1 10 7 12 1 1 1 9 7 12 1 1 1 10 100 12 1 1 1 10 7 12 1 1 1 10 12 1 1 18 12 1 1 10 7 12 1 1 1 10 7 12 1 1 10 12 1 1 10 7 1 100 1 10 12 1 1 9 12 1 1 7 1 8 1 10 12 1 10 12 1 1 10 12 1 1 10 7 12 1 1 1 7 1 10 12 1 7 1 7 1 10 10 12 1 1 10 12 1 1 100 1 10 100 12 1 1 1 10 12 1 1 10 12 1 1 9 12 1 1 10 12 1 10 12 1 10 12 1 1 9 12 1 1 9 12 1 1 10 12 1 1 10 7 1 10 12 1 10 12 1 10 12 1 1 10 9 12 1 10 12 1 8 1 10 12 1 1 10 12 1 1 10 12 1 10 12 1 1 10 12 1 1 10 12 1 1 9 7 12 1 1 1 10 7 12 1 1 10 12 10 12 1 10 12 1 1 10 100 12 1 1 10 12 1 10 12 1 1 10 100 12 1 1 1 10 12 1 10 12 1 1 10 12 1 10 12 1 10 12 1 1 10 7 1 10 10 10 12 1 1 10 12 1 1 10 12 10 12 1 1 100 1 8 1 10 10 12 1 1 10 12 1 100 1 11 12 1 10 100 12 1 1 10 12 1 10 12 1 10 100 12 1 1 10 10 12 1 1 8 1 10 12 1 10 12 1 1 8 1 9 12 1 10 12 1 10 12 1 10 12 1 10 12 100 1 9 12 1 10 12 1 9 12 1 10 12 1 10 12 1 10 12 1 10 10 12 1 10 12 1 10 12 1 10 12 1 10 12 1 10 12 1 100 1 10 12 1 10 12 1 1 10 12 1 1 10 12 1 1 10 12 1 1 10 12 1 1 10 12 1 1 7 1 10 10 12 1 1 10 12 1 1 10 12 1 1 10 10 12 1 10 12 1 1 10 12 1 1 10 12 1 1 10 12 1 1 7 1 10 10 12 11 100 12 1 1 10 12 1 1 10 12 1 10 7 12 1 1 1 10 12 1 1 10 10 12 1 1 100 1 10 10 12 1 1 10 100 12 1 1 1 100 1 7 1 10 12 1 1 10 12 1 10 10 12 1 1 10 12 1 10 12 1 10 12 1 10 100 12 1 1 1 11 7 12 1 1 10 12 1 10 12 1 9 12 1 10 12 1 1 10 12 1 9 12 1 1 7 1 10 9 12 1 1 10 12 7 1 10 12 1 9 12 1 10 100 12 1 1 1 10 12 1 10 12 1 10 100 12 1 1 1 10 12 1 10 12 10 12 1 1 100 1 10 8 1 10 12 1 11 11 12 1 1 11 7 12 1 1 11 12 1 8 1 10 12 1 10 12 1 1 9 12 1 9 12 1 1 10 7 12 1 1 9 12 1 10 12 1 1 10 10 12 1 10 7 12 1 1 1 10 7 12 1 1 10 7 12 1 1 9 12 1 1 10 12 1 9 12 1 10 12 1 10 12 1 1 9 12 1 1 9 12 1 10 12 1 10 12 1 1 9 12 1 7 1 10 10 12 1 1 7 1 10 12 1 1 7 11 7 1 9 12 1 1 9 12 1 100 1 10 12 1 9 12 1 1 9 12 1 10 12 1 10 12 1 1 9 12 1 7 1 10 10 12 1 1 10 10 12 1 1 10 12 10 10 12 1 9 12 1 10 12 1 1 10 7 12 1 1 1 10 12 1 1 10 12 1 8 10 7 8 1 18 8 1 8 1 10 12 1 9 12 1 9 12 1 1 10 12 1 7 1 7 1 10 12 1 9 12 1 1 7 1 10 10 12 1 10 7 1 9 12 1 8 1 10 12 1 7 1 10 12 1 10 12 1 1 9 12 1 100 1 8 1 10 7 1 4 10 10 12 11 7 12 1 1 1 10 12 1 100 1 10 12 1 1 10 8 1 8 1 10 12 1 1 9 7 12 1 1 11 12 7 1 11 7 12 1 1 9 12 1 10 100 12 1 1 1 10 7 12 1 1 10 12 1 1 9 12 1 9 10 12 1 1 10 12 1 1 10 12 1 1 10 12 1 1 10 12 1 1 11 12 1 7 1 11 12 1 10 7 12 1 1 1 10 12 1 7 1 11 12 1 10 100 12 1 1 1 10 12 1 10 11 12 1 11 12 1 1 10 12 1 10 12 1 1 9 12 1 1 9 7 12 1 1 10 12 1 10 7 12 1 1 1 10 12 1 1 10 12 1 10 12 1 10 12 1 10 7 12 1 1 1 10 12 1 8 1 10 12 1 10 12 1 10 12 1 10 100 12 1 1 1 11 100 12 1 1 1 10 12 1 1 10 12 1 18 12 1 1 11 12 1 1 18 11 12 1 18 12 1 11 12 1 10 12 1 1 10 12 1 10 12 1 10 12 10 12 1 8 1 10 12 1 7 1 9 12 1 1 100 1 100 1 100 1 100 1 100 1 1 1 3 1 3 1 3 1 1 1 1 1 1 1 5 0 1 1 1 1 1 1 1 1 1 1 1 1 1 1 1 1 1 1 1 1 1 1 1 100 1 1 1 1 1 1 1 100 1 1 1 1 1 1 7 1 1 1 1 1 1 1 1 1 1 1 1 1 1 1 1 1 1 1 1 1 1 1 1 1 1 1 1 1 1 1 1 1 1 1 1 1 1 100 1 1 1 1 1 1 1 1 1 1 1 1 1 1 1 1 1 1 1 1 1 1 1 1 1 1 1 1 100 1 1 1 1 1 1 1 1 1 1 1 1 1 1 1 1 1 1 1 1 1 1 1 1 1 1 1 1 1 1 1 1 1 1 1 1 1 1 1 1 1 1 1 1 1 1 1 1 1 1 1 1 1 100 1 100 1 1 1 1 1 1 1 1 1 1 1 1 1 1 1 1 1 1 1 1 1 1 1 1 1 1 1 1 1 1 1 1 1 1 1 1 1 1 1 1 1 1 1 1 1 1 1 1 1 1 1 1 1 1 1 1 1 1 1 1 1 1 1 100 1 1 1 1 1 1 1 1 1 1 1 1 1 1 1 1 1 1 1 1 1 1 1 1 1 1 1 1 1 1 1 1 1 1 1 1 1 1 1 1 1 1 1 1 1 1 1 1 1 1 1 1 1 1 1 1 1 1 1 1 1 1 1 1 1 1 1 1 15 10 7 12 1 1 1 16 15 10 12 16 15 11 12 16 1 16 15 16 15 10 12 16 16 15 10 12 16 15 16 1 15 10 12 16 1 1 1 1 1 1 1 1 100 1 1 100 1 100 1 1 100 1 100 1 1
staticfield java/lang/Class EMPTY_CLASS_ARRAY [Ljava/lang/Class; 0 [Ljava/lang/Class;
staticfield java/lang/Class serialPersistentFields [Ljava/io/ObjectStreamField; 0 [Ljava/io/ObjectStreamField;
ciInstanceKlass java/io/Serializable 1 0 7 100 1 100 1 1 1
instanceKlass jdk/internal/vm/vector/VectorSupport$VectorShuffle
instanceKlass jdk/internal/vm/vector/VectorSupport$VectorMask
instanceKlass jdk/internal/vm/vector/VectorSupport$Vector
ciInstanceKlass jdk/internal/vm/vector/VectorSupport$VectorPayload 0 0 32 10 100 12 1 1 1 9 100 12 1 1 1 10 100 12 1 1 1 1 1 1 1 1 1 1 1 1 1 1 1 1
ciInstanceKlass jdk/internal/vm/vector/VectorSupport$VectorShuffle 0 0 28 10 100 12 1 1 1 100 1 1 1 1 1 1 1 1 1 1 1 1 1 1 1 100 1 1 1 1
ciInstanceKlass jdk/internal/vm/vector/VectorSupport$VectorMask 0 0 28 10 100 12 1 1 1 100 1 1 1 1 1 1 1 1 1 1 1 1 1 1 1 100 1 1 1 1
ciInstanceKlass jdk/internal/vm/vector/VectorSupport$Vector 0 0 28 10 100 12 1 1 1 100 1 1 1 1 1 1 1 1 1 1 1 1 1 1 1 100 1 1 1 1
ciInstanceKlass jdk/internal/vm/vector/VectorSupport 0 0 487 100 1 10 100 12 1 1 1 9 12 1 1 10 12 1 1 100 1 10 12 1 11 100 12 1 1 1 11 100 12 1 1 1 11 100 12 1 1 11 100 12 1 1 1 11 100 1 100 1 10 12 1 1 11 100 12 1 1 11 100 12 1 1 100 1 11 100 12 1 1 11 100 12 1 1 11 100 12 1 1 1 11 100 12 1 1 1 11 100 12 1 1 1 11 100 12 1 1 1 100 1 10 12 1 1 11 100 12 1 1 100 1 11 100 12 1 1 11 100 12 1 1 11 100 12 1 1 11 100 1 100 1 9 12 1 1 10 100 12 1 1 11 100 12 1 1 10 12 1 1 10 100 12 1 1 1 10 12 1 10 12 1 1 10 12 1 1 1 1 1 3 1 3 1 3 1 3 1 3 1 3 1 3 1 3 1 3 1 3 1 3 1 3 1 3 1 3 1 3 1 3 1 3 1 3 1 3 1 3 1 3 1 3 1 3 1 3 1 3 1 3 1 3 1 3 1 3 1 3 1 3 1 3 1 3 1 3 1 3 1 3 1 3 1 3 1 3 1 1 1 1 1 3 1 1 1 1 1 1 3 1 1 1 1 1 1 1 1 1 1 1 1 1 1 1 1 1 1 1 1 1 1 1 1 1 1 1 1 1 1 1 1 1 1 1 1 1 1 1 1 1 1 1 1 1 1 1 1 1 1 1 1 1 1 1 1 1 1 1 1 1 1 1 1 1 1 1 1 1 1 1 1 1 1 1 1 1 1 1 1 1 1 1 1 1 1 1 1 1 1 1 1 1 1 1 1 1 1 1 1 1 1 1 1 1 1 1 1 1 1 1 1 1 1 1 1 1 1 1 1 1 1 1 1 1 1 1 1 1 1 1 1 1 1 1 1 1 1 1 1 1 1 1 1 1 1 1 1 1 1 1 1 1 1 1 1 1 1 1 1 1 1 1 1 1 1 1 1 1 1 1 1 1 1 1 1 1 1 1 1 1 1 1 1 1 1 1 1 1 1 1 1 1 1 1 1 1 1 1 100 1 100 1 1 1 1 1 1 1 1 1 1 1 1 1 1 1 1 1 1 1 1 1 1 1 1
ciInstanceKlass java/lang/reflect/RecordComponent 0 0 196 10 100 12 1 1 1 9 100 12 1 1 1 9 12 1 1 9 12 1 10 12 1 1 10 12 1 1 10 100 12 1 1 1 10 12 1 1 9 12 1 1 10 12 1 1 10 12 1 1 10 12 1 10 100 12 1 1 10 100 12 1 1 9 12 1 1 10 100 12 1 1 1 11 100 12 1 1 1 10 9 100 12 1 1 1 10 100 12 1 1 1 9 12 1 1 10 100 12 1 1 1 10 12 1 1 11 100 12 1 1 10 100 12 1 1 100 1 9 12 1 9 12 1 1 9 12 1 10 100 12 1 1 1 10 12 1 1 10 12 1 1 100 1 10 10 12 1 10 12 1 1 8 1 10 12 1 10 12 1 9 12 1 100 1 1 1 1 1 1 1 1 1 1 1 1 1 1 1 1 1 1 1 1 1 1 100 1 1 1 1 1 1 100 1 1
ciInstanceKlass java/util/Iterator 1 1 53 100 1 8 1 10 12 1 1 10 7 12 1 1 1 11 7 12 1 1 1 11 12 1 1 11 7 12 1 1 1 100 1 1 1 1 1 1 1 1 1 1 1 1 1 1 1 1 1 1 1 1 1
instanceKlass com/sun/tools/javac/tree/TreeInfo$PosKind
instanceKlass com/sun/tools/javac/comp/LambdaToMethod$LambdaSymbolKind
instanceKlass com/sun/tools/javac/comp/Flow$BaseAnalyzer$JumpKind
instanceKlass com/sun/tools/javac/comp/Infer$IncorporationBinaryOpKind
instanceKlass com/sun/tools/javac/comp/Infer$InferenceStep
instanceKlass com/sun/tools/javac/comp/Infer$GraphInferenceSteps
instanceKlass com/sun/tools/javac/code/Type$UndetVar$Kind
instanceKlass com/sun/tools/javac/tree/JCTree$JCOperatorExpression$OperandPos
instanceKlass com/sun/tools/javac/comp/Operators$ComparisonKind
instanceKlass com/sun/tools/javac/code/Symbol$OperatorSymbol$AccessCode
instanceKlass com/sun/tools/javac/util/Bits$BitsState
instanceKlass com/sun/tools/javac/comp/Flow$FlowKind
instanceKlass com/sun/tools/javac/comp/Flow$Liveness
instanceKlass com/sun/tools/javac/comp/Resolve$MethodCheckDiag
instanceKlass jdk/internal/icu/util/CodePointTrie$ValueWidth
instanceKlass jdk/internal/icu/util/CodePointTrie$Type
instanceKlass java/lang/Thread$State
instanceKlass com/sun/beans/introspect/PropertyInfo$Name
instanceKlass com/sun/beans/util/Cache$Kind
instanceKlass org/mapstruct/ap/internal/writer/IndentationCorrectingWriter$State
instanceKlass org/mapstruct/ap/internal/gem/InjectionStrategyGem
instanceKlass org/mapstruct/ap/internal/gem/NullValueMappingStrategyGem
instanceKlass org/mapstruct/ap/internal/gem/ReportingPolicyGem
instanceKlass org/mapstruct/ap/internal/model/common/Assignment$AssignmentType
instanceKlass org/mapstruct/ap/internal/gem/NullValuePropertyMappingStrategyGem
instanceKlass org/mapstruct/ap/internal/gem/NullValueCheckStrategyGem
instanceKlass org/mapstruct/ap/internal/gem/MappingControlUseGem
instanceKlass org/mapstruct/ap/internal/util/accessor/AccessorType
instanceKlass org/mapstruct/ap/spi/MethodType
instanceKlass org/mapstruct/ap/internal/gem/CollectionMappingStrategyGem
instanceKlass org/mapstruct/ap/internal/model/source/selector/SelectionCriteria$Type
instanceKlass org/mapstruct/ap/internal/gem/MappingInheritanceStrategyGem
instanceKlass com/sun/tools/javac/code/Type$UndetVar$InferenceBound
instanceKlass org/mapstruct/ap/internal/model/common/Accessibility
instanceKlass org/mapstruct/ap/internal/util/Message
instanceKlass javax/lang/model/element/Modifier
instanceKlass lombok/core/configuration/LogDeclaration$LogFactoryParameter
instanceKlass lombok/EqualsAndHashCode$CacheStrategy
instanceKlass lombok/core/handlers/HandlerUtil$JavadocTag
instanceKlass lombok/javac/handlers/JavacHandlerUtil$CopyJavadoc
instanceKlass lombok/core/handlers/HandlerUtil$FieldAccess
instanceKlass lombok/javac/handlers/JavacHandlerUtil$MemberExistsResult
instanceKlass lombok/delombok/LombokOptionsFactory$LombokOptionCompilerVersion
instanceKlass lombok/javac/handlers/HandleConstructor$SkipIfConstructorExists
instanceKlass lombok/AccessLevel
instanceKlass com/sun/source/tree/ModuleTree$ModuleKind
instanceKlass com/sun/tools/javac/tree/JCTree$JCMemberReference$OverloadKind
instanceKlass com/sun/tools/javac/tree/JCTree$JCMemberReference$ReferenceKind
instanceKlass com/sun/source/tree/LambdaExpressionTree$BodyKind
instanceKlass lombok/core/AST$Kind
instanceKlass com/sun/tools/javac/util/Log$PrefixKind
instanceKlass javax/lang/model/element/ModuleElement$DirectiveKind
instanceKlass lombok/core/configuration/CapitalizationStrategy
instanceKlass lombok/core/configuration/NullCheckExceptionType
instanceKlass lombok/core/configuration/CallSuperType
instanceKlass lombok/core/configuration/FlagUsageType
instanceKlass com/sun/tools/javac/code/TypeAnnotationPosition$TypePathEntryKind
instanceKlass com/sun/tools/javac/code/TypeAnnotations$AnnotationType
instanceKlass com/sun/source/tree/Tree$Kind
instanceKlass javax/lang/model/element/ElementKind
instanceKlass com/sun/tools/javac/comp/Resolve$InterfaceLookupPhase
instanceKlass com/sun/tools/javac/code/Types$ProjectionKind
instanceKlass com/sun/tools/javac/code/TargetType
instanceKlass java/nio/file/FileVisitResult
instanceKlass com/sun/tools/javac/code/Attribute$RetentionPolicy
instanceKlass javax/lang/model/element/NestingKind
instanceKlass com/sun/tools/javac/comp/DeferredAttr$AttributionMode
instanceKlass com/sun/tools/javac/code/Scope$LookupKind
instanceKlass com/sun/tools/javac/code/Directive$OpensFlag
instanceKlass com/sun/tools/javac/code/Directive$ExportsFlag
instanceKlass com/sun/tools/javac/code/BoundKind
instanceKlass com/sun/source/tree/MemberReferenceTree$ReferenceMode
instanceKlass com/sun/source/tree/CaseTree$CaseKind
instanceKlass com/sun/tools/javac/parser/JavacParser$PatternResult
instanceKlass com/sun/tools/javac/tree/JCTree$JCLambda$ParameterKind
instanceKlass com/sun/tools/javac/tree/JCTree$JCPolyExpression$PolyKind
instanceKlass com/sun/tools/javac/parser/JavacParser$EnumeratorEstimate
instanceKlass com/sun/tools/javac/parser/UnicodeReader$UnicodeEscapeResult
instanceKlass com/sun/tools/javac/parser/JavacParser$ParensResult
instanceKlass com/sun/tools/javac/parser/Tokens$Comment$CommentStyle
instanceKlass javax/lang/model/type/TypeKind
instanceKlass com/sun/tools/javac/util/RichDiagnosticFormatter$RichConfiguration$RichFormatterFeature
instanceKlass com/sun/tools/javac/util/RichDiagnosticFormatter$WhereClauseKind
instanceKlass com/sun/tools/javac/comp/CompileStates$CompileState
instanceKlass com/sun/tools/javac/main/JavaCompiler$ImplicitSourcePolicy
instanceKlass com/sun/tools/javac/parser/Tokens$Token$Tag
instanceKlass com/sun/tools/javac/parser/Tokens$TokenKind
instanceKlass com/sun/tools/javac/jvm/ClassFile$Version
instanceKlass com/sun/tools/javac/comp/Attr$CheckMode
instanceKlass com/sun/tools/javac/comp/Analyzer$AnalyzerMode
instanceKlass com/sun/tools/javac/jvm/Code$StackMapFormat
instanceKlass com/sun/tools/javac/comp/Operators$OperatorType
instanceKlass com/sun/tools/javac/tree/JCTree$Tag
instanceKlass com/sun/tools/javac/jvm/Profile
instanceKlass com/sun/tools/javac/comp/Resolve$VerboseResolutionMode
instanceKlass com/sun/tools/javac/comp/DeferredAttr$AttrMode
instanceKlass com/sun/tools/javac/main/Option$PkgInfo
instanceKlass com/sun/tools/javac/util/Dependencies$CompletionCause
instanceKlass com/sun/tools/javac/comp/Resolve$ReferenceLookupResult$StaticKind
instanceKlass com/sun/tools/javac/comp/Resolve$MethodResolutionPhase
instanceKlass com/sun/tools/javac/code/Symbol$ModuleResolutionFlags
instanceKlass com/sun/tools/javac/code/Symbol$ModuleFlags
instanceKlass com/sun/tools/javac/code/Directive$RequiresFlag
instanceKlass com/sun/tools/javac/code/Kinds$KindName
instanceKlass com/sun/tools/javac/code/Kinds$Kind$Category
instanceKlass com/sun/tools/javac/code/Kinds$Kind
instanceKlass com/sun/tools/javac/code/TypeMetadata$Entry$Kind
instanceKlass com/sun/tools/javac/code/TypeTag
instanceKlass com/sun/tools/javac/jvm/ClassReader$AttributeKind
instanceKlass com/sun/tools/javac/main/JavaCompiler$CompilePolicy
instanceKlass com/sun/tools/javac/main/Main$Result
instanceKlass com/sun/tools/javac/code/Source$Feature$DiagKind
instanceKlass com/sun/tools/javac/util/JCDiagnostic$DiagnosticType
instanceKlass com/sun/tools/javac/code/Source$Feature
instanceKlass java/nio/file/attribute/PosixFilePermission
instanceKlass com/sun/tools/javac/main/Arguments$ErrorMode
instanceKlass com/sun/tools/javac/jvm/Target
instanceKlass com/sun/tools/javac/util/BasicDiagnosticFormatter$BasicConfiguration$SourcePosition
instanceKlass com/sun/tools/javac/util/BasicDiagnosticFormatter$BasicConfiguration$BasicFormatKind
instanceKlass com/sun/tools/javac/api/DiagnosticFormatter$Configuration$MultilineLimit
instanceKlass com/sun/tools/javac/api/DiagnosticFormatter$Configuration$DiagnosticPart
instanceKlass com/sun/tools/javac/util/JCDiagnostic$DiagnosticFlag
instanceKlass com/sun/tools/javac/util/Log$WriterKind
instanceKlass javax/tools/StandardLocation
instanceKlass javax/tools/JavaFileObject$Kind
instanceKlass com/sun/tools/javac/code/Source
instanceKlass com/sun/tools/javac/code/Lint$LintCategory
instanceKlass com/sun/tools/javac/main/Option$ChoiceKind
instanceKlass com/sun/tools/javac/main/Option$ArgKind
instanceKlass com/sun/tools/javac/main/Option$OptionGroup
instanceKlass com/sun/tools/javac/main/Option$OptionKind
instanceKlass com/sun/tools/javac/main/Option
instanceKlass javax/tools/Diagnostic$Kind
instanceKlass org/codehaus/plexus/compiler/javac/JavacCompiler$JavaVersion
instanceKlass org/apache/maven/shared/utils/io/ScanConductor$ScanAction
instanceKlass java/nio/file/FileTreeWalker$EventType
instanceKlass java/nio/file/FileVisitOption
instanceKlass org/apache/maven/shared/utils/logging/Style
instanceKlass java/util/Comparators$NaturalOrderComparator
instanceKlass org/codehaus/plexus/compiler/CompilerConfiguration$CompilerReuseStrategy
instanceKlass javax/lang/model/SourceVersion
instanceKlass org/codehaus/plexus/compiler/CompilerMessage$Kind
instanceKlass java/nio/file/StandardCopyOption
instanceKlass org/apache/commons/io/StandardLineSeparator
instanceKlass java/time/format/TextStyle
instanceKlass java/time/format/DateTimeFormatterBuilder$SettingsParser
instanceKlass java/time/format/ResolverStyle
instanceKlass java/time/format/SignStyle
instanceKlass java/time/temporal/JulianFields$Field
instanceKlass java/time/temporal/IsoFields$Unit
instanceKlass java/time/temporal/IsoFields$Field
instanceKlass java/time/temporal/ChronoField
instanceKlass com/google/inject/internal/ErrorId
instanceKlass org/eclipse/sisu/space/GlobberStrategy
instanceKlass org/eclipse/aether/util/graph/transformer/ConflictResolver$Verbosity
instanceKlass org/apache/maven/plugin/MojoExecution$Source
instanceKlass java/util/stream/MatchOps$MatchKind
instanceKlass java/nio/file/AccessMode
instanceKlass org/eclipse/aether/RepositoryEvent$EventType
instanceKlass org/eclipse/aether/named/support/ReadWriteLockNamedLock$Step
instanceKlass org/apache/maven/project/ProjectBuildingRequest$RepositoryMerging
instanceKlass org/fusesource/jansi/Ansi$Attribute
instanceKlass org/fusesource/jansi/Ansi$Color
instanceKlass org/apache/maven/shared/utils/logging/Style
instanceKlass java/security/DrbgParameters$Capability
instanceKlass sun/security/util/KnownOIDs
instanceKlass org/eclipse/sisu/inject/QualifyingStrategy
instanceKlass com/google/inject/internal/InjectorImpl$JitLimitation
instanceKlass org/eclipse/sisu/bean/DeclaredMembers$View
instanceKlass com/google/inject/internal/Initializer$InjectableReferenceState
instanceKlass com/google/common/collect/MapMakerInternalMap$Strength
instanceKlass org/apache/maven/settings/building/SettingsProblem$Severity
instanceKlass org/eclipse/aether/metadata/Metadata$Nature
instanceKlass org/apache/maven/model/building/ModelProblem$Version
instanceKlass org/apache/maven/building/Problem$Severity
instanceKlass org/apache/maven/plugin/internal/DefaultPluginValidationManager$ValidationReportLevel
instanceKlass org/apache/maven/plugin/PluginValidationManager$IssueLocality
instanceKlass org/apache/maven/classrealm/ClassRealmRequest$RealmType
instanceKlass org/apache/maven/artifact/ArtifactScopeEnum
instanceKlass org/apache/maven/model/building/ModelProblem$Severity
instanceKlass org/apache/maven/execution/ExecutionEvent$Type
instanceKlass com/google/inject/spi/InjectionPoint$Position
instanceKlass com/google/common/util/concurrent/AbstractFutureState$VarHandleAtomicHelperMaker
instanceKlass java/lang/annotation/ElementType
instanceKlass java/lang/annotation/RetentionPolicy
instanceKlass com/google/inject/internal/InternalFlags$ColorizeOption
instanceKlass com/google/inject/internal/InternalFlags$BytecodeGenOption
instanceKlass com/google/inject/internal/InternalFlags$NullableProvidesOption
instanceKlass com/google/inject/internal/InternalFlags$CustomClassLoadingOption
instanceKlass com/google/inject/internal/InternalFlags$IncludeStackTraceOption
instanceKlass com/google/inject/Key$NullAnnotationStrategy
instanceKlass sun/reflect/annotation/TypeAnnotation$TypeAnnotationTarget
instanceKlass com/google/common/cache/LocalCache$EntryFactory
instanceKlass com/google/common/cache/CacheBuilder$NullListener
instanceKlass com/google/common/cache/CacheBuilder$OneWeigher
instanceKlass com/google/common/cache/LocalCache$Strength
instanceKlass java/time/temporal/ChronoUnit
instanceKlass jdk/internal/logger/BootstrapLogger$LoggingBackend
instanceKlass com/google/inject/Stage
instanceKlass org/eclipse/sisu/space/BeanScanning
instanceKlass java/math/RoundingMode
instanceKlass sun/util/locale/provider/LocaleProviderAdapter$Type
instanceKlass java/util/stream/Collector$Characteristics
instanceKlass java/util/Locale$Category
instanceKlass org/slf4j/impl/OutputChoice$OutputChoiceType
instanceKlass java/util/stream/StreamShape
instanceKlass java/util/stream/StreamOpFlag$Type
instanceKlass java/util/stream/StreamOpFlag
instanceKlass org/fusesource/jansi/AnsiColors
instanceKlass org/fusesource/jansi/AnsiMode
instanceKlass org/fusesource/jansi/AnsiType
instanceKlass java/util/regex/Pattern$Qtype
instanceKlass java/lang/invoke/VarHandle$AccessType
instanceKlass java/lang/invoke/VarHandle$AccessMode
instanceKlass java/lang/invoke/MethodHandles$Lookup$ClassOption
instanceKlass java/lang/invoke/MethodHandleImpl$Intrinsic
instanceKlass java/lang/invoke/LambdaForm$BasicType
instanceKlass java/lang/invoke/LambdaForm$Kind
instanceKlass sun/invoke/util/Wrapper
instanceKlass java/util/concurrent/TimeUnit
instanceKlass java/nio/file/LinkOption
instanceKlass sun/nio/fs/WindowsPathType
instanceKlass java/nio/file/StandardOpenOption
instanceKlass java/io/File$PathStatus
instanceKlass java/lang/module/ModuleDescriptor$Requires$Modifier
instanceKlass java/lang/module/ModuleDescriptor$Modifier
ciInstanceKlass java/lang/Enum 1 1 188 9 7 12 1 1 1 9 12 1 1 10 7 12 1 1 1 10 12 1 1 100 1 10 10 12 1 1 10 12 1 100 1 10 10 7 12 1 1 10 12 1 1 18 12 1 1 10 100 12 1 1 1 10 12 1 1 11 7 12 1 1 1 100 1 8 1 10 12 1 100 1 100 1 10 8 1 10 12 1 1 10 12 1 1 8 1 10 12 1 10 100 1 8 1 10 10 12 1 1 10 7 12 1 1 1 100 1 100 1 100 1 1 1 1 1 1 1 1 1 1 1 1 1 1 1 1 1 1 1 1 1 1 1 1 1 1 1 1 1 1 1 1 1 1 1 1 1 1 1 1 1 100 1 100 1 1 100 1 1 1 1 1 1 1 1 1 1 1 15 10 100 12 1 1 1 16 15 10 12 16 1 1 100 1 100 1 1
ciInstanceKlass java/lang/System 1 1 803 10 100 12 1 1 1 9 7 12 1 1 1 10 12 1 10 12 1 1 10 12 1 1 10 12 1 9 12 1 1 10 7 12 1 1 1 11 100 12 1 1 1 10 100 12 1 1 1 10 12 1 1 10 12 1 1 100 1 8 1 10 12 1 10 100 12 1 1 1 10 100 12 1 1 1 18 12 1 1 10 100 12 1 1 1 100 1 10 12 1 1 10 100 12 1 1 1 10 12 1 10 7 12 1 1 1 9 100 12 1 1 1 10 100 12 1 1 1 11 7 12 1 1 1 10 12 1 1 10 100 12 1 1 1 100 1 10 10 12 1 1 8 1 10 12 1 8 1 10 12 1 9 12 1 1 8 1 10 7 12 1 1 1 10 12 1 1 100 1 8 1 10 9 12 1 1 8 1 10 12 1 1 10 100 12 1 1 1 8 1 10 12 1 100 1 10 12 1 8 1 10 12 1 10 12 1 1 100 1 10 12 10 12 1 9 12 1 1 9 12 1 1 10 7 12 1 1 1 10 7 12 1 1 1 10 12 1 1 10 12 1 10 12 1 10 7 12 1 1 1 10 12 1 100 1 100 1 8 1 10 12 1 10 12 1 1 7 1 10 12 1 100 1 8 1 10 10 12 1 100 1 8 1 10 8 1 10 7 12 1 1 8 1 10 12 100 1 8 1 10 10 12 1 1 10 100 12 1 1 1 100 1 18 12 1 100 1 9 100 12 1 1 1 10 12 1 100 1 10 12 1 1 10 12 1 1 10 7 12 1 1 1 10 12 1 1 10 12 1 10 12 1 10 12 1 1 10 12 1 7 1 10 12 1 10 12 1 100 1 10 12 1 10 7 12 1 1 1 100 1 8 1 10 9 12 1 9 12 1 10 12 1 10 100 12 1 1 10 12 1 10 12 1 1 8 1 10 12 1 1 8 1 11 12 1 10 12 11 12 1 1 11 7 12 1 1 1 11 7 12 1 1 11 12 1 1 7 1 11 12 1 10 12 1 8 1 10 12 1 1 8 1 8 1 8 1 8 1 11 12 1 10 12 1 10 12 1 10 12 1 10 7 12 1 1 8 1 7 1 9 7 12 1 1 1 10 12 1 7 1 9 12 10 9 12 7 1 10 12 8 1 10 12 1 1 8 1 10 7 12 1 1 10 12 1 10 7 12 1 1 1 10 12 1 1 10 7 12 1 1 1 10 12 10 7 12 1 1 1 9 12 1 1 100 1 8 1 10 12 1 1 10 7 12 1 1 1 7 1 10 12 1 1 8 1 10 8 1 8 1 8 1 8 1 10 10 7 12 1 1 10 12 1 1 10 12 1 1 10 12 1 1 10 12 1 10 100 12 1 1 1 10 100 1 8 1 10 10 10 12 1 1 10 12 1 1 8 1 10 12 1 8 1 10 12 1 10 12 1 1 7 1 10 10 12 1 10 12 1 9 12 1 1 1 3 1 3 1 1 1 1 1 1 1 1 1 1 1 1 100 1 1 7 1 1 1 1 1 1 1 1 1 1 1 100 1 100 1 1 1 1 1 1 1 1 1 1 1 1 1 1 1 1 1 1 1 1 1 1 1 1 1 1 1 1 1 1 1 1 1 1 1 1 1 1 1 1 1 1 1 1 1 1 1 1 1 1 1 1 1 1 1 1 1 1 100 1 1 1 1 1 1 1 1 1 1 1 1 1 1 1 1 1 1 1 1 1 1 1 1 1 1 1 1 1 1 1 1 1 100 1 1 15 10 100 12 1 1 1 16 15 10 12 1 1 16 15 10 12 16 1 1 1 1 1 1 1 100 1 100 1 1
staticfield java/lang/System in Ljava/io/InputStream; java/io/BufferedInputStream
staticfield java/lang/System out Ljava/io/PrintStream; org/fusesource/jansi/AnsiPrintStream
staticfield java/lang/System err Ljava/io/PrintStream; org/fusesource/jansi/AnsiPrintStream
instanceKlass lombok/javac/apt/LombokProcessor$1
instanceKlass lombok/launch/ShadowClassLoader
instanceKlass com/google/inject/internal/aop/ChildClassDefiner$ChildLoader
instanceKlass org/eclipse/sisu/space/CloningClassSpace$CloningClassLoader
instanceKlass jdk/internal/reflect/DelegatingClassLoader
instanceKlass java/security/SecureClassLoader
ciInstanceKlass java/lang/ClassLoader 1 1 1098 9 7 12 1 1 1 10 7 12 1 1 1 9 12 1 1 10 7 12 1 1 1 7 1 10 12 1 1 10 12 1 1 9 12 1 1 10 12 1 1 100 1 10 12 1 10 12 1 1 10 7 12 1 1 1 100 1 8 1 10 12 1 10 7 12 1 1 1 10 100 12 1 10 7 1 10 7 1 7 1 7 1 10 12 1 10 12 1 9 12 1 1 10 10 7 12 1 1 1 9 12 1 1 9 12 1 9 12 1 1 9 12 1 9 12 1 1 9 12 1 1 7 1 10 12 1 9 12 1 1 10 12 1 1 10 7 12 1 1 1 9 12 1 9 12 1 1 9 12 1 10 12 1 1 9 12 10 12 1 1 7 1 10 8 1 10 12 1 1 10 12 1 10 7 1 7 1 10 12 1 1 10 7 12 1 1 1 8 1 10 12 1 10 12 1 10 12 1 1 10 12 1 1 10 12 1 1 10 12 1 1 10 12 1 1 10 12 1 7 1 10 12 1 10 7 12 1 1 1 10 12 1 1 10 12 1 10 12 1 10 12 1 10 12 1 10 12 1 1 10 10 12 1 10 12 1 10 100 12 1 1 10 12 1 1 10 12 1 1 10 12 1 100 1 10 12 1 100 1 10 12 1 10 100 12 1 1 1 10 10 12 1 1 10 12 1 1 100 1 8 1 10 8 1 10 12 1 10 12 1 100 1 8 1 10 12 1 1 10 12 1 1 10 10 12 1 1 10 12 1 1 10 12 1 1 10 7 1 10 12 1 1 10 12 1 1 10 12 1 1 10 12 1 1 10 12 1 1 10 12 1 1 10 12 1 10 7 12 1 1 1 10 12 1 10 12 1 10 12 1 1 10 12 1 10 12 1 10 12 1 10 12 1 1 10 12 1 10 12 1 1 8 1 9 12 1 10 12 1 1 8 1 8 1 10 7 12 1 1 100 1 10 10 12 10 12 1 10 12 1 10 12 1 10 12 1 1 10 7 12 1 1 10 12 1 10 7 1 7 1 10 12 1 1 10 12 1 10 7 1 10 12 1 100 1 18 12 1 10 100 12 1 1 1 10 7 12 1 1 1 10 7 12 1 1 10 12 1 1 10 12 1 10 12 1 1 100 1 10 12 1 10 12 1 1 10 7 12 1 1 10 12 1 8 1 100 1 10 10 12 1 9 12 1 10 7 12 1 1 10 12 1 100 1 8 1 10 12 1 10 8 1 8 1 10 12 1 1 10 12 1 1 10 12 1 1 10 100 12 1 1 1 100 1 100 1 10 12 1 1 100 1 100 1 10 100 12 1 1 10 12 1 10 12 1 1 10 12 1 10 12 1 1 10 12 1 1 9 100 12 1 1 1 10 12 1 1 10 12 1 10 12 1 10 12 1 1 10 12 1 8 1 10 12 1 7 1 18 12 1 1 10 12 1 1 10 12 1 10 12 1 10 12 1 8 1 10 12 1 10 12 1 18 12 1 11 100 12 1 1 1 100 1 10 12 1 1 10 12 1 10 11 12 1 1 10 18 10 12 1 1 11 100 12 1 18 12 1 11 12 1 1 10 12 10 12 1 1 10 12 1 1 100 1 8 1 10 10 12 1 8 1 8 1 10 100 12 1 1 10 12 1 100 1 10 10 12 1 8 1 8 1 8 1 10 12 1 10 12 1 1 10 12 1 10 100 12 1 1 1 11 100 12 1 1 100 1 10 11 10 12 1 10 12 1 10 12 1 1 9 100 12 1 1 9 12 1 1 9 12 9 12 1 9 12 1 9 12 1 8 10 12 1 1 10 7 12 1 1 1 10 12 1 1 10 12 1 1 10 12 1 10 10 12 1 11 12 1 1 10 100 12 1 1 1 100 1 10 12 1 10 12 1 10 12 1 1 1 1 1 1 1 1 1 1 1 1 1 1 1 1 1 1 1 1 1 1 1 1 1 1 1 1 100 1 1 1 1 1 1 1 1 1 1 1 1 1 1 1 1 1 1 1 1 1 100 1 1 1 1 1 1 1 1 1 1 100 1 1 1 1 1 1 1 1 1 1 1 1 1 1 1 1 1 1 1 1 1 1 1 1 1 1 1 1 1 1 1 1 1 1 1 1 1 1 1 1 1 100 1 1 1 1 1 1 1 1 1 1 1 1 1 1 1 1 1 1 100 1 1 1 1 1 1 1 1 1 1 1 1 1 1 1 1 1 1 1 1 1 1 1 1 1 1 1 1 1 1 1 1 1 1 1 1 1 1 1 1 1 1 1 1 1 1 1 1 1 1 1 100 1 1 1 1 1 1 1 1 1 1 1 1 1 1 1 1 1 1 1 1 1 1 1 1 1 1 1 1 1 1 1 1 1 1 1 1 1 1 1 1 1 1 1 1 1 1 15 10 100 12 1 1 1 16 1 15 10 12 16 1 16 15 10 12 16 1 16 1 15 10 12 16 15 10 12 16 15 10 12 16 1 1 100 1 100 1 1
staticfield java/lang/ClassLoader nocerts [Ljava/security/cert/Certificate; 0 [Ljava/security/cert/Certificate;
staticfield java/lang/ClassLoader $assertionsDisabled Z 1
ciInstanceKlass jdk/internal/reflect/DelegatingClassLoader 1 1 18 10 7 12 1 1 1 100 1 1 1 1 1 1 1 1 1 1
instanceKlass jdk/internal/loader/Loader
instanceKlass java/net/URLClassLoader
instanceKlass jdk/internal/loader/BuiltinClassLoader
ciInstanceKlass java/security/SecureClassLoader 1 1 102 10 7 12 1 1 1 7 1 10 12 1 9 7 12 1 1 1 10 12 1 10 12 1 10 12 1 1 10 12 1 1 10 12 1 7 1 10 7 1 10 12 1 7 1 10 12 1 11 7 12 1 1 1 7 1 11 12 1 10 12 1 1 1 1 1 1 1 1 1 1 1 1 1 1 1 1 1 1 1 1 1 1 1 1 1 1 1 1 1 1 1 1 1 1 1 1 100 1 1 1 1
instanceKlass jdk/internal/loader/ClassLoaders$BootClassLoader
instanceKlass jdk/internal/loader/ClassLoaders$PlatformClassLoader
instanceKlass jdk/internal/loader/ClassLoaders$AppClassLoader
ciInstanceKlass jdk/internal/loader/BuiltinClassLoader 1 1 737 9 7 12 1 1 1 10 7 12 1 1 1 10 7 12 1 1 1 9 12 1 1 9 12 1 1 7 1 10 12 1 9 12 1 10 12 1 9 12 1 10 7 12 1 1 1 10 7 12 1 1 1 10 7 12 1 1 1 11 7 12 1 1 1 100 1 100 1 10 10 12 1 1 8 1 10 12 1 10 12 7 1 10 12 1 10 12 1 1 11 7 12 1 1 1 11 7 12 1 1 1 11 12 1 1 7 1 8 1 8 1 10 9 12 1 1 10 7 12 1 1 11 12 1 1 10 12 1 1 10 12 1 1 10 12 1 1 10 7 12 1 1 1 10 12 1 10 7 12 1 1 1 10 12 1 1 11 7 12 1 1 1 10 7 12 1 1 7 1 10 7 12 1 1 1 10 12 1 100 1 8 1 10 12 1 1 10 8 1 10 12 1 1 10 12 1 1 10 12 1 1 11 7 12 1 1 11 12 1 7 1 10 11 12 1 1 11 10 12 1 1 7 1 10 12 1 10 7 12 1 10 12 1 7 1 10 12 1 10 7 12 1 1 1 100 1 10 12 1 1 11 12 1 7 1 100 1 10 12 1 10 12 1 1 100 1 100 1 10 12 1 10 12 1 18 12 1 1 10 12 1 10 12 1 1 18 100 1 10 7 12 1 1 1 7 1 10 10 12 1 1 10 12 1 1 10 12 1 1 10 12 1 9 12 1 1 100 1 10 10 12 1 1 10 12 1 1 10 12 1 10 12 10 12 1 1 10 12 1 1 10 12 1 1 10 12 1 10 12 1 1 18 12 1 7 1 10 12 1 1 10 12 1 10 12 1 1 10 12 1 100 1 10 12 1 7 1 10 12 1 10 7 12 1 1 1 10 12 1 11 12 1 7 1 10 12 1 7 1 100 1 10 12 1 10 12 1 11 12 1 1 10 12 1 1 10 12 1 1 10 12 1 1 10 12 1 1 10 12 1 10 12 1 10 12 1 10 12 1 8 1 10 12 1 1 10 7 12 1 1 10 12 1 100 1 8 1 8 1 10 10 12 1 8 1 8 1 10 7 12 1 1 1 11 7 12 1 1 1 9 7 12 1 1 1 10 7 12 1 1 1 9 12 1 9 12 1 9 12 1 9 12 1 9 12 1 9 12 1 10 7 12 1 1 1 8 1 10 12 1 7 1 10 12 1 1 10 12 1 7 1 10 11 12 1 1 10 12 10 12 1 10 12 1 100 1 10 12 1 10 12 1 10 10 12 1 10 7 12 1 1 8 1 10 7 12 1 1 10 12 1 1 1 1 1 1 1 1 1 1 1 1 1 1 1 1 1 1 1 1 1 1 1 1 1 1 1 1 1 1 1 1 1 1 1 1 1 1 1 1 1 1 1 1 1 1 1 1 1 1 1 1 1 1 1 1 100 1 1 1 1 1 1 1 1 1 1 1 1 1 1 1 1 1 1 100 1 100 1 1 1 1 1 1 1 1 1 1 1 1 1 1 1 1 1 1 1 1 1 1 1 1 1 1 1 1 1 1 1 1 1 1 1 1 1 1 1 1 1 1 1 1 1 1 1 1 1 1 1 100 1 1 15 10 100 12 1 1 1 16 15 10 12 16 15 10 12 16 15 10 12 16 1 1 1 100 1 1 1 1 1 100 1 100 1 1
staticfield jdk/internal/loader/BuiltinClassLoader packageToModule Ljava/util/Map; java/util/concurrent/ConcurrentHashMap
staticfield jdk/internal/loader/BuiltinClassLoader $assertionsDisabled Z 1
ciInstanceKlass java/security/AccessController 1 1 295 10 100 12 1 1 1 10 7 12 1 1 1 10 7 12 1 1 1 10 12 1 1 10 12 1 1 10 7 12 1 1 1 10 12 1 1 10 12 1 10 12 1 1 10 12 1 100 1 8 1 10 12 1 10 12 1 10 12 1 1 10 12 1 7 1 7 1 10 12 1 1 10 12 1 10 12 1 10 12 1 1 10 7 12 1 1 1 10 12 1 1 9 100 12 1 1 1 10 100 12 1 1 1 10 12 1 10 12 1 9 100 12 1 1 1 10 12 1 10 12 1 1 9 12 1 1 10 100 1 10 11 7 12 1 1 1 10 7 12 1 1 11 7 1 7 1 10 12 1 10 12 1 10 12 1 8 1 10 12 1 1 8 1 10 100 12 1 1 1 8 1 100 1 10 10 12 1 1 10 12 1 10 7 12 1 1 1 10 12 1 8 1 10 100 12 1 1 8 1 8 1 10 12 1 8 1 10 12 1 10 12 1 1 10 12 1 1 1 1 1 1 1 1 1 1 1 1 1 1 1 1 1 1 1 1 1 1 1 1 1 1 1 1 100 1 1 1 1 1 1 1 1 1 1 1 1 1 1 1 1 1 1 1 1 1 1 1 1 1 1 1 1 1 1 1 1 1 1 100 1 100 1 1 1 1 1 1 1 1 1 3 1 1 1
staticfield java/security/AccessController $assertionsDisabled Z 1
instanceKlass jdk/internal/reflect/GeneratedConstructorAccessor18
instanceKlass jdk/internal/reflect/GeneratedConstructorAccessor17
instanceKlass jdk/internal/reflect/GeneratedConstructorAccessor16
instanceKlass jdk/internal/reflect/GeneratedConstructorAccessor15
instanceKlass jdk/internal/reflect/GeneratedConstructorAccessor14
instanceKlass jdk/internal/reflect/GeneratedConstructorAccessor13
instanceKlass jdk/internal/reflect/GeneratedConstructorAccessor12
instanceKlass jdk/internal/reflect/GeneratedConstructorAccessor11
instanceKlass jdk/internal/reflect/GeneratedConstructorAccessor10
instanceKlass jdk/internal/reflect/GeneratedConstructorAccessor9
instanceKlass jdk/internal/reflect/GeneratedConstructorAccessor8
instanceKlass jdk/internal/reflect/GeneratedConstructorAccessor7
instanceKlass jdk/internal/reflect/GeneratedConstructorAccessor6
instanceKlass jdk/internal/reflect/GeneratedConstructorAccessor5
instanceKlass jdk/internal/reflect/GeneratedConstructorAccessor4
instanceKlass jdk/internal/reflect/GeneratedConstructorAccessor3
instanceKlass jdk/internal/reflect/GeneratedConstructorAccessor2
instanceKlass jdk/internal/reflect/BootstrapConstructorAccessorImpl
instanceKlass jdk/internal/reflect/GeneratedConstructorAccessor1
instanceKlass jdk/internal/reflect/DelegatingConstructorAccessorImpl
instanceKlass jdk/internal/reflect/NativeConstructorAccessorImpl
ciInstanceKlass jdk/internal/reflect/ConstructorAccessorImpl 1 1 27 10 7 12 1 1 1 100 1 100 1 1 1 1 1 1 1 1 1 100 1 100 1 100 1 1 1
instanceKlass jdk/internal/reflect/FieldAccessorImpl
instanceKlass jdk/internal/reflect/ConstructorAccessorImpl
instanceKlass jdk/internal/reflect/MethodAccessorImpl
ciInstanceKlass jdk/internal/reflect/MagicAccessorImpl 1 1 16 10 7 12 1 1 1 100 1 1 1 1 1 1 1 1
instanceKlass jdk/internal/reflect/GeneratedMethodAccessor76
instanceKlass jdk/internal/reflect/GeneratedMethodAccessor75
instanceKlass jdk/internal/reflect/GeneratedMethodAccessor74
instanceKlass jdk/internal/reflect/GeneratedMethodAccessor73
instanceKlass jdk/internal/reflect/GeneratedMethodAccessor72
instanceKlass jdk/internal/reflect/GeneratedMethodAccessor71
instanceKlass jdk/internal/reflect/GeneratedMethodAccessor70
instanceKlass jdk/internal/reflect/GeneratedMethodAccessor69
instanceKlass jdk/internal/reflect/GeneratedMethodAccessor68
instanceKlass jdk/internal/reflect/GeneratedMethodAccessor67
instanceKlass jdk/internal/reflect/GeneratedMethodAccessor66
instanceKlass jdk/internal/reflect/GeneratedMethodAccessor65
instanceKlass jdk/internal/reflect/GeneratedMethodAccessor64
instanceKlass jdk/internal/reflect/GeneratedMethodAccessor63
instanceKlass jdk/internal/reflect/GeneratedMethodAccessor62
instanceKlass jdk/internal/reflect/GeneratedMethodAccessor61
instanceKlass jdk/internal/reflect/GeneratedMethodAccessor60
instanceKlass jdk/internal/reflect/GeneratedMethodAccessor59
instanceKlass jdk/internal/reflect/GeneratedMethodAccessor58
instanceKlass jdk/internal/reflect/GeneratedMethodAccessor57
instanceKlass jdk/internal/reflect/GeneratedMethodAccessor56
instanceKlass jdk/internal/reflect/GeneratedMethodAccessor55
instanceKlass jdk/internal/reflect/GeneratedMethodAccessor54
instanceKlass jdk/internal/reflect/GeneratedMethodAccessor53
instanceKlass jdk/internal/reflect/GeneratedMethodAccessor52
instanceKlass jdk/internal/reflect/GeneratedMethodAccessor51
instanceKlass jdk/internal/reflect/GeneratedMethodAccessor50
instanceKlass jdk/internal/reflect/GeneratedMethodAccessor49
instanceKlass jdk/internal/reflect/GeneratedMethodAccessor48
instanceKlass jdk/internal/reflect/GeneratedMethodAccessor47
instanceKlass jdk/internal/reflect/GeneratedMethodAccessor46
instanceKlass jdk/internal/reflect/GeneratedMethodAccessor45
instanceKlass jdk/internal/reflect/GeneratedMethodAccessor44
instanceKlass jdk/internal/reflect/GeneratedMethodAccessor43
instanceKlass jdk/internal/reflect/GeneratedMethodAccessor42
instanceKlass jdk/internal/reflect/GeneratedMethodAccessor41
instanceKlass jdk/internal/reflect/GeneratedMethodAccessor40
instanceKlass jdk/internal/reflect/GeneratedMethodAccessor39
instanceKlass jdk/internal/reflect/GeneratedMethodAccessor38
instanceKlass jdk/internal/reflect/GeneratedMethodAccessor37
instanceKlass jdk/internal/reflect/GeneratedMethodAccessor36
instanceKlass jdk/internal/reflect/GeneratedMethodAccessor35
instanceKlass jdk/internal/reflect/GeneratedMethodAccessor34
instanceKlass jdk/internal/reflect/GeneratedMethodAccessor33
instanceKlass jdk/internal/reflect/GeneratedMethodAccessor32
instanceKlass jdk/internal/reflect/GeneratedMethodAccessor31
instanceKlass jdk/internal/reflect/GeneratedMethodAccessor30
instanceKlass jdk/internal/reflect/GeneratedMethodAccessor29
instanceKlass jdk/internal/reflect/GeneratedMethodAccessor28
instanceKlass jdk/internal/reflect/GeneratedMethodAccessor27
instanceKlass jdk/internal/reflect/GeneratedMethodAccessor26
instanceKlass jdk/internal/reflect/GeneratedMethodAccessor25
instanceKlass jdk/internal/reflect/GeneratedMethodAccessor24
instanceKlass jdk/internal/reflect/GeneratedMethodAccessor23
instanceKlass jdk/internal/reflect/GeneratedMethodAccessor22
instanceKlass jdk/internal/reflect/GeneratedMethodAccessor21
instanceKlass jdk/internal/reflect/GeneratedMethodAccessor20
instanceKlass jdk/internal/reflect/GeneratedMethodAccessor19
instanceKlass jdk/internal/reflect/GeneratedMethodAccessor18
instanceKlass jdk/internal/reflect/GeneratedMethodAccessor17
instanceKlass jdk/internal/reflect/GeneratedMethodAccessor16
instanceKlass jdk/internal/reflect/GeneratedMethodAccessor15
instanceKlass jdk/internal/reflect/GeneratedMethodAccessor14
instanceKlass jdk/internal/reflect/GeneratedMethodAccessor13
instanceKlass jdk/internal/reflect/GeneratedMethodAccessor12
instanceKlass jdk/internal/reflect/GeneratedMethodAccessor11
instanceKlass jdk/internal/reflect/GeneratedMethodAccessor10
instanceKlass jdk/internal/reflect/GeneratedMethodAccessor9
instanceKlass jdk/internal/reflect/GeneratedMethodAccessor8
instanceKlass jdk/internal/reflect/GeneratedMethodAccessor7
instanceKlass jdk/internal/reflect/GeneratedMethodAccessor6
instanceKlass jdk/internal/reflect/GeneratedMethodAccessor5
instanceKlass jdk/internal/reflect/GeneratedMethodAccessor4
instanceKlass jdk/internal/reflect/GeneratedMethodAccessor3
instanceKlass jdk/internal/reflect/GeneratedMethodAccessor2
instanceKlass jdk/internal/reflect/GeneratedMethodAccessor1
instanceKlass jdk/internal/reflect/DelegatingMethodAccessorImpl
instanceKlass jdk/internal/reflect/NativeMethodAccessorImpl
ciInstanceKlass jdk/internal/reflect/MethodAccessorImpl 1 1 25 10 7 12 1 1 1 100 1 100 1 1 1 1 1 1 1 1 1 100 1 100 1 1 1
ciInstanceKlass java/lang/Module 1 1 959 10 7 12 1 1 1 9 7 12 1 1 1 10 7 12 1 1 1 9 12 1 9 12 1 1 9 12 1 1 10 12 1 1 10 12 1 10 12 1 1 10 7 12 1 1 1 7 1 10 7 12 1 1 1 10 12 1 1 11 7 12 1 1 1 10 12 1 1 10 7 12 1 1 1 10 12 1 1 10 7 12 1 1 1 9 100 12 1 1 1 10 100 12 1 1 1 10 12 1 8 1 10 7 12 1 1 1 10 7 12 1 1 1 9 12 1 1 9 12 1 1 10 12 1 9 12 1 1 11 12 1 9 7 12 1 1 10 7 12 1 1 1 10 7 12 1 1 1 10 12 1 1 100 1 100 1 10 10 12 1 1 8 1 10 12 1 10 12 10 12 1 10 12 1 1 10 12 1 1 10 12 1 1 9 7 12 1 1 1 10 12 1 1 10 12 1 1 9 12 1 10 12 1 10 12 1 9 12 1 1 11 7 12 1 1 10 12 1 1 9 12 1 9 12 1 10 12 1 10 12 1 100 1 8 1 10 10 12 1 1 10 12 1 8 1 10 12 1 1 8 1 8 1 10 12 1 1 10 12 1 10 12 1 1 18 12 1 1 10 12 1 1 11 12 1 9 12 1 11 12 10 100 12 1 1 100 1 8 1 10 7 1 11 12 1 1 10 12 1 10 12 1 10 12 1 1 11 12 1 1 11 7 12 1 1 11 12 1 1 9 12 1 11 12 1 10 12 1 1 10 12 1 1 9 12 1 10 12 10 7 12 1 1 10 7 12 1 1 10 7 1 18 12 1 1 11 100 12 1 1 1 18 12 1 11 12 1 1 10 100 12 1 1 1 11 12 1 1 10 7 12 1 1 4 7 1 11 12 1 7 1 7 1 10 10 7 12 1 1 1 10 11 7 12 1 8 1 10 10 12 1 1 10 7 12 1 1 10 12 1 10 12 1 7 1 10 12 1 10 11 12 1 1 10 12 10 12 1 1 9 12 1 100 1 10 10 12 1 1 11 100 1 10 12 1 1 11 12 1 10 10 12 1 11 10 12 1 1 10 12 1 1 10 12 1 1 10 7 12 1 1 10 12 1 10 12 1 1 10 10 12 1 1 10 12 1 18 12 1 11 12 1 18 12 1 10 12 1 10 12 1 10 12 7 1 10 12 1 10 12 1 10 12 1 9 12 1 7 1 10 10 10 10 12 1 10 12 1 10 12 1 10 12 1 1 10 12 1 1 10 12 1 9 12 1 18 12 1 1 10 100 12 1 1 1 100 1 8 1 10 12 1 1 10 12 1 1 10 100 12 1 1 100 1 10 12 1 1 100 1 8 1 100 1 10 100 1 100 1 3 10 12 1 100 1 10 12 1 10 12 1 1 10 12 1 1 100 1 10 12 1 10 12 1 1 100 1 100 1 10 12 8 1 10 12 1 1 10 12 1 1 10 7 12 1 1 10 12 1 1 10 12 1 10 12 10 12 1 1 7 1 10 10 12 1 1 10 100 12 1 1 1 100 1 8 1 10 12 1 1 10 100 12 1 1 8 1 10 12 1 8 1 10 12 1 10 12 10 12 1 8 1 10 10 100 12 1 1 7 1 10 10 12 1 10 7 12 1 1 9 12 1 9 12 1 9 12 1 9 12 1 10 12 11 12 1 10 12 1 100 1 1 1 1 1 1 1 1 1 1 1 1 1 1 1 1 100 1 1 1 1 1 1 1 1 1 1 1 1 1 1 1 1 1 1 1 1 1 1 1 1 1 1 1 1 1 1 1 1 1 1 1 1 1 1 1 1 1 1 1 1 1 1 1 1 1 1 1 1 1 1 1 1 1 1 1 1 1 1 1 1 1 1 1 1 1 1 1 1 1 1 1 1 1 1 1 1 1 1 1 100 100 1 1 1 1 1 1 1 1 1 1 1 1 1 1 1 1 1 1 1 1 1 1 1 1 1 1 1 1 1 1 1 1 1 1 100 1 100 1 7 1 1 1 1 1 1 1 1 1 1 1 1 1 1 1 1 1 1 1 1 1 1 1 1 1 1 1 1 15 10 7 12 1 1 1 16 15 10 12 16 16 15 10 12 16 16 15 10 16 1 15 10 12 16 1 15 10 12 16 1 16 15 10 12 16 1 1 1 1 1 1 1 100 1 100 1 1
staticfield java/lang/Module ALL_UNNAMED_MODULE Ljava/lang/Module; java/lang/Module
staticfield java/lang/Module ALL_UNNAMED_MODULE_SET Ljava/util/Set; java/util/ImmutableCollections$Set12
staticfield java/lang/Module EVERYONE_MODULE Ljava/lang/Module; java/lang/Module
staticfield java/lang/Module EVERYONE_SET Ljava/util/Set; java/util/ImmutableCollections$Set12
staticfield java/lang/Module $assertionsDisabled Z 1
instanceKlass org/apache/maven/artifact/versioning/ComparableVersion$ListItem
instanceKlass org/eclipse/sisu/bean/BeanScheduler$Pending
ciInstanceKlass java/util/ArrayList 1 1 492 10 7 12 1 1 1 7 1 9 7 12 1 1 1 9 12 1 100 1 100 1 10 8 1 10 12 1 1 10 12 1 10 12 1 1 10 12 1 9 12 1 11 7 12 1 1 1 9 12 1 1 10 12 1 1 7 10 7 12 1 1 1 9 12 1 10 12 1 10 12 1 1 10 7 12 1 1 1 10 7 12 1 1 1 10 12 1 1 10 12 1 1 10 12 1 1 10 12 1 10 12 1 1 100 1 100 1 10 12 1 10 7 12 1 1 1 10 7 12 1 1 10 12 1 10 12 10 12 1 1 10 12 1 1 10 12 1 1 7 1 10 12 1 1 10 12 1 1 10 12 1 100 1 10 11 12 1 1 11 100 12 1 1 1 11 12 1 10 12 1 10 12 1 10 12 1 1 100 1 10 12 1 1 10 10 12 1 1 10 12 1 8 1 8 1 8 1 8 1 10 12 1 1 10 12 1 1 11 12 1 100 1 10 100 12 1 1 10 12 1 10 12 1 1 10 100 12 1 1 10 12 1 10 100 12 1 1 1 11 100 12 1 1 1 10 12 1 100 1 8 1 10 7 1 10 12 1 7 1 10 12 1 10 12 1 1 7 1 10 12 1 10 12 1 1 11 7 12 1 1 7 1 10 12 1 10 12 1 1 11 7 12 1 1 10 12 1 1 10 12 1 1 10 12 1 1 10 12 1 1 11 100 12 1 1 10 12 1 1 100 1 100 1 100 1 1 1 1 5 0 1 3 1 1 1 1 1 1 1 1 1 1 1 1 1 1 1 1 1 1 1 1 1 1 1 1 1 1 1 1 1 1 1 1 1 1 1 1 1 1 1 1 1 1 1 1 1 1 1 1 1 1 1 1 1 1 1 1 1 1 1 1 1 1 1 1 1 1 1 1 1 1 1 1 1 1 1 1 1 1 1 1 1 1 1 1 1 1 1 1 1 1 1 1 1 1 1 1 100 1 1 1 1 100 1 1 1 1 1 1 1 1 1 1 1 1 1 1 1 1 1 1 1 1 1 1 1 1 1 1 1 1 1 100 1 1 1 1 1 1 1 1 1 1 1 1 1 1 1 1 1 1 100 1 100 1 1 1 1 1 1
staticfield java/util/ArrayList EMPTY_ELEMENTDATA [Ljava/lang/Object; 0 [Ljava/lang/Object;
staticfield java/util/ArrayList DEFAULTCAPACITY_EMPTY_ELEMENTDATA [Ljava/lang/Object; 0 [Ljava/lang/Object;
ciInstanceKlass java/util/concurrent/ConcurrentHashMap 1 1 1210 7 1 7 1 3 10 12 1 1 3 100 1 10 7 12 1 1 1 100 1 10 100 12 1 1 1 100 1 11 12 1 1 11 12 1 11 12 1 1 9 12 1 1 9 12 1 1 9 12 1 10 7 12 1 1 1 7 1 10 12 1 1 10 12 1 1 10 7 12 1 1 1 4 10 12 1 9 12 1 10 12 1 1 100 1 10 5 0 10 12 1 10 12 1 1 5 0 10 12 1 1 10 12 1 9 12 1 1 10 12 1 1 9 12 1 9 12 1 1 10 12 1 1 9 12 1 10 12 1 1 9 12 1 1 10 12 1 1 100 1 10 100 1 10 12 1 10 12 1 1 10 12 1 1 10 12 1 1 10 12 1 10 12 1 1 10 12 1 1 100 1 10 12 1 1 7 1 100 1 8 1 10 12 1 10 12 1 1 10 12 1 1 11 7 12 1 1 10 12 1 1 11 12 1 1 11 7 12 1 1 1 11 7 12 1 1 1 11 12 1 7 1 11 12 1 11 12 1 10 12 1 1 10 12 1 1 9 12 1 1 10 100 12 1 1 1 9 10 12 1 1 9 12 1 10 12 1 1 5 0 9 12 1 1 7 1 10 12 1 9 12 1 1 7 1 10 12 1 9 12 1 7 1 10 100 1 10 10 12 1 1 8 1 10 12 1 10 12 1 1 11 100 1 10 12 1 10 100 12 1 1 1 8 1 10 100 12 1 1 1 8 1 10 12 1 8 1 10 12 1 10 12 1 1 10 100 12 1 1 10 12 1 10 12 1 10 12 1 9 12 1 9 10 12 1 9 12 1 1 11 100 12 1 1 1 11 7 12 1 1 1 100 1 10 12 11 100 12 1 1 10 11 7 12 1 10 12 1 100 1 10 12 1 100 1 10 10 9 7 12 1 1 1 10 12 3 10 100 12 1 1 9 12 1 10 12 1 1 9 12 1 1 9 12 1 10 12 1 1 10 100 12 1 1 9 12 1 9 7 12 1 1 10 12 1 1 10 12 1 3 9 12 1 9 12 1 10 12 1 1 7 1 9 3 9 12 1 100 1 10 12 1 9 12 1 10 12 1 9 12 1 10 12 1 9 12 1 10 100 12 1 1 1 100 10 12 1 100 1 5 0 10 100 12 1 1 100 1 10 12 1 1 10 12 1 10 12 1 100 1 10 12 1 10 100 1 100 1 10 10 12 1 10 100 1 10 12 1 10 100 1 10 12 1 10 100 1 10 12 1 1 100 1 10 12 1 10 10 12 1 100 1 10 12 1 10 10 12 1 100 1 10 12 1 10 100 1 10 12 1 10 100 1 10 12 1 10 100 1 10 12 1 10 100 1 10 12 1 10 100 1 10 12 1 10 100 1 10 12 1 10 100 1 10 12 1 10 100 1 10 10 100 1 10 10 100 1 10 10 100 1 10 12 1 10 100 1 10 12 1 10 100 1 10 12 1 10 100 1 10 12 1 10 100 1 10 12 1 10 100 1 10 10 100 1 10 10 100 1 10 10 100 1 10 12 1 10 100 1 10 12 1 10 100 1 10 12 1 10 100 1 10 12 1 10 100 1 10 12 1 10 10 12 1 10 7 12 1 1 1 10 12 1 7 1 7 1 10 12 1 9 12 1 1 9 12 1 1 10 12 1 1 8 10 12 1 1 8 8 8 8 7 10 12 1 1 10 12 1 100 1 8 1 10 7 1 100 1 100 1 1 1 5 0 1 1 3 1 3 1 1 1 1 3 1 3 1 3 1 1 1 1 1 3 1 3 1 3 1 1 1 1 1 1 1 1 1 1 1 1 1 1 1 1 1 1 1 1 1 1 1 1 1 100 1 1 1 1 1 1 1 1 1 1 1 1 1 1 1 1 1 1 1 1 1 1 1 1 1 1 1 1 1 1 1 1 1 1 1 1 1 1 1 1 1 1 1 1 1 1 1 1 1 1 1 1 1 1 1 1 1 1 1 1 1 1 1 1 1 1 1 1 1 1 1 1 1 1 1 1 1 1 1 1 1 1 1 1 100 1 1 1 1 1 1 1 1 1 1 1 100 1 1 1 1 1 1 1 1 1 1 1 1 1 1 1 1 1 1 1 1 1 1 1 1 1 1 1 1 1 1 1 1 1 1 1 1 1 1 1 1 1 1 1 1 1 1 1 1 1 1 1 1 1 1 1 1 1 1 1 1 1 1 1 1 1 1 1 1 1 1 1 1 1 1 1 1 1 1 1 1 1 1 1 1 1 1 1 1 1 1 1 1 1 1 1 1 1 1 1 1 1 1 1 1 1 1 1 1 1 1 1 1 1 1 1 1 1 1 1 1 1 1 1 1 1 1 1 1 1 1 1 1 1 1 1 1 1 1 1 1 1 1 1 1 1 1 1 1 1 1 1 1 1 1 1 1 1 1 1 1 1 1 1 1 1 1 1 1 1 1 1 1 1 1 1 1 1 1 1 1 1 1 1 1 1 1 1 1 1 1 1 1 1 1 1 1 1 1 1 1 1 1 1 1 1 1 1 1 1 1 1 1 1 1 1 1 1 1 1 1 1 1 1 100 1 100 1 100 1 100 1 100 1 100 1 100 1 100 1 100 1 1 1 1 1 1 1 1 1 1 1 1 1 1 1 1 1 1 1 1 1 1 1 1 1 1 1 1 1 1 1 1 1 1 1 1 1 1 1 1 1 1 1 1 1 1 1 1 1 1 1 1 1 1 1 1 1 1
staticfield java/util/concurrent/ConcurrentHashMap NCPU I 12
staticfield java/util/concurrent/ConcurrentHashMap serialPersistentFields [Ljava/io/ObjectStreamField; 3 [Ljava/io/ObjectStreamField;
staticfield java/util/concurrent/ConcurrentHashMap U Ljdk/internal/misc/Unsafe; jdk/internal/misc/Unsafe
staticfield java/util/concurrent/ConcurrentHashMap SIZECTL J 20
staticfield java/util/concurrent/ConcurrentHashMap TRANSFERINDEX J 32
staticfield java/util/concurrent/ConcurrentHashMap BASECOUNT J 24
staticfield java/util/concurrent/ConcurrentHashMap CELLSBUSY J 36
staticfield java/util/concurrent/ConcurrentHashMap CELLVALUE J 144
staticfield java/util/concurrent/ConcurrentHashMap ABASE I 16
staticfield java/util/concurrent/ConcurrentHashMap ASHIFT I 2
ciInstanceKlass java/lang/String 1 1 1396 10 7 12 1 1 1 8 1 9 7 12 1 1 1 9 12 1 1 9 12 1 1 10 12 1 10 12 1 1 10 12 1 1 9 12 1 1 10 7 12 1 1 1 10 7 1 10 7 12 1 1 1 10 12 1 1 10 12 1 1 10 12 1 10 12 1 1 10 12 1 10 7 12 1 1 1 9 7 12 1 1 1 10 7 12 1 1 1 10 12 1 1 10 12 1 1 10 12 1 1 10 12 1 1 10 12 1 1 9 7 12 1 1 10 12 9 7 12 1 1 3 10 7 12 1 1 1 7 1 11 12 1 1 11 12 1 11 12 1 1 10 100 12 1 1 1 10 12 1 1 9 100 12 1 1 1 10 12 1 1 10 12 1 11 12 1 1 10 12 1 1 10 12 10 12 1 1 10 100 12 1 1 1 10 7 12 1 1 1 10 12 1 1 100 1 100 1 10 12 1 10 12 1 10 12 1 1 100 1 10 12 1 1 100 1 10 12 1 1 10 12 1 1 10 10 12 1 100 1 100 1 7 1 10 12 1 10 12 1 1 10 12 1 1 10 12 1 10 12 1 1 10 12 1 1 10 100 12 1 1 100 1 11 11 12 1 11 12 1 10 12 1 1 10 12 1 10 12 10 12 1 1 10 10 100 12 1 1 1 10 100 12 1 1 10 12 1 1 10 100 12 1 1 10 12 1 10 12 1 1 10 12 1 1 10 12 1 10 12 1 10 12 1 1 100 1 10 12 1 1 10 12 10 12 1 10 12 1 1 10 7 12 1 1 1 10 12 1 10 12 1 1 10 12 1 10 12 1 3 3 10 12 1 10 12 1 1 10 12 1 1 10 12 1 1 10 12 1 10 12 1 1 10 12 1 1 10 12 1 10 12 1 10 12 1 10 12 1 1 10 12 1 10 12 1 10 12 1 10 12 1 10 12 1 10 12 1 10 100 1 10 8 1 10 12 1 1 10 12 1 8 1 10 12 1 1 10 12 10 12 1 8 1 10 10 12 1 1 10 12 1 1 10 12 1 10 12 1 1 10 12 10 100 1 10 10 12 1 10 12 1 10 12 1 10 10 12 1 10 12 1 1 10 12 1 100 1 10 10 12 1 100 1 10 10 12 1 10 12 1 1 10 12 1 10 12 1 1 10 10 12 1 1 10 100 1 10 10 12 1 10 12 1 1 10 12 1 1 10 7 1 10 12 1 10 12 1 10 12 1 10 12 1 1 10 12 1 11 7 1 11 12 10 12 1 10 12 1 1 10 12 1 1 10 10 12 1 10 12 1 9 12 1 1 11 7 12 1 1 1 10 10 12 1 10 12 1 1 10 10 12 1 10 12 1 10 12 1 1 9 12 1 10 12 1 1 10 10 12 1 1 10 12 10 10 12 1 10 12 10 10 12 10 10 12 1 10 12 1 10 12 10 10 12 10 12 1 10 12 10 12 10 10 12 1 10 12 1 1 10 12 1 10 10 12 1 10 7 12 1 1 1 10 12 1 1 10 10 7 12 1 1 1 11 10 12 1 10 12 1 1 10 12 1 1 10 7 12 1 1 1 10 12 1 10 10 12 1 10 12 1 10 12 1 10 7 12 1 1 10 12 1 100 1 100 1 8 1 10 10 10 12 1 8 1 10 12 1 3 3 7 1 10 10 12 1 10 12 1 10 12 1 1 10 12 1 1 11 7 12 1 1 1 7 1 10 12 1 1 10 12 1 10 12 1 1 10 12 1 1 8 1 10 12 1 1 10 12 1 11 7 12 1 1 1 11 7 12 1 1 11 12 1 1 10 12 1 10 12 1 1 10 10 7 12 1 1 1 10 12 1 10 12 1 10 10 12 10 12 1 1 10 10 12 1 10 10 12 1 10 10 12 1 10 10 12 1 10 12 1 1 10 10 12 1 8 1 10 12 1 1 18 12 1 1 11 7 12 1 1 1 7 1 3 18 12 1 18 12 1 8 1 10 7 12 1 1 1 11 12 1 1 10 12 10 10 12 1 10 11 12 1 1 10 12 1 1 11 12 1 18 3 11 10 12 1 11 11 10 12 1 10 12 1 1 8 1 10 12 1 10 12 1 10 12 1 1 10 10 12 1 11 100 12 1 7 1 100 1 10 12 1 7 1 10 10 7 12 1 1 1 100 1 10 7 1 10 10 12 1 10 10 12 1 8 1 10 10 12 1 8 1 8 1 10 12 1 10 12 1 10 10 12 10 100 12 1 1 10 7 12 1 1 10 100 12 1 1 8 1 10 12 1 10 12 1 1 10 10 12 8 1 8 1 10 8 1 8 1 8 1 8 1 10 12 1 10 12 1 8 1 10 100 12 1 1 1 10 12 10 12 1 1 10 12 10 10 12 10 12 7 1 9 12 1 1 7 1 10 100 1 100 1 100 1 100 1 1 1 1 1 1 5 0 1 1 1 1 1 3 1 3 1 1 1 1 1 1 1 1 1 1 1 1 1 1 1 100 1 1 1 100 1 1 1 1 1 1 1 1 1 1 1 1 1 1 1 1 1 1 1 1 1 1 1 1 1 1 1 100 1 1 1 1 1 1 1 1 1 100 1 1 1 1 1 1 1 1 1 1 1 1 1 1 1 1 1 1 1 1 1 1 1 1 1 1 1 1 1 1 1 1 1 1 1 1 1 1 1 1 1 1 1 1 1 1 1 1 1 1 1 1 1 1 1 1 1 1 1 1 1 1 1 1 1 1 1 1 1 1 1 1 1 1 1 1 1 1 1 1 1 1 1 1 1 1 1 1 1 1 1 1 1 1 1 1 1 1 1 1 1 1 1 1 1 1 1 1 1 1 1 1 1 1 1 1 1 1 1 1 1 1 1 1 1 1 1 1 1 1 1 1 1 1 1 1 1 1 1 1 1 1 1 1 1 1 1 1 1 1 1 1 1 1 1 1 1 1 1 1 1 1 1 1 1 1 1 1 1 100 1 1 1 1 1 1 1 1 1 1 1 1 1 1 1 1 1 1 1 1 1 1 1 1 100 1 1 1 1 1 1 1 1 1 1 1 1 1 7 1 1 1 1 1 1 1 1 1 1 1 1 1 1 1 15 10 7 12 1 1 1 16 15 10 12 16 15 10 12 15 10 12 15 10 12 1 1 1 1 100 1 100 1 1 1
staticfield java/lang/String COMPACT_STRINGS Z 1
staticfield java/lang/String serialPersistentFields [Ljava/io/ObjectStreamField; 0 [Ljava/io/ObjectStreamField;
staticfield java/lang/String CASE_INSENSITIVE_ORDER Ljava/util/Comparator; java/lang/String$CaseInsensitiveComparator
ciInstanceKlass java/security/ProtectionDomain 1 1 324 10 7 12 1 1 1 9 7 12 1 1 1 7 1 10 9 12 1 1 9 12 1 1 9 12 1 1 10 7 12 1 1 7 1 9 12 1 9 12 1 1 7 1 9 12 1 1 9 12 1 10 100 12 1 1 10 100 12 1 1 1 10 12 1 1 10 12 1 9 12 1 9 100 12 1 1 10 12 1 1 10 100 1 10 12 1 1 8 1 100 1 8 1 10 12 1 10 10 100 12 1 1 1 10 12 1 1 8 1 11 8 1 10 12 1 8 1 8 1 10 12 1 1 10 12 1 10 12 1 1 10 12 1 8 1 10 12 1 8 1 8 1 10 100 12 1 1 1 9 100 12 1 1 1 10 12 1 1 9 100 12 1 1 1 10 100 12 1 1 1 100 1 100 1 10 12 1 10 100 12 1 1 1 10 100 1 10 12 1 10 12 1 1 11 100 12 1 1 11 12 1 100 1 11 100 12 1 1 1 10 12 1 10 11 12 1 1 11 12 1 1 10 12 1 10 7 12 1 1 10 100 12 1 1 11 12 1 10 12 8 1 8 1 10 7 12 1 1 1 7 1 10 10 7 12 1 1 1 1 1 1 1 1 1 1 100 1 1 100 1 1 1 1 1 1 1 1 1 1 1 1 1 1 1 1 1 1 1 1 1 1 1 1 1 1 1 1 1 1 1 1 1 1 1 1 1 1 1 1 1 1 100 1 1 1 1 1 100 1 1 1 1 1
staticfield java/security/ProtectionDomain filePermCompatInPD Z 0
ciInstanceKlass java/security/CodeSource 1 1 395 10 7 12 1 1 1 9 7 12 1 1 1 9 12 1 1 9 12 1 1 9 12 1 1 10 7 12 1 1 1 9 12 1 1 10 100 12 1 1 10 100 10 100 12 1 1 1 10 100 12 1 1 1 10 12 1 1 100 1 10 10 100 12 1 1 1 10 100 12 1 1 1 10 12 1 1 10 12 1 100 1 10 12 1 1 10 12 1 1 10 12 1 1 10 12 1 10 10 10 12 1 1 10 100 12 1 1 1 10 12 1 10 12 1 10 12 1 8 1 10 12 1 10 12 1 10 12 1 1 10 12 1 8 1 10 12 1 1 10 100 1 10 10 12 1 1 8 1 10 12 1 10 12 1 10 12 1 8 1 8 1 9 12 1 1 100 1 8 1 10 12 1 10 12 1 1 8 1 10 12 1 8 1 8 1 8 1 10 100 12 1 1 10 12 1 1 10 12 1 10 12 1 1 10 12 1 1 10 12 1 1 100 1 100 1 10 12 1 10 12 10 12 1 1 10 100 12 1 1 10 12 1 100 1 10 12 10 8 1 10 12 1 10 12 1 10 12 1 1 100 1 10 12 1 1 100 1 100 1 8 1 8 1 10 10 12 1 1 10 100 12 1 1 1 100 1 10 12 10 12 1 1 11 100 12 1 1 10 10 12 1 11 10 12 1 8 1 100 1 10 12 1 10 12 1 1 10 12 1 11 12 1 1 11 100 1 1 1 1 5 0 1 1 1 1 1 1 1 1 1 1 1 1 1 1 1 1 1 1 1 1 1 1 1 1 1 1 1 1 1 1 1 1 1 1 1 1 1 1 1 1 1 1 1 1 1 1 1 1 1 1 1 1 1 1 1 1 1 1 1 1 1 1 1 1 1 100 1 1 1 1 1 1 1
ciInstanceKlass java/lang/StringBuilder 1 1 409 10 7 12 1 1 1 10 12 1 10 12 1 10 12 1 1 10 7 12 1 1 1 10 7 12 1 1 1 10 12 1 10 12 1 10 12 1 10 12 1 10 12 1 10 12 1 10 12 1 10 12 1 10 12 1 10 12 1 10 12 1 10 12 1 10 12 1 10 12 1 1 10 12 1 10 12 1 1 10 12 1 1 10 12 1 10 12 1 10 12 1 10 12 1 10 12 1 10 12 1 10 12 1 10 12 10 12 1 10 12 1 10 12 1 10 12 1 1 10 12 1 10 12 1 10 12 10 12 1 1 10 12 1 1 9 12 1 1 9 12 1 1 10 7 12 1 1 1 10 7 1 10 100 12 1 1 1 10 12 1 10 12 1 1 10 12 1 1 10 10 12 1 1 10 100 12 1 1 10 12 1 10 12 1 1 100 1 100 1 8 1 10 10 12 1 1 10 12 1 1 10 12 1 10 12 1 10 12 1 10 12 1 10 12 1 10 12 1 10 12 1 10 12 1 10 12 1 10 12 1 10 12 1 10 12 1 10 12 1 10 12 1 10 12 1 1 10 12 1 1 10 12 1 10 12 1 10 12 1 10 12 10 12 10 12 1 10 12 1 10 12 1 10 12 10 12 1 10 12 1 10 12 1 10 12 1 10 12 1 10 12 1 10 12 1 10 12 1 10 12 1 1 10 12 1 10 12 1 1 10 12 1 10 12 1 1 10 12 1 10 12 1 1 10 12 1 10 12 1 10 12 1 10 10 12 1 10 12 1 100 1 100 1 100 1 1 1 1 5 0 1 1 1 1 1 1 1 1 1 1 1 1 1 1 1 1 1 1 1 1 1 1 1 1 1 1 1 1 1 1 1 1 1 1 1 1 1 1 1 1 1 1 1 100 1 1 1 100 1 1 1 1 1 1 1 1 1 1
ciInstanceKlass jdk/internal/loader/ClassLoaders 1 1 183 10 100 12 1 1 1 10 7 12 1 1 1 10 12 1 1 10 100 12 1 1 1 9 7 12 1 1 1 9 12 1 1 9 12 1 1 7 1 11 100 12 1 1 1 100 1 11 12 1 1 11 12 1 1 10 100 12 1 1 1 10 100 12 1 1 1 100 1 100 1 10 7 12 1 1 1 9 12 1 1 10 12 1 1 7 1 10 12 1 1 10 12 1 7 1 8 1 10 7 12 1 1 1 10 12 1 1 7 1 10 12 1 10 12 1 10 12 1 8 1 10 7 12 1 1 8 1 8 1 10 12 1 7 1 10 12 1 10 12 1 10 12 1 1 1 1 1 1 1 1 1 1 1 1 1 1 1 1 1 1 1 1 100 1 1 1 1 1 1 1 1 1 1 1 1 1 1 1 1 1 1 1
staticfield jdk/internal/loader/ClassLoaders JLA Ljdk/internal/access/JavaLangAccess; java/lang/System$2
staticfield jdk/internal/loader/ClassLoaders BOOT_LOADER Ljdk/internal/loader/ClassLoaders$BootClassLoader; jdk/internal/loader/ClassLoaders$BootClassLoader
staticfield jdk/internal/loader/ClassLoaders PLATFORM_LOADER Ljdk/internal/loader/ClassLoaders$PlatformClassLoader; jdk/internal/loader/ClassLoaders$PlatformClassLoader
staticfield jdk/internal/loader/ClassLoaders APP_LOADER Ljdk/internal/loader/ClassLoaders$AppClassLoader; jdk/internal/loader/ClassLoaders$AppClassLoader
ciInstanceKlass jdk/internal/misc/Unsafe 1 1 1285 10 7 12 1 1 1 9 7 12 1 1 1 9 12 1 1 10 12 1 1 10 7 12 1 1 1 10 12 1 1 10 12 1 1 10 12 1 1 10 12 1 1 10 12 1 1 10 12 1 1 10 12 1 1 10 12 1 1 10 12 1 1 10 12 1 1 10 12 1 1 10 12 1 1 10 12 1 1 10 12 1 10 12 1 100 1 10 10 12 1 1 10 12 1 1 5 0 10 12 1 1 10 12 1 1 10 7 12 1 1 1 10 12 1 1 10 12 1 10 12 1 10 12 1 1 10 12 1 1 10 12 1 10 12 1 100 1 100 1 10 8 1 10 12 1 1 10 12 1 8 1 10 12 1 1 10 12 1 10 12 1 10 12 1 1 10 12 1 10 12 1 1 10 12 1 1 10 12 1 10 12 1 10 12 1 10 12 1 1 10 12 1 10 12 1 10 12 1 1 10 12 1 5 0 5 0 5 0 10 12 1 10 12 1 10 12 1 10 12 1 10 12 1 10 12 1 10 12 1 10 12 1 10 12 1 1 10 12 1 10 12 1 100 1 8 1 10 100 1 10 10 12 1 1 10 12 1 1 10 12 1 10 12 1 1 10 12 1 1 10 12 1 10 12 1 1 10 12 1 9 7 12 1 1 9 12 1 100 1 10 10 12 1 1 8 1 10 8 1 8 1 10 12 1 1 9 7 12 1 1 1 9 100 1 9 7 1 9 7 1 9 9 100 1 9 100 1 9 100 1 10 12 1 1 10 12 1 1 10 12 1 1 10 12 1 1 5 0 5 0 9 12 1 1 10 12 1 10 12 1 10 12 1 1 10 12 1 1 10 12 1 8 1 3 10 12 1 1 10 12 1 1 10 12 1 10 12 1 1 10 12 1 1 10 12 1 10 12 1 10 12 1 10 12 1 10 12 1 10 12 1 1 10 12 1 1 10 12 1 10 12 1 10 12 1 10 12 1 10 12 1 10 12 1 1 10 12 1 1 10 12 1 10 12 1 10 12 1 10 12 1 10 12 1 10 12 1 1 10 12 1 1 10 12 1 1 10 12 1 1 10 12 1 10 12 1 10 12 1 10 12 1 10 12 1 10 12 1 10 12 1 1 10 12 1 1 10 12 1 10 12 1 10 12 1 10 12 1 10 12 1 10 12 1 10 12 1 1 10 12 1 1 10 12 1 10 12 1 10 12 1 10 12 1 10 12 1 10 12 1 10 12 1 10 12 1 1 10 12 1 10 12 1 10 12 1 10 12 1 10 12 1 1 10 12 1 10 12 1 10 12 1 10 12 1 10 12 1 10 12 1 10 12 1 10 12 1 1 10 12 1 10 12 1 10 12 1 10 12 1 10 12 1 10 12 1 1 10 12 1 10 12 1 10 12 1 1 10 12 1 10 12 1 10 12 1 10 12 1 10 12 1 10 12 1 10 12 1 10 12 1 10 12 1 10 12 1 10 12 1 10 12 1 10 12 1 10 12 1 10 12 1 10 12 1 10 12 1 10 12 1 10 12 1 10 12 1 10 12 1 10 12 1 100 1 10 100 1 10 9 12 1 5 0 10 12 1 1 5 0 10 12 1 5 0 10 12 1 10 12 1 10 12 1 1 10 12 1 1 10 12 1 10 12 1 10 12 1 10 12 1 1 10 12 1 10 12 1 10 12 1 10 12 1 10 12 1 1 10 12 1 10 12 1 10 12 1 10 12 1 1 10 12 1 10 12 1 10 12 1 1 10 12 1 10 12 1 10 12 1 10 12 1 1 10 12 1 10 10 12 1 1 10 12 1 10 12 1 1 10 12 1 10 12 5 0 5 0 5 0 10 12 1 1 10 12 1 10 12 1 10 12 10 100 12 1 1 8 1 100 1 11 12 1 1 8 1 11 12 1 1 10 100 12 1 1 10 12 1 10 12 1 10 12 1 10 12 1 10 12 1 1 10 12 1 10 12 1 10 12 1 10 12 1 10 12 1 10 12 1 10 7 1 10 12 1 9 12 1 7 1 9 12 1 7 1 9 12 1 7 1 9 12 1 7 1 9 12 1 7 1 9 12 1 7 1 9 12 1 7 1 9 12 1 7 1 9 12 1 10 12 1 9 12 1 9 12 1 9 12 1 9 12 1 9 12 1 9 12 1 9 12 1 9 12 1 9 12 1 9 12 1 1 1 3 1 1 1 1 1 1 1 1 1 1 1 1 1 1 1 1 1 1 1 1 1 1 1 1 1 1 1 1 1 1 1 1 1 1 1 1 1 1 1 1 1 1 1 1 1 1 1 1 1 1 1 1 1 1 1 1 1 1 1 1 1 1 1 1 1 1 1 1 1 1 1 1 1 1 1 1 1 1 1 1 1 1 1 1 1 1 1 1 1 100 1 1 1 1 1 1 1 1 1 1 1 1 1 1 1 1 1 1 1 1 1 1 1 1 1 1 1 1 1 1 1 1 1 1 1 1 1 1 1 1 1 1 1 1 1 1 1 1 1 1 1 1 1 1 1 1 1 1 1 1 1 1 1 1 1 1 1 1 1 1 1 1 1 1 1 1 1 1 1 1 1 1 1 1 1 1 1 1 1 1 1 1 1 1 1 1 1 1 1 1 1 1 1 1 1 1 1 1 1 1 1 1 1 1 1 1 1 1 1 1 1 1 1 1 1 1 1 1 1 1 1 1 1 1 1 1 1 1 1 1 1 1 1 1 1 1 1 1 1 1 1 1 1 1 1 1 1 1 1 1 1 1 1 1 1 1 1 1 1 1 1 1 1 1 1 1 1 1 1 1 1 1 1 1 1 1 1 1 1 1 1 1 1 1 1 1 1 1 1 1 1 1 1 1 1 1 1 3 1 1 1 1 1 1 1 1 1 1 1 1 1 1 1 1 1 1 1 1 1
staticfield jdk/internal/misc/Unsafe theUnsafe Ljdk/internal/misc/Unsafe; jdk/internal/misc/Unsafe
staticfield jdk/internal/misc/Unsafe ARRAY_BOOLEAN_BASE_OFFSET I 16
staticfield jdk/internal/misc/Unsafe ARRAY_BYTE_BASE_OFFSET I 16
staticfield jdk/internal/misc/Unsafe ARRAY_SHORT_BASE_OFFSET I 16
staticfield jdk/internal/misc/Unsafe ARRAY_CHAR_BASE_OFFSET I 16
staticfield jdk/internal/misc/Unsafe ARRAY_INT_BASE_OFFSET I 16
staticfield jdk/internal/misc/Unsafe ARRAY_LONG_BASE_OFFSET I 16
staticfield jdk/internal/misc/Unsafe ARRAY_FLOAT_BASE_OFFSET I 16
staticfield jdk/internal/misc/Unsafe ARRAY_DOUBLE_BASE_OFFSET I 16
staticfield jdk/internal/misc/Unsafe ARRAY_OBJECT_BASE_OFFSET I 16
staticfield jdk/internal/misc/Unsafe ARRAY_BOOLEAN_INDEX_SCALE I 1
staticfield jdk/internal/misc/Unsafe ARRAY_BYTE_INDEX_SCALE I 1
staticfield jdk/internal/misc/Unsafe ARRAY_SHORT_INDEX_SCALE I 2
staticfield jdk/internal/misc/Unsafe ARRAY_CHAR_INDEX_SCALE I 2
staticfield jdk/internal/misc/Unsafe ARRAY_INT_INDEX_SCALE I 4
staticfield jdk/internal/misc/Unsafe ARRAY_LONG_INDEX_SCALE I 8
staticfield jdk/internal/misc/Unsafe ARRAY_FLOAT_INDEX_SCALE I 4
staticfield jdk/internal/misc/Unsafe ARRAY_DOUBLE_INDEX_SCALE I 8
staticfield jdk/internal/misc/Unsafe ARRAY_OBJECT_INDEX_SCALE I 4
staticfield jdk/internal/misc/Unsafe ADDRESS_SIZE I 8
ciInstanceKlass java/util/Map 1 1 259 11 7 12 1 1 1 11 12 1 1 10 7 12 1 1 11 12 1 1 11 7 12 1 1 1 11 100 12 1 1 1 11 12 1 1 7 1 11 12 1 11 12 1 100 1 100 1 10 12 1 1 11 100 12 1 1 1 11 100 12 1 1 1 11 12 1 11 12 1 10 12 1 1 11 12 1 11 7 12 1 9 7 12 1 1 1 100 1 10 12 7 1 7 1 10 12 1 7 1 10 7 1 11 12 1 1 7 1 11 12 1 1 1 1 1 1 1 1 1 1 1 1 1 1 1 1 1 1 1 1 1 1 1 1 1 1 1 1 1 1 1 1 1 1 1 1 1 1 1 1 1 1 1 1 1 1 1 1 1 1 1 1 1 1 1 1 1 1 1 1 1 1 1 1 1 1 1 1 1 1 1 1 1 1 1 1 1 1 1 1 1 1 1 1 1 1 1 1 1 1 1 1 1 1 1 1 1 1 1 1 1 1 1 1 1 1 1 1 1 1 1 1 1 1 1 1 1 1 1 1 1 1 1 1 1 1 1 1 1 100 1 1 1 1 1 1 1 1 1 1 1 1 1 1 1 1 1 1
ciInstanceKlass java/lang/ThreadGroup 1 1 293 10 7 12 1 1 1 9 7 12 1 1 1 8 1 9 12 1 1 7 1 9 12 1 9 12 1 1 10 12 1 1 10 12 1 1 10 12 1 10 12 1 1 10 12 1 9 12 1 1 10 12 1 1 10 12 1 9 12 1 10 100 12 1 1 1 9 12 1 9 12 1 1 10 7 12 1 1 1 100 10 12 1 1 10 7 12 1 1 1 10 100 12 1 9 12 1 10 12 1 1 10 12 1 1 9 12 1 1 10 12 1 1 10 12 1 10 12 1 10 12 1 1 10 12 1 1 10 12 1 10 12 1 10 10 12 1 10 12 1 10 100 1 10 10 12 1 10 12 1 10 12 1 7 10 12 1 9 12 1 1 10 12 1 1 8 1 10 100 12 1 1 1 10 12 1 1 10 12 1 1 10 12 1 1 11 100 1 100 1 9 12 1 100 1 10 8 1 10 12 1 1 10 12 1 1 8 1 10 12 1 10 100 12 1 1 1 10 12 1 1 10 100 1 8 1 10 8 1 10 12 1 8 1 1 1 1 1 1 1 1 1 1 1 1 1 1 1 1 1 3 1 1 1 1 1 1 1 1 1 1 1 1 1 1 1 1 1 1 1 1 1 1 1 1 1 1 1 1 1 1 1 1 1 1 1 1 1 1 1 1 1 1
instanceKlass java/security/Provider
ciInstanceKlass java/util/Properties 1 1 651 10 7 12 1 1 1 100 1 10 7 12 1 1 7 1 10 12 1 9 12 1 1 9 12 1 1 9 12 1 1 10 7 12 1 1 1 10 12 1 1 8 1 10 7 12 1 1 1 7 1 10 12 1 10 12 1 1 8 1 10 12 1 7 1 10 12 10 12 1 1 9 12 1 1 10 12 1 1 7 1 10 12 1 10 12 1 10 12 1 1 100 1 8 1 10 12 1 10 12 1 10 12 1 1 10 12 1 100 1 3 10 10 100 12 1 1 1 10 12 1 10 12 1 1 8 1 10 12 1 10 12 1 1 8 1 10 100 12 1 1 10 12 1 1 10 12 1 10 12 1 1 100 1 10 12 1 10 12 1 1 100 1 9 100 12 1 1 1 10 12 1 10 12 1 1 100 1 10 10 10 12 1 1 11 7 12 1 1 1 11 7 12 1 1 1 11 12 1 1 7 1 11 12 1 11 12 1 10 12 1 1 8 1 10 12 1 10 12 1 100 1 10 10 12 1 1 10 100 12 1 1 9 100 12 1 1 10 12 1 1 10 100 12 1 1 1 100 1 100 1 100 1 10 8 1 8 1 10 12 1 10 12 1 10 12 1 1 10 10 12 1 1 10 12 1 1 100 1 10 10 12 1 11 7 12 1 1 10 7 12 1 1 1 8 1 10 100 12 1 1 11 8 1 10 100 1 11 10 12 1 10 12 1 10 12 1 10 12 1 1 10 12 1 1 10 12 1 1 10 12 1 10 12 1 10 10 12 1 10 12 1 10 12 1 10 10 12 1 1 10 12 1 1 7 1 10 10 12 1 10 12 1 10 12 1 10 12 1 10 12 1 1 10 12 1 1 10 12 1 10 12 1 10 12 1 1 10 12 10 12 1 1 10 12 1 1 10 12 1 10 12 1 1 10 12 1 1 10 12 100 1 10 11 100 12 1 1 4 11 10 12 1 1 10 100 12 1 1 11 12 1 10 12 1 1 10 100 12 1 1 10 12 1 100 1 8 1 10 12 1 10 10 100 12 1 1 1 100 1 6 0 10 12 1 1 11 100 12 1 1 1 10 12 1 10 12 1 1 1 1 1 5 0 1 1 1 1 1 1 1 1 1 1 1 1 1 1 1 1 1 1 1 1 1 1 1 1 1 1 1 1 1 1 1 1 1 1 1 1 1 1 1 1 100 1 1 1 1 1 1 1 1 1 1 1 1 1 1 1 1 1 1 1 1 100 1 1 1 1 1 1 1 100 1 100 1 1 1 1 100 1 1 1 1 1 1 1 1 1 1 1 1 1 1 1 1 1 1 1 1 1 1 1 1 1 1 1 1 1 1 1 1 1 1 1 1 1 1 1 1 1 1 1 1 1 1 1 1 1 1 1 1 1 1 1 1 1 1 1 1 1 1 1 1 1 1 1 1 1 1 1 1 1 1 1 1 100 1 1 1 1 1 1 1 1 1 100 1 1 1
staticfield java/util/Properties UNSAFE Ljdk/internal/misc/Unsafe; jdk/internal/misc/Unsafe
instanceKlass java/util/Hashtable
ciInstanceKlass java/util/Dictionary 1 1 36 10 7 12 1 1 1 100 1 1 1 1 1 1 1 1 1 1 1 1 1 1 1 1 1 1 1 1 1 1 1 1 1 1 1 1
instanceKlass java/util/Properties
ciInstanceKlass java/util/Hashtable 1 1 512 100 1 10 7 12 1 1 1 9 7 12 1 1 1 100 1 100 1 10 8 1 10 12 1 1 10 12 1 10 12 1 1 10 12 1 10 7 12 1 1 1 8 1 10 12 1 9 12 1 1 7 1 9 12 1 1 4 10 7 12 1 1 1 9 12 1 4 10 12 1 11 7 12 1 1 1 10 12 1 1 10 12 1 1 9 12 1 10 12 1 1 100 1 10 9 12 1 1 10 7 12 1 1 1 9 12 1 1 10 12 1 10 12 1 3 9 12 1 9 12 1 3 10 12 1 10 12 1 10 12 1 1 11 12 1 1 11 7 12 1 1 1 11 7 12 1 1 1 11 12 1 7 1 11 12 1 11 12 1 10 12 1 1 10 12 1 1 10 12 1 9 12 1 1 9 12 9 12 1 1 10 100 1 100 1 10 12 1 10 8 1 10 10 12 1 8 1 10 8 1 10 7 12 1 1 1 7 1 10 12 1 10 12 1 100 1 10 12 1 10 12 1 1 7 1 10 100 1 10 10 12 1 1 11 12 1 1 11 12 1 100 1 10 10 10 100 12 1 1 11 100 12 1 1 1 100 1 10 11 100 12 1 1 11 100 12 1 10 12 1 10 12 1 1 10 100 12 1 1 10 12 1 1 10 12 1 1 10 12 1 1 10 100 12 1 1 1 8 10 100 12 1 1 100 1 8 1 10 4 10 12 4 10 12 1 8 1 10 12 10 100 12 1 1 1 100 1 11 100 12 1 1 1 10 100 12 1 1 1 10 12 1 10 12 1 1 10 100 1 100 1 1 1 1 1 1 5 0 1 1 1 1 1 3 1 3 1 3 1 1 1 1 1 1 1 1 1 1 1 1 1 1 1 1 1 1 1 1 1 1 1 1 1 100 1 1 1 1 1 1 1 1 1 1 1 1 1 1 1 1 1 1 1 1 1 1 1 1 1 1 1 1 1 100 1 1 1 1 1 1 1 1 1 1 1 1 1 1 1 1 1 1 1 1 1 1 1 1 1 1 1 1 1 1 1 1 1 1 1 1 1 1 1 1 1 1 1 1 1 1 1 1 1 1 1 1 1 1 1 1 1 1 100 1 1 1 100 1 1 1 1 1 100 1 1 1 1 1 1 1 1 1 1 1 1 1 1 1 1 1 1
instanceKlass jdk/nio/zipfs/ZipFileSystem$EntryInputStream
instanceKlass sun/nio/ch/ChannelInputStream
instanceKlass java/util/zip/ZipFile$ZipFileInputStream
instanceKlass java/io/FilterInputStream
instanceKlass java/io/FileInputStream
instanceKlass java/io/ByteArrayInputStream
ciInstanceKlass java/io/InputStream 1 1 184 100 1 10 7 12 1 1 1 100 1 10 10 7 12 1 1 1 10 7 12 1 1 1 10 12 1 100 1 3 10 12 1 1 100 1 8 1 10 12 1 10 7 12 1 1 1 3 100 1 8 1 10 10 7 12 1 1 1 7 1 10 11 7 12 1 1 1 10 12 1 1 11 12 1 1 11 7 12 1 1 1 11 12 1 1 7 1 10 7 12 1 1 1 5 0 10 12 1 10 12 1 1 100 1 10 8 1 10 8 1 8 1 10 12 1 1 10 100 12 1 1 1 100 1 1 1 1 3 1 3 1 1 1 1 1 1 1 1 1 1 1 1 1 1 1 1 1 1 1 1 1 1 1 1 1 1 1 1 1 1 1 1 1 1 1 1 1 1 1 1 1 1 1 1 1 1 1 1 1 1 1 1 1
ciInstanceKlass java/io/ByteArrayInputStream 1 1 96 10 7 12 1 1 1 9 7 12 1 1 1 9 12 1 1 9 12 1 9 12 1 10 7 12 1 1 1 10 7 12 1 1 1 10 7 12 1 1 1 10 100 12 1 1 1 10 12 1 1 10 100 12 1 1 1 1 1 1 1 1 1 1 1 1 1 1 1 1 1 1 1 1 1 1 1 1 1 1 1 100 1 1 1 1 1 1 1 1 1 1 1 1 1 1
instanceKlass com/sun/tools/javac/file/BaseFileManager$1
instanceKlass org/apache/maven/shared/utils/logging/MessageUtils$1
instanceKlass java/util/concurrent/ForkJoinWorkerThread
instanceKlass java/util/logging/LogManager$Cleaner
instanceKlass org/apache/maven/shared/utils/logging/MessageUtils$1
instanceKlass jdk/internal/misc/InnocuousThread
instanceKlass java/lang/ref/Finalizer$FinalizerThread
instanceKlass java/lang/ref/Reference$ReferenceHandler
ciInstanceKlass java/lang/Thread 1 1 612 9 7 12 1 1 1 9 12 1 1 10 12 1 1 9 12 1 1 9 12 1 1 100 1 8 1 10 12 1 1 3 8 1 100 1 5 0 10 12 1 1 10 7 12 1 1 9 12 1 1 9 12 1 9 12 1 1 9 12 1 100 1 8 1 10 9 12 1 1 10 7 12 1 1 1 10 100 12 1 1 1 10 10 7 12 1 1 10 12 1 1 10 12 1 1 9 100 12 1 1 1 10 12 1 1 10 12 1 9 12 1 1 10 12 1 1 10 12 1 1 9 12 1 10 12 1 1 9 12 1 1 10 7 12 1 1 1 9 12 1 1 9 12 1 1 10 12 1 1 10 7 12 1 1 1 9 12 1 10 12 1 1 9 12 1 100 1 10 7 1 10 8 1 10 12 1 1 10 12 1 10 12 1 10 12 1 1 10 12 1 10 12 1 9 12 1 100 1 10 10 12 1 1 10 12 1 10 12 1 100 1 11 7 12 1 1 9 7 12 1 1 1 10 12 1 10 12 1 10 12 9 12 1 1 10 9 12 1 10 12 1 100 1 10 10 12 1 1 9 12 1 10 12 1 11 100 12 1 1 10 12 1 9 12 1 10 12 1 10 12 1 10 10 12 1 10 12 1 10 12 1 10 12 1 10 12 1 1 100 1 10 10 12 1 10 12 1 10 12 1 9 100 12 1 1 1 10 12 1 1 10 12 1 100 1 8 1 10 10 12 1 10 12 8 1 10 12 1 8 1 10 8 1 8 1 10 100 12 1 1 10 100 12 1 1 1 100 1 8 1 10 9 12 1 9 12 1 1 10 12 1 1 10 10 12 1 1 9 12 1 10 12 1 1 100 1 10 12 11 100 12 1 1 1 9 100 12 1 1 1 9 12 1 1 10 12 1 1 100 1 10 12 1 11 100 12 1 1 1 100 1 10 12 1 10 12 1 1 11 12 1 10 12 1 100 1 10 12 1 10 12 1 1 10 100 12 1 1 1 8 1 9 12 1 10 12 1 1 11 100 12 1 1 1 10 100 12 1 1 1 11 12 1 10 12 1 7 1 1 1 1 3 1 3 1 3 1 1 1 1 1 1 1 1 1 1 1 1 1 1 1 1 1 1 1 7 1 1 1 1 1 1 1 1 1 1 1 1 100 1 100 1 1 1 1 1 1 1 1 1 1 1 1 1 1 1 1 1 1 1 1 1 1 1 1 1 1 1 1 1 1 1 1 1 1 1 1 1 1 1 1 1 1 1 100 100 1 1 1 1 1 1 1 1 1 100 1 1 1 1 1 1 1 1 1 1 1 1 1 1 1 1 1 1 1 1 1 1 1 1 1 1 1 1 100 1 1 1 1 1 1 100 1 1 100 1 1 1 1 1 1
staticfield java/lang/Thread EMPTY_STACK_TRACE [Ljava/lang/StackTraceElement; 0 [Ljava/lang/StackTraceElement;
ciInstanceKlass java/lang/invoke/MethodHandleStatics 1 1 312 10 100 12 1 1 1 9 7 12 1 1 1 9 12 1 9 12 1 9 12 1 9 12 1 9 12 1 9 100 12 1 1 1 100 1 10 8 1 10 12 1 1 10 100 12 1 1 1 8 1 10 100 12 1 1 1 10 12 1 1 8 1 8 1 10 12 1 10 100 12 1 1 1 10 7 12 1 1 1 8 1 10 12 1 1 8 1 8 1 8 1 8 1 10 12 1 1 100 1 10 12 10 12 1 10 12 1 100 1 10 10 12 1 1 100 1 10 10 12 1 100 1 100 1 8 1 8 1 10 12 1 8 1 100 1 10 12 1 8 1 10 10 12 1 10 7 12 1 1 1 9 12 1 1 10 7 12 1 1 1 8 1 10 7 12 1 1 10 7 12 1 1 1 8 1 8 1 8 1 8 1 8 1 8 1 10 12 1 10 7 12 1 1 1 9 12 1 1 8 1 8 1 8 1 8 1 9 12 1 8 1 9 12 1 8 1 8 1 9 12 1 8 1 8 1 9 12 1 8 1 9 12 1 8 1 9 12 1 8 1 8 1 9 12 1 8 1 10 12 1 1 1 1 1 1 1 1 1 1 1 1 1 1 1 1 1 1 1 1 1 100 1 100 1 100 1 1 1 1 1 1 1 1 1 1 1 1 1 1 1 1 1 1 1 1 1 1 1 1 1 1 1 1 1 1 1 1 1 1 1 1
staticfield java/lang/invoke/MethodHandleStatics UNSAFE Ljdk/internal/misc/Unsafe; jdk/internal/misc/Unsafe
staticfield java/lang/invoke/MethodHandleStatics DEBUG_METHOD_HANDLE_NAMES Z 0
staticfield java/lang/invoke/MethodHandleStatics DUMP_CLASS_FILES Z 0
staticfield java/lang/invoke/MethodHandleStatics TRACE_INTERPRETER Z 0
staticfield java/lang/invoke/MethodHandleStatics TRACE_METHOD_LINKAGE Z 0
staticfield java/lang/invoke/MethodHandleStatics TRACE_RESOLVE Z 0
staticfield java/lang/invoke/MethodHandleStatics COMPILE_THRESHOLD I 0
staticfield java/lang/invoke/MethodHandleStatics LOG_LF_COMPILATION_FAILURE Z 0
staticfield java/lang/invoke/MethodHandleStatics DONT_INLINE_THRESHOLD I 30
staticfield java/lang/invoke/MethodHandleStatics PROFILE_LEVEL I 0
staticfield java/lang/invoke/MethodHandleStatics PROFILE_GWT Z 1
staticfield java/lang/invoke/MethodHandleStatics CUSTOMIZE_THRESHOLD I 127
staticfield java/lang/invoke/MethodHandleStatics VAR_HANDLE_GUARDS Z 1
staticfield java/lang/invoke/MethodHandleStatics MAX_ARITY I 255
staticfield java/lang/invoke/MethodHandleStatics VAR_HANDLE_IDENTITY_ADAPT Z 0
ciMethod java/lang/System arraycopy (Ljava/lang/Object;ILjava/lang/Object;II)V 256 0 128 0 -1
instanceKlass lombok/javac/handlers/HandleDelegate$DelegateRecursion
instanceKlass org/apache/maven/artifact/repository/metadata/RepositoryMetadataDeploymentException
instanceKlass org/apache/maven/artifact/repository/metadata/RepositoryMetadataInstallationException
instanceKlass java/lang/Exception
instanceKlass java/lang/Error
ciInstanceKlass java/lang/Throwable 1 1 393 10 7 12 1 1 1 9 7 12 1 1 1 9 12 1 1 9 12 1 9 12 1 1 9 12 1 10 12 1 1 9 12 1 1 10 12 1 1 10 12 1 100 1 100 1 10 8 1 10 12 1 1 8 1 10 100 12 1 1 10 10 12 1 100 1 8 1 10 10 12 1 1 10 7 12 1 1 10 12 1 8 1 9 100 12 1 1 1 10 12 1 1 100 1 10 12 10 12 1 100 1 10 10 7 12 1 1 1 11 100 12 1 1 1 10 100 12 1 1 1 10 12 1 1 10 12 1 1 8 1 10 12 1 10 12 1 1 8 1 8 1 10 12 1 1 10 12 1 8 1 8 1 9 12 1 1 10 100 12 1 1 100 1 10 11 12 1 8 1 8 1 10 7 12 1 1 8 1 10 12 1 8 1 100 1 10 12 1 9 12 1 1 10 12 1 10 7 12 1 9 12 1 1 10 12 1 1 100 1 8 1 10 12 1 10 100 12 1 1 10 12 1 1 100 1 10 100 12 1 1 1 10 12 1 11 100 12 1 1 1 11 100 12 1 1 1 11 12 1 8 1 10 12 1 1 8 1 10 10 9 100 12 1 1 1 8 1 10 12 1 1 10 100 1 8 1 10 11 12 1 1 8 1 9 12 1 10 100 12 1 1 11 9 12 1 1 11 12 1 1 100 10 12 1 10 12 1 1 100 1 1 1 1 5 0 1 1 1 1 1 1 1 1 1 1 1 1 1 100 1 1 1 1 1 1 1 1 1 1 1 1 1 1 1 1 1 1 1 1 1 1 1 1 1 1 1 1 1 1 1 1 1 1 1 1 1 1 1 1 1 1 100 1 100 1 1 1 1 1 1 1 1 1 1 1 1 1 1 1 1 1 1
staticfield java/lang/Throwable UNASSIGNED_STACK [Ljava/lang/StackTraceElement; 0 [Ljava/lang/StackTraceElement;
staticfield java/lang/Throwable SUPPRESSED_SENTINEL Ljava/util/List; java/util/Collections$EmptyList
staticfield java/lang/Throwable EMPTY_THROWABLE_ARRAY [Ljava/lang/Throwable; 0 [Ljava/lang/Throwable;
staticfield java/lang/Throwable $assertionsDisabled Z 1
instanceKlass org/mapstruct/ap/shaded/freemarker/core/UnformattableDateException
instanceKlass java/beans/PropertyVetoException
instanceKlass java/beans/IntrospectionException
instanceKlass org/mapstruct/ap/shaded/freemarker/template/TemplateException
instanceKlass lombok/javac/JavacResolution$TypeNotConvertibleException
instanceKlass lombok/javac/handlers/HandleDelegate$CantMakeDelegates
instanceKlass com/sun/tools/javac/parser/ReferenceParser$ParseException
instanceKlass com/sun/tools/javac/jvm/JNIWriter$TypeSignature$SignatureException
instanceKlass com/sun/tools/javac/jvm/ModuleNameReader$BadClassFile
instanceKlass com/sun/tools/javac/platform/PlatformProvider$PlatformNotSupported
instanceKlass jdk/javadoc/internal/doclint/DocLint$BadArgs
instanceKlass com/sun/tools/javac/main/Option$InvalidValueException
instanceKlass org/codehaus/plexus/util/cli/CommandLineException
instanceKlass org/codehaus/plexus/compiler/CompilerException
instanceKlass org/codehaus/plexus/compiler/manager/NoSuchCompilerException
instanceKlass org/codehaus/plexus/compiler/util/scan/InclusionScanException
instanceKlass org/codehaus/plexus/interpolation/InterpolationException
instanceKlass org/apache/maven/shared/filtering/MavenFilteringException
instanceKlass sun/nio/fs/WindowsException
instanceKlass org/apache/maven/artifact/DependencyResolutionRequiredException
instanceKlass org/codehaus/plexus/util/introspection/MethodMap$AmbiguousException
instanceKlass java/net/URISyntaxException
instanceKlass org/xml/sax/SAXException
instanceKlass javax/xml/parsers/ParserConfigurationException
instanceKlass org/codehaus/plexus/interpolation/reflection/MethodMap$AmbiguousException
instanceKlass org/sonatype/plexus/components/cipher/PlexusCipherException
instanceKlass org/sonatype/plexus/components/sec/dispatcher/SecDispatcherException
instanceKlass org/apache/maven/model/resolution/InvalidRepositoryException
instanceKlass org/apache/maven/model/resolution/UnresolvableModelException
instanceKlass org/apache/maven/cli/internal/ExtensionResolutionException
instanceKlass org/apache/maven/toolchain/building/ToolchainsBuildingException
instanceKlass org/apache/maven/execution/MavenExecutionRequestPopulationException
instanceKlass org/apache/maven/repository/metadata/MetadataGraphTransformationException
instanceKlass org/apache/maven/repository/metadata/GraphConflictResolutionException
instanceKlass org/apache/maven/repository/metadata/MetadataResolutionException
instanceKlass org/apache/maven/repository/ArtifactDoesNotExistException
instanceKlass org/apache/maven/repository/ArtifactTransferFailedException
instanceKlass org/apache/maven/artifact/repository/metadata/RepositoryMetadataReadException
instanceKlass org/apache/maven/artifact/repository/metadata/RepositoryMetadataStoreException
instanceKlass org/codehaus/plexus/component/composition/CycleDetectedInComponentGraphException
instanceKlass org/codehaus/plexus/configuration/PlexusConfigurationException
instanceKlass org/codehaus/plexus/component/configurator/expression/ExpressionEvaluationException
instanceKlass org/apache/maven/settings/building/SettingsBuildingException
instanceKlass org/apache/maven/toolchain/MisconfiguredToolchainException
instanceKlass org/apache/maven/artifact/deployer/ArtifactDeploymentException
instanceKlass org/apache/maven/artifact/installer/ArtifactInstallationException
instanceKlass org/apache/http/HttpException
instanceKlass org/apache/maven/plugin/version/PluginVersionNotFoundException
instanceKlass org/apache/maven/plugin/InvalidPluginException
instanceKlass org/apache/maven/plugin/PluginConfigurationException
instanceKlass org/apache/maven/artifact/repository/metadata/RepositoryMetadataResolutionException
instanceKlass org/apache/maven/repository/legacy/metadata/ArtifactMetadataRetrievalException
instanceKlass org/apache/maven/artifact/versioning/InvalidVersionSpecificationException
instanceKlass org/apache/maven/model/building/ModelBuildingException
instanceKlass org/eclipse/aether/RepositoryException
instanceKlass org/apache/maven/project/DependencyResolutionException
instanceKlass org/apache/maven/repository/legacy/resolver/conflict/ConflictResolverNotFoundException
instanceKlass org/apache/maven/lifecycle/internal/builder/BuilderNotFoundException
instanceKlass org/apache/maven/lifecycle/NoGoalSpecifiedException
instanceKlass org/apache/maven/lifecycle/MissingProjectException
instanceKlass org/apache/maven/plugin/PluginManagerException
instanceKlass org/apache/maven/lifecycle/LifecycleExecutionException
instanceKlass org/apache/maven/plugin/version/PluginVersionResolutionException
instanceKlass org/apache/maven/lifecycle/LifecycleNotFoundException
instanceKlass org/apache/maven/plugin/prefix/NoPluginFoundForPrefixException
instanceKlass org/apache/maven/plugin/InvalidPluginDescriptorException
instanceKlass org/apache/maven/plugin/MojoNotFoundException
instanceKlass org/apache/maven/plugin/PluginDescriptorParsingException
instanceKlass org/apache/maven/lifecycle/LifecyclePhaseNotFoundException
instanceKlass org/apache/maven/plugin/PluginResolutionException
instanceKlass org/apache/maven/BuildFailureException
instanceKlass org/codehaus/plexus/util/dag/CycleDetectedException
instanceKlass org/apache/maven/MavenExecutionException
instanceKlass org/apache/maven/project/DuplicateProjectException
instanceKlass java/security/GeneralSecurityException
instanceKlass org/codehaus/plexus/component/repository/exception/ComponentLifecycleException
instanceKlass org/apache/maven/wagon/WagonException
instanceKlass org/apache/maven/artifact/resolver/AbstractArtifactResolutionException
instanceKlass org/apache/maven/artifact/InvalidRepositoryException
instanceKlass org/apache/maven/project/ProjectBuildingException
instanceKlass org/apache/maven/configuration/BeanConfigurationException
instanceKlass org/codehaus/plexus/component/configurator/ComponentConfigurationException
instanceKlass org/codehaus/plexus/personality/plexus/lifecycle/phase/InitializationException
instanceKlass org/apache/maven/project/interpolation/ModelInterpolationException
instanceKlass org/apache/maven/plugin/AbstractMojoExecutionException
instanceKlass java/util/concurrent/TimeoutException
instanceKlass com/google/common/collect/RegularImmutableMap$BucketOverflowException
instanceKlass java/util/concurrent/ExecutionException
instanceKlass java/lang/InterruptedException
instanceKlass com/google/inject/internal/ErrorsException
instanceKlass com/google/inject/internal/InternalProvisionException
instanceKlass org/codehaus/plexus/context/ContextException
instanceKlass java/text/ParseException
instanceKlass org/codehaus/plexus/component/repository/exception/ComponentLookupException
instanceKlass org/codehaus/plexus/PlexusContainerException
instanceKlass org/codehaus/plexus/util/xml/pull/XmlPullParserException
instanceKlass java/lang/CloneNotSupportedException
instanceKlass org/codehaus/plexus/interpolation/InterpolationException
instanceKlass org/apache/commons/cli/ParseException
instanceKlass org/apache/maven/cli/MavenCli$ExitException
instanceKlass java/security/PrivilegedActionException
instanceKlass org/codehaus/plexus/classworlds/launcher/ConfigurationException
instanceKlass java/io/IOException
instanceKlass org/codehaus/plexus/classworlds/ClassWorldException
instanceKlass java/lang/ReflectiveOperationException
instanceKlass java/lang/RuntimeException
ciInstanceKlass java/lang/Exception 1 1 40 10 7 12 1 1 1 10 12 1 10 12 1 10 12 1 10 12 1 100 1 1 1 1 5 0 1 1 1 1 1 1 1 1 1 1 1 1 1 1
instanceKlass java/lang/InstantiationException
instanceKlass java/lang/NoSuchFieldException
instanceKlass java/lang/IllegalAccessException
instanceKlass java/lang/reflect/InvocationTargetException
instanceKlass java/lang/NoSuchMethodException
instanceKlass java/lang/ClassNotFoundException
ciInstanceKlass java/lang/ReflectiveOperationException 1 1 34 10 7 12 1 1 1 10 12 1 10 12 1 10 12 1 100 1 1 1 1 5 0 1 1 1 1 1 1 1 1 1 1 1
instanceKlass org/mapstruct/ap/shaded/freemarker/template/utility/UnsupportedNumberClassException
instanceKlass org/mapstruct/ap/shaded/freemarker/core/ReturnInstruction$Return
instanceKlass org/mapstruct/ap/shaded/freemarker/core/BreakInstruction$Break
instanceKlass org/mapstruct/ap/shaded/freemarker/template/utility/UndeclaredThrowableException
instanceKlass org/mapstruct/ap/shaded/freemarker/core/BugException
instanceKlass org/mapstruct/ap/spi/MoreThanOneBuilderCreationMethodException
instanceKlass org/mapstruct/ap/spi/TypeHierarchyErroneousException
instanceKlass org/mapstruct/ap/internal/util/AnnotationProcessingException
instanceKlass lombok/core/AnnotationValues$AnnotationValueDecodeFail
instanceKlass java/lang/LayerInstantiationException
instanceKlass javax/lang/model/UnknownEntityException
instanceKlass com/sun/tools/javac/jvm/Gen$CodeSizeOverflow
instanceKlass com/sun/tools/javac/code/Types$SignatureGenerator$InvalidSignatureException
instanceKlass com/sun/tools/javac/comp/Infer$GraphStrategy$NodeNotFoundException
instanceKlass com/sun/tools/javac/code/Types$AdaptFailure
instanceKlass com/sun/tools/javac/comp/Resolve$InapplicableMethodException
instanceKlass com/sun/tools/javac/comp/Attr$BreakAttr
instanceKlass com/sun/tools/javac/code/Types$FunctionDescriptorLookupError
instanceKlass com/sun/tools/javac/jvm/ClassWriter$StringOverflow
instanceKlass com/sun/tools/javac/jvm/ClassWriter$PoolOverflow
instanceKlass com/sun/tools/javac/code/Symbol$CompletionFailure
instanceKlass java/nio/file/FileSystemAlreadyExistsException
instanceKlass java/util/MissingResourceException
instanceKlass java/nio/file/FileSystemNotFoundException
instanceKlass java/nio/file/ProviderNotFoundException
instanceKlass com/sun/tools/javac/util/ClientCodeException
instanceKlass com/sun/tools/javac/util/PropagatedException
instanceKlass org/apache/maven/project/DuplicateArtifactAttachmentException
instanceKlass java/time/DateTimeException
instanceKlass org/eclipse/aether/named/support/LockUpgradeNotSupportedException
instanceKlass java/util/ConcurrentModificationException
instanceKlass com/google/inject/internal/aop/GlueException
instanceKlass java/io/UncheckedIOException
instanceKlass org/apache/maven/artifact/InvalidArtifactRTException
instanceKlass com/google/inject/OutOfScopeException
instanceKlass java/lang/annotation/IncompleteAnnotationException
instanceKlass java/lang/reflect/UndeclaredThrowableException
instanceKlass com/google/common/cache/CacheLoader$InvalidCacheLoadException
instanceKlass com/google/common/util/concurrent/UncheckedExecutionException
instanceKlass java/util/NoSuchElementException
instanceKlass com/google/inject/CreationException
instanceKlass com/google/inject/ConfigurationException
instanceKlass com/google/inject/ProvisionException
instanceKlass java/lang/TypeNotPresentException
instanceKlass java/lang/IndexOutOfBoundsException
instanceKlass java/lang/UnsupportedOperationException
instanceKlass java/lang/SecurityException
instanceKlass java/lang/IllegalStateException
instanceKlass java/lang/IllegalArgumentException
instanceKlass java/lang/ArithmeticException
instanceKlass java/lang/NullPointerException
instanceKlass java/lang/IllegalMonitorStateException
instanceKlass java/lang/ArrayStoreException
instanceKlass java/lang/ClassCastException
ciInstanceKlass java/lang/RuntimeException 1 1 40 10 7 12 1 1 1 10 12 1 10 12 1 10 12 1 10 12 1 100 1 1 1 1 5 0 1 1 1 1 1 1 1 1 1 1 1 1 1 1
instanceKlass org/mapstruct/ap/shaded/freemarker/core/FMParser$LookaheadSuccess
instanceKlass org/mapstruct/ap/shaded/freemarker/core/TokenMgrError
instanceKlass com/sun/tools/javac/tree/Pretty$UncheckedIOException
instanceKlass com/sun/source/util/TreePath$1Result
instanceKlass com/sun/tools/javac/file/PathFileObject$CannotCreateUriError
instanceKlass com/sun/tools/javac/tree/TreeInfo$1Result
instanceKlass com/sun/tools/javac/processing/ServiceProxy$ServiceConfigurationError
instanceKlass com/sun/tools/javac/util/Abort
instanceKlass com/sun/tools/javac/processing/AnnotationProcessingError
instanceKlass com/sun/tools/javac/util/FatalError
instanceKlass java/util/ServiceConfigurationError
instanceKlass com/google/common/util/concurrent/ExecutionError
instanceKlass java/lang/AssertionError
instanceKlass java/io/IOError
instanceKlass org/apache/maven/BuildAbort
instanceKlass java/lang/VirtualMachineError
instanceKlass java/lang/LinkageError
instanceKlass java/lang/ThreadDeath
ciInstanceKlass java/lang/Error 1 1 40 10 7 12 1 1 1 10 12 1 10 12 1 10 12 1 10 12 1 100 1 1 1 1 5 0 1 1 1 1 1 1 1 1 1 1 1 1 1 1
instanceKlass java/lang/StackOverflowError
instanceKlass java/lang/OutOfMemoryError
instanceKlass java/lang/InternalError
ciInstanceKlass java/lang/VirtualMachineError 1 1 34 10 100 12 1 1 1 10 12 1 10 12 1 10 12 1 100 1 1 1 1 5 0 1 1 1 1 1 1 1 1 1 1 1
ciInstanceKlass java/lang/StackOverflowError 1 1 26 10 100 12 1 1 1 10 12 1 100 1 1 1 1 5 0 1 1 1 1 1 1 1 1 1
instanceKlass java/lang/ClassFormatError
instanceKlass java/lang/UnsatisfiedLinkError
instanceKlass java/lang/IncompatibleClassChangeError
instanceKlass java/lang/BootstrapMethodError
instanceKlass java/lang/NoClassDefFoundError
ciInstanceKlass java/lang/LinkageError 1 1 31 10 7 12 1 1 1 10 12 1 10 12 1 100 1 1 1 1 5 0 1 1 1 1 1 1 1 1 1 1 1
ciInstanceKlass java/lang/ArrayStoreException 1 1 26 10 100 12 1 1 1 10 12 1 100 1 1 1 1 5 0 1 1 1 1 1 1 1 1 1
ciInstanceKlass java/lang/ThreadDeath 0 0 21 10 100 12 1 1 1 100 1 1 1 1 5 0 1 1 1 1 1 1 1
ciInstanceKlass java/lang/StackTraceElement 1 1 224 10 7 12 1 1 1 10 7 12 1 1 9 12 1 1 9 12 1 1 9 12 1 9 12 1 8 1 10 100 12 1 1 1 7 1 9 12 1 8 1 9 12 1 9 12 1 9 12 1 1 8 1 10 12 1 1 10 12 1 7 1 10 10 12 1 1 8 1 10 12 1 1 10 12 1 8 1 8 1 8 1 10 12 1 8 1 8 1 10 12 1 8 1 8 1 10 12 1 1 10 12 1 10 12 1 1 10 12 1 9 12 1 1 10 7 12 1 1 1 10 12 1 1 7 1 10 12 1 1 10 7 12 1 1 10 7 12 1 1 1 10 7 12 1 1 10 7 12 1 1 10 10 12 1 1 10 12 1 10 12 1 1 100 1 1 1 1 1 3 1 3 1 1 5 0 1 1 1 1 1 1 1 1 1 1 1 1 1 1 1 1 1 1 1 1 1 1 1 1 1 1 100 1 100 1 1 1 1 1 1 1 1 1 1 100 1 1 1 1 1 1 1 1
instanceKlass com/sun/tools/javac/util/List
instanceKlass java/util/concurrent/ConcurrentLinkedDeque
instanceKlass java/util/AbstractMap$2
instanceKlass org/eclipse/sisu/inject/MildElements
instanceKlass org/eclipse/sisu/inject/MildValues$1
instanceKlass com/google/common/collect/Maps$Values
instanceKlass com/google/common/collect/AbstractMultimap$Values
instanceKlass java/util/TreeMap$Values
instanceKlass com/google/common/collect/AbstractMapBasedMultimap$WrappedCollection
instanceKlass com/google/common/collect/ImmutableCollection
instanceKlass java/util/IdentityHashMap$Values
instanceKlass java/util/HashMap$Values
instanceKlass java/util/AbstractQueue
instanceKlass java/util/LinkedHashMap$LinkedValues
instanceKlass java/util/ArrayDeque
instanceKlass java/util/AbstractSet
instanceKlass java/util/ImmutableCollections$AbstractImmutableCollection
instanceKlass java/util/AbstractList
ciInstanceKlass java/util/AbstractCollection 1 1 160 10 7 12 1 1 1 10 7 12 1 1 1 10 12 1 1 11 7 12 1 1 1 11 12 1 1 10 12 1 1 10 100 12 1 1 1 10 12 1 1 10 12 1 1 10 7 12 1 1 10 7 12 1 1 1 7 1 10 100 12 1 1 1 10 100 12 1 1 1 100 1 10 11 12 1 11 7 1 10 12 1 10 12 1 10 7 12 1 1 1 11 8 1 100 1 10 10 12 1 1 8 1 10 12 1 10 12 1 1 1 1 1 1 1 1 1 1 1 1 1 1 1 1 1 1 1 1 1 1 1 1 1 1 1 1 1 1 1 1 1 1 1 1 1 1 1 1 1 1 1 1 1 1 1 1 1 1 1 1
ciInstanceKlass java/lang/Boolean 1 1 151 10 7 12 1 1 1 9 7 12 1 1 1 10 12 1 1 10 12 1 8 1 10 7 12 1 1 9 12 1 1 9 12 1 8 1 10 12 1 1 10 12 1 1 10 7 12 1 1 1 100 1 100 1 10 12 1 1 9 100 12 1 1 9 12 10 100 12 1 1 1 10 12 1 1 8 1 10 7 12 1 1 1 9 12 1 1 100 1 100 1 100 1 1 1 1 1 1 5 0 1 1 1 1 1 1 1 1 1 1 3 1 1 1 1 1 1 1 1 1 1 1 1 1 1 1 1 1 1 1 1 100 1 1 1 1 1 1 1 1 1 1 100 1 1 1 1 1 1 1 1
staticfield java/lang/Boolean TRUE Ljava/lang/Boolean; java/lang/Boolean
staticfield java/lang/Boolean FALSE Ljava/lang/Boolean; java/lang/Boolean
staticfield java/lang/Boolean TYPE Ljava/lang/Class; java/lang/Class
instanceKlass java/util/concurrent/locks/AbstractQueuedSynchronizer
ciInstanceKlass java/util/concurrent/locks/AbstractOwnableSynchronizer 1 1 32 10 7 12 1 1 1 9 7 12 1 1 1 100 1 1 1 1 5 0 1 1 1 1 1 1 1 1 1 1 1 1
instanceKlass java/lang/LiveStackFrameInfo
ciInstanceKlass java/lang/StackFrameInfo 0 0 132 10 100 12 1 1 1 9 100 12 1 1 1 9 100 1 9 12 1 1 11 100 12 1 1 1 9 12 1 1 11 12 1 1 10 12 1 1 10 100 12 1 1 1 10 12 1 11 12 1 11 12 1 1 11 12 1 10 12 1 1 9 12 1 1 10 12 1 1 10 100 12 1 1 10 12 1 1 11 12 1 1 10 12 1 9 12 1 1 10 12 1 1 100 1 8 1 10 12 1 10 100 12 1 1 1 100 1 1 1 1 1 1 1 1 1 1 1 1 1 1 1 1 1 1 100 1 1 1 1 1 1
ciInstanceKlass java/lang/LiveStackFrameInfo 0 0 97 10 100 12 1 1 1 9 100 12 1 1 1 9 12 1 9 12 1 9 12 1 9 12 1 1 100 1 10 12 1 1 10 12 1 8 1 10 12 1 1 8 1 8 1 8 1 10 100 1 10 12 1 100 1 10 12 1 100 1 100 1 1 1 3 1 3 1 1 1 1 1 1 1 1 1 1 1 1 1 1 1 1 1 1 1 1 1 1 1 1 1 1 1 100 1 1
ciInstanceKlass java/lang/Character 1 1 576 7 1 100 1 100 1 9 12 1 1 8 1 9 12 1 1 100 1 9 12 1 1 10 100 12 1 1 1 10 100 12 1 1 1 10 100 12 1 1 1 10 7 12 1 1 1 9 7 12 1 1 1 10 12 1 10 12 1 1 10 12 1 1 10 7 12 1 1 10 12 1 1 3 3 3 3 3 10 12 1 1 10 12 1 3 11 7 12 1 1 1 11 12 1 1 10 12 1 1 10 12 1 1 100 1 10 10 12 1 3 10 12 1 1 10 12 1 10 12 1 1 100 1 8 1 10 12 1 1 10 12 1 10 12 1 10 12 1 10 12 1 10 12 1 1 10 12 1 10 7 12 1 1 10 10 12 1 10 10 12 1 10 12 1 1 10 12 1 10 10 12 1 10 12 1 10 12 1 10 12 1 10 12 1 10 12 1 10 12 1 10 12 10 10 12 10 10 12 1 10 10 12 1 10 10 12 1 10 10 12 1 10 10 12 1 10 10 12 1 10 10 12 1 1 10 10 12 1 10 5 0 10 12 1 10 12 1 10 10 12 1 10 10 12 1 1 10 10 12 1 10 10 12 1 9 12 1 1 100 1 10 10 12 1 10 12 1 1 3 10 100 12 1 1 1 10 12 1 10 100 12 1 1 100 1 10 10 12 1 1 10 12 1 1 10 12 1 1 8 1 10 12 1 9 100 12 1 1 1 10 12 1 10 10 12 1 10 12 1 1 10 12 1 10 10 12 1 1 10 10 12 1 1 100 1 8 1 10 12 1 1 10 7 12 1 1 1 8 1 10 12 1 1 9 12 1 1 100 1 100 1 100 1 1 1 1 3 1 3 1 3 1 3 1 1 1 1 1 3 1 1 3 1 3 1 3 1 3 1 3 1 3 1 3 1 3 1 3 1 3 1 3 1 3 1 3 1 3 1 3 1 3 1 3 1 3 1 3 1 3 1 3 1 3 1 3 1 3 1 3 1 3 1 3 1 3 1 1 1 1 1 1 1 1 1 1 1 1 1 1 1 1 1 1 1 3 1 1 1 1 1 1 1 3 1 1 3 1 1 1 1 1 3 1 1 5 0 1 1 1 1 1 1 1 1 1 1 1 1 1 1 1 1 1 1 1 1 1 1 1 1 1 1 1 1 1 1 1 1 1 1 1 1 1 1 1 1 1 1 1 1 1 1 1 1 1 1 1 1 1 1 1 1 1 1 1 1 1 1 1 1 1 1 1 1 1 1 1 1 1 1 1 1 1 1 1 1 1 1 1 1 1 1 1 1 1 100 1 100 1 1 1 1 1 1
staticfield java/lang/Character TYPE Ljava/lang/Class; java/lang/Class
staticfield java/lang/Character $assertionsDisabled Z 1
ciInstanceKlass java/lang/Float 1 1 223 7 1 100 1 10 7 12 1 1 1 10 100 12 1 1 1 4 100 1 10 12 1 1 10 12 1 1 8 1 8 1 10 100 12 1 1 1 10 12 1 1 10 12 1 1 10 4 4 4 10 7 12 1 1 9 12 1 1 10 12 1 1 10 12 1 10 12 1 10 12 1 1 10 12 1 10 12 1 3 10 12 1 1 10 12 1 1 10 12 1 10 100 12 1 1 1 10 12 1 1 10 12 1 1 8 1 10 7 12 1 1 1 9 12 1 1 100 1 100 1 100 1 1 1 1 1 4 1 1 1 4 1 1 3 1 3 1 3 1 3 1 1 1 1 5 0 1 1 1 1 1 1 1 1 1 1 7 1 1 1 1 1 1 1 1 1 1 1 1 1 3 1 1 1 1 1 1 1 1 1 1 1 1 1 1 1 1 1 1 1 1 1 1 1 1 1 1 1 1 1 1 1 1 1 1 1 1 1 1 7 1 1 1 1 1 1 1 100 1 100 1 1
staticfield java/lang/Float TYPE Ljava/lang/Class; java/lang/Class
instanceKlass java/math/BigDecimal
instanceKlass java/math/BigInteger
instanceKlass java/util/concurrent/atomic/AtomicLong
instanceKlass java/util/concurrent/atomic/AtomicInteger
instanceKlass java/lang/Long
instanceKlass java/lang/Integer
instanceKlass java/lang/Short
instanceKlass java/lang/Byte
instanceKlass java/lang/Double
instanceKlass java/lang/Float
ciInstanceKlass java/lang/Number 1 1 37 10 7 12 1 1 1 10 100 12 1 1 1 100 1 1 1 1 5 0 1 1 1 1 1 1 1 1 1 1 1 1 1 1 1 1 1
ciInstanceKlass java/lang/Double 1 1 285 7 1 100 1 10 7 12 1 1 1 10 12 1 1 10 12 1 100 1 10 12 1 1 10 100 12 1 1 1 6 0 8 1 10 12 1 1 8 1 10 12 1 1 8 1 6 0 10 12 1 1 100 1 5 0 5 0 8 1 8 1 10 100 12 1 1 1 10 100 12 1 1 1 8 1 10 12 1 1 8 1 8 1 8 1 10 12 1 1 10 12 1 10 12 1 1 10 12 1 10 12 1 10 12 1 1 10 12 1 10 6 0 6 0 6 0 10 7 12 1 1 9 12 1 1 10 12 1 10 12 1 10 12 1 10 12 1 5 0 10 12 1 1 10 12 1 10 12 1 10 100 12 1 1 1 10 12 1 1 10 12 1 1 8 1 10 7 12 1 1 1 9 12 1 1 100 1 100 1 100 1 1 1 1 1 6 0 1 1 1 6 0 1 1 3 1 3 1 3 1 3 1 1 1 1 5 0 1 1 1 1 1 1 1 1 1 1 1 1 1 1 1 1 7 1 1 1 1 1 1 1 1 1 1 1 1 3 1 1 1 1 1 1 1 1 1 1 1 1 1 1 1 1 1 1 1 1 1 1 1 1 1 1 1 1 1 1 1 1 1 1 7 1 1 1 1 1 1 1 100 1 100 1 1
staticfield java/lang/Double TYPE Ljava/lang/Class; java/lang/Class
ciInstanceKlass java/lang/Byte 1 1 215 7 1 100 1 10 100 12 1 1 1 9 12 1 1 8 1 9 12 1 1 100 1 10 12 1 1 10 12 1 1 10 100 12 1 1 1 10 100 12 1 1 1 9 100 12 1 1 1 10 12 1 1 7 1 100 1 10 12 1 1 8 1 10 12 1 1 8 1 10 12 1 10 12 1 10 12 1 10 12 1 1 10 12 1 10 12 1 10 12 1 1 10 8 1 8 1 10 7 1 9 12 1 1 10 12 1 10 12 1 1 10 12 1 1 10 12 1 1 10 12 1 5 0 10 12 1 1 8 1 10 7 12 1 1 1 9 12 1 1 100 1 100 1 1 1 3 1 3 1 1 1 1 3 1 3 1 1 5 0 1 1 1 1 1 1 1 1 1 1 1 1 1 1 1 1 1 1 1 1 1 1 1 1 1 1 1 1 1 1 1 1 1 1 1 1 1 1 1 1 1 1 1 1 1 1 1 1 1 1 1 1 1 1 1
staticfield java/lang/Byte TYPE Ljava/lang/Class; java/lang/Class
ciInstanceKlass java/lang/Short 1 1 224 7 1 100 1 100 1 10 100 12 1 1 1 10 12 1 1 7 1 100 1 10 12 1 1 8 1 10 12 1 1 8 1 10 12 1 10 12 1 10 12 1 10 12 1 1 10 12 1 1 10 12 1 9 12 1 1 8 1 9 12 1 1 100 1 10 12 1 1 10 12 1 10 100 12 1 1 1 10 100 12 1 1 1 9 100 12 1 1 1 10 12 1 10 12 1 1 10 8 1 8 1 10 100 1 9 12 1 1 10 12 1 10 12 1 1 10 12 1 1 10 12 1 1 10 12 1 3 3 5 0 10 12 1 1 8 1 10 7 12 1 1 1 9 12 1 1 100 1 100 1 1 1 3 1 3 1 1 1 1 3 1 3 1 1 5 0 1 1 1 1 1 1 1 1 1 1 1 1 1 1 1 1 1 1 1 1 1 1 1 1 1 1 1 3 1 1 1 1 1 1 1 1 1 1 1 1 1 1 1 1 1 1 1 1 1 1 1 1 1 1 1 1 1
staticfield java/lang/Short TYPE Ljava/lang/Class; java/lang/Class
ciInstanceKlass java/lang/Integer 1 1 445 7 1 100 1 7 1 7 1 10 12 1 1 9 12 1 1 9 12 1 1 10 7 12 1 1 1 10 12 1 1 10 100 12 1 1 1 10 10 12 1 1 10 100 12 1 1 1 10 12 1 10 12 1 1 10 7 12 1 1 1 10 12 1 1 10 12 1 1 10 12 1 10 12 1 10 12 1 1 10 10 12 1 9 12 1 1 9 12 1 7 1 8 1 10 12 1 100 1 10 12 1 8 1 10 12 1 1 10 12 1 8 1 10 12 1 8 1 10 12 1 1 3 10 12 1 1 3 10 12 1 1 10 12 1 1 10 7 12 1 1 1 11 7 1 100 1 10 11 10 12 1 1 8 1 10 12 1 1 8 1 100 1 10 12 1 1 10 12 1 1 5 0 8 1 10 12 1 10 12 1 10 12 1 10 12 1 1 7 1 9 12 1 1 9 12 1 1 10 12 1 10 7 1 9 12 1 10 12 1 10 12 1 10 12 1 1 10 7 12 1 1 1 100 1 100 1 10 12 1 1 10 12 1 1 8 1 8 1 10 12 1 1 8 1 8 1 8 1 8 1 8 1 8 1 10 12 1 10 12 1 10 12 1 5 0 3 3 3 3 10 12 1 3 10 12 1 10 100 12 1 1 1 10 12 1 1 10 12 1 1 8 1 10 7 12 1 1 1 9 12 1 1 3 3 3 3 3 3 9 12 1 1 100 1 100 1 100 1 1 1 1 1 1 1 3 1 3 1 1 5 0 1 1 1 1 1 1 1 1 1 100 1 1 1 1 1 1 1 1 1 1 1 1 1 1 1 1 1 1 1 1 1 1 1 1 1 1 1 1 1 1 1 1 1 1 1 1 1 1 1 3 1 1 1 1 1 1 1 1 1 1 1 1 1 1 1 1 100 1 1 1 1 1 1 1 1 1 1 1 1 1 1 1 1 1 1 1 1 1 1 1 1 1 1 1 1 1 1 1 7 1 1 1 1 1 1 1 1 1 100 1 100 1 1
staticfield java/lang/Integer TYPE Ljava/lang/Class; java/lang/Class
staticfield java/lang/Integer digits [C 36
staticfield java/lang/Integer DigitTens [B 100
staticfield java/lang/Integer DigitOnes [B 100
staticfield java/lang/Integer sizeTable [I 10
ciInstanceKlass java/lang/Long 1 1 506 7 1 100 1 7 1 7 1 10 12 1 1 9 12 1 1 9 7 12 1 1 1 10 100 12 1 1 1 10 12 1 1 10 100 12 1 1 1 10 10 12 10 12 1 10 12 1 10 12 1 5 0 5 0 100 1 10 12 1 1 10 12 1 1 10 12 1 10 12 1 10 12 1 10 12 1 1 10 100 12 1 1 10 12 1 10 12 1 1 10 12 1 1 10 12 1 1 10 12 1 1 10 100 12 1 1 1 10 12 1 1 10 12 1 10 12 1 10 12 1 10 12 1 1 10 10 12 1 5 0 5 0 9 12 1 1 9 12 1 5 0 7 1 8 1 10 12 1 8 1 10 12 1 8 1 8 1 10 12 1 1 5 0 10 12 1 1 5 0 10 12 1 1 10 12 1 1 10 100 12 1 1 1 11 100 1 100 1 10 11 10 12 1 1 8 1 10 12 1 1 8 1 100 1 10 12 1 1 10 12 1 8 1 8 1 11 12 1 1 10 12 1 10 12 1 10 12 1 5 0 5 0 9 7 12 1 1 1 10 12 1 10 12 1 1 8 1 8 1 10 12 1 1 8 1 8 1 8 1 8 1 8 1 8 1 10 12 1 10 12 1 10 12 1 1 10 7 1 9 12 1 1 10 12 1 10 12 1 1 10 100 12 1 1 1 100 1 100 1 10 12 1 1 10 12 1 1 5 0 10 12 1 10 12 1 5 0 5 0 5 0 10 12 1 1 5 0 5 0 10 12 1 10 12 1 10 100 12 1 1 1 10 12 1 1 10 12 1 1 8 1 10 7 12 1 1 1 9 12 1 1 100 1 100 1 100 1 1 1 1 5 0 1 1 1 1 3 1 3 1 5 0 1 1 1 1 1 1 1 1 1 100 1 1 1 1 1 1 1 1 1 1 1 1 1 1 1 1 1 1 1 1 1 1 1 1 1 1 1 1 1 1 1 1 1 1 1 1 1 1 1 1 1 1 1 1 1 1 1 1 1 1 1 1 1 1 3 1 1 1 1 1 1 1 1 1 1 1 1 1 1 1 100 1 1 1 1 1 1 1 1 1 1 1 1 1 1 1 1 1 1 1 1 1 1 1 1 1 1 1 7 1 1 1 1 1 1 1 1 1 100 1 100 1 1
staticfield java/lang/Long TYPE Ljava/lang/Class; java/lang/Class
instanceKlass java/lang/ref/PhantomReference
instanceKlass java/lang/ref/FinalReference
instanceKlass java/lang/ref/WeakReference
instanceKlass java/lang/ref/SoftReference
ciInstanceKlass java/lang/ref/Reference 1 1 195 9 7 12 1 1 1 9 7 12 1 1 10 12 1 1 10 12 1 1 9 12 1 1 10 12 1 1 9 12 1 1 9 12 1 1 7 1 10 12 1 10 7 12 1 1 10 12 1 10 12 1 1 10 12 1 9 12 1 10 12 1 1 10 12 1 10 12 1 9 12 1 100 1 100 1 10 12 1 9 12 1 9 12 1 100 1 10 10 12 1 10 10 7 12 1 1 10 7 12 1 1 1 10 12 1 1 10 7 12 1 1 7 1 8 1 10 12 1 10 12 1 1 10 12 1 1 10 12 1 7 1 10 10 7 12 1 1 1 1 1 1 1 1 1 1 1 1 1 1 1 1 1 1 1 100 1 1 1 100 1 1 1 1 1 1 1 1 1 1 1 1 1 1 1 1 1 1 1 1 1 1 1 1 1 1 1 1 1 1 1 1 1 1 1
staticfield java/lang/ref/Reference processPendingLock Ljava/lang/Object; java/lang/Object
staticfield java/lang/ref/Reference $assertionsDisabled Z 1
instanceKlass com/sun/beans/util/Cache$Kind$Soft
instanceKlass java/util/ResourceBundle$BundleReference
instanceKlass org/eclipse/sisu/inject/MildElements$Soft
instanceKlass com/google/common/cache/LocalCache$SoftValueReference
instanceKlass sun/util/locale/provider/LocaleResources$ResourceReference
instanceKlass sun/util/resources/Bundles$BundleReference
instanceKlass org/eclipse/sisu/inject/MildKeys$Soft
instanceKlass java/lang/invoke/LambdaFormEditor$Transform
instanceKlass sun/util/locale/LocaleObjectCache$CacheEntry
ciInstanceKlass java/lang/ref/SoftReference 1 1 47 10 7 12 1 1 1 9 7 12 1 1 1 9 12 1 10 12 1 10 12 1 1 1 1 1 1 1 1 1 1 1 1 1 1 1 1 1 1 1 1 100 1 1 1 1 1
instanceKlass java/beans/WeakIdentityMap$Entry
instanceKlass com/sun/tools/javac/util/UnsharedNameTable$HashEntry
instanceKlass java/util/ResourceBundle$KeyElementReference
instanceKlass sun/nio/ch/FileLockTable$FileLockReference
instanceKlass org/eclipse/sisu/inject/MildElements$Weak
instanceKlass com/google/common/collect/MapMakerInternalMap$AbstractWeakKeyEntry
instanceKlass com/google/common/cache/LocalCache$WeakEntry
instanceKlass java/lang/WeakPairMap$WeakRefPeer
instanceKlass java/lang/ClassValue$Entry
instanceKlass com/google/common/cache/LocalCache$WeakValueReference
instanceKlass java/util/logging/LogManager$LoggerWeakRef
instanceKlass java/util/logging/Level$KnownLevel
instanceKlass org/eclipse/sisu/inject/MildKeys$Weak
instanceKlass java/lang/invoke/MethodType$ConcurrentWeakInternSet$WeakEntry
instanceKlass java/lang/ThreadLocal$ThreadLocalMap$Entry
instanceKlass java/util/WeakHashMap$Entry
ciInstanceKlass java/lang/ref/WeakReference 1 1 31 10 7 12 1 1 1 10 12 1 100 1 1 1 1 1 1 1 1 1 1 1 1 1 1 1 1 1 1 1 1
ciMethod java/lang/ref/Reference get ()Ljava/lang/Object; 0 0 1 0 -1
instanceKlass java/lang/ref/Finalizer
ciInstanceKlass java/lang/ref/FinalReference 1 1 47 10 7 12 1 1 1 10 7 12 1 1 1 10 12 1 1 100 1 8 1 10 12 1 1 1 1 1 1 1 1 1 1 1 1 1 1 1 1 1 1 1 1 1 1 1 1
ciInstanceKlass java/lang/ref/Finalizer 1 1 152 9 7 12 1 1 1 10 7 12 1 1 1 9 12 1 1 9 12 1 1 9 12 1 9 12 1 10 12 1 10 12 1 1 9 12 1 1 100 1 10 12 1 7 1 11 7 12 1 1 100 1 10 12 1 100 1 10 12 1 10 100 12 1 1 1 10 100 12 1 1 1 100 1 10 10 12 1 10 7 12 1 1 1 7 1 10 7 1 10 10 7 12 1 1 1 10 12 1 1 10 7 12 1 1 7 1 10 12 1 10 12 1 1 10 12 1 1 10 12 1 1 1 1 1 1 1 1 1 1 1 1 1 1 1 1 1 1 1 1 1 1 1 1 1 1 1 1 1 1 1 1
staticfield java/lang/ref/Finalizer lock Ljava/lang/Object; java/lang/Object
staticfield java/lang/ref/Finalizer $assertionsDisabled Z 1
instanceKlass jdk/internal/ref/PhantomCleanable
instanceKlass jdk/internal/ref/Cleaner
ciInstanceKlass java/lang/ref/PhantomReference 1 1 39 10 100 12 1 1 1 10 7 12 1 1 1 1 1 1 1 1 1 1 1 1 1 1 1 1 1 1 1 1 1 1 1 1 1 1 1 1 1
instanceKlass java/lang/reflect/Executable
instanceKlass java/lang/reflect/Field
ciInstanceKlass java/lang/reflect/AccessibleObject 1 1 398 10 7 12 1 1 1 9 100 12 1 1 1 10 100 12 1 1 1 10 7 12 1 1 10 7 12 1 1 1 10 7 12 1 1 1 10 12 1 1 10 12 1 1 9 12 1 1 100 1 10 7 12 1 1 1 11 12 1 100 1 10 12 1 7 1 100 1 10 12 1 10 12 1 1 7 1 10 100 12 1 1 1 10 12 1 1 100 1 10 12 1 1 100 1 10 10 10 7 12 1 1 1 10 12 1 1 10 12 1 10 12 1 10 12 1 1 10 12 1 8 1 100 1 10 10 12 1 1 8 1 10 12 1 10 12 1 8 1 8 1 8 1 8 1 8 1 8 1 100 1 10 12 1 10 12 1 9 12 1 1 10 12 1 1 10 12 1 10 11 100 1 100 1 8 1 10 10 12 1 10 12 1 1 8 1 10 12 1 8 1 10 12 1 1 10 100 1 8 1 10 11 7 12 1 1 10 12 1 1 10 12 1 1 10 12 1 1 9 12 1 1 100 1 10 12 1 7 1 10 12 1 10 12 1 1 10 100 1 10 12 1 10 12 10 12 1 10 12 1 1 10 12 1 10 12 1 1 10 12 1 9 12 1 10 100 12 1 1 8 1 10 100 12 1 1 1 8 1 10 100 12 1 1 1 9 12 1 100 1 10 7 1 10 10 7 12 1 1 1 7 1 10 10 7 12 1 1 1 7 1 9 12 1 1 1 1 1 1 1 1 1 1 1 1 1 1 1 1 1 1 1 1 1 1 1 1 1 1 1 1 1 1 1 1 1 1 1 1 1 1 1 1 1 1 1 1 1 1 1 1 1 1 1 1 1 1 1 1 1 1 1 1 1 1 1 1 1 1 1 1 1 1 1 1 1 1 1 1 1 1 1 1 1 1 1 1 1
staticfield java/lang/reflect/AccessibleObject reflectionFactory Ljdk/internal/reflect/ReflectionFactory; jdk/internal/reflect/ReflectionFactory
instanceKlass java/lang/reflect/Constructor
instanceKlass java/lang/reflect/Method
ciInstanceKlass java/lang/reflect/Executable 1 1 548 10 7 12 1 1 1 10 7 12 1 1 1 10 7 12 1 1 1 11 7 12 1 1 1 10 7 12 1 1 1 10 12 1 1 10 7 12 1 1 1 10 7 12 1 1 1 10 12 1 8 1 10 10 12 1 1 10 12 1 1 10 7 12 1 1 1 18 12 1 1 11 7 12 1 1 1 8 1 8 1 8 1 10 7 12 1 1 1 11 12 1 1 7 1 8 1 8 1 10 12 1 100 1 8 1 10 12 1 8 1 11 7 12 1 1 1 7 1 10 12 1 1 11 12 1 8 1 18 8 1 10 12 1 10 12 1 1 18 8 1 10 12 1 7 1 10 12 1 10 12 1 11 7 12 1 1 10 12 1 1 8 1 8 1 10 12 1 1 10 12 1 1 10 10 12 1 100 1 10 10 12 1 10 12 1 1 10 7 12 1 1 10 12 1 10 12 1 10 12 1 1 10 7 12 1 1 10 12 1 10 12 1 10 100 12 1 1 1 10 12 1 8 1 10 12 1 10 12 1 3 100 1 8 1 10 12 1 10 12 1 10 10 12 1 10 12 1 1 8 1 8 1 8 1 9 12 1 10 12 1 100 1 8 1 9 12 1 10 12 1 10 12 1 1 10 12 1 1 10 12 1 10 12 10 12 1 7 1 10 12 1 10 12 1 1 100 1 10 100 12 1 1 1 7 1 10 7 12 1 1 1 10 12 1 1 11 7 12 1 1 10 7 12 1 1 10 100 12 1 1 1 10 12 1 1 9 12 1 10 12 1 1 10 12 1 10 12 1 1 9 7 12 1 1 1 10 7 12 1 1 1 10 12 1 10 12 1 1 9 12 1 10 10 10 10 100 12 1 1 1 10 12 1 9 12 1 10 12 1 1 9 12 1 100 1 100 1 1 1 1 1 1 1 1 1 1 1 1 1 1 1 1 1 1 1 1 1 1 1 1 1 1 1 1 1 1 1 1 1 1 100 1 1 1 1 1 1 1 1 100 1 1 1 1 1 1 1 1 1 1 1 1 100 1 1 1 1 1 1 1 1 1 1 1 1 1 1 1 1 1 1 1 1 1 1 1 1 1 1 1 1 1 1 1 1 1 1 1 1 1 1 1 1 1 100 1 1 1 1 1 1 1 1 1 1 1 1 1 1 1 1 1 1 1 1 1 100 1 100 1 1 15 10 7 12 1 1 1 16 15 16 1 16 1 15 10 12 16 1 100 1 1 100 1 100 1 1
ciInstanceKlass java/lang/reflect/Constructor 1 1 429 10 7 12 1 1 1 10 7 12 1 1 9 7 12 1 1 1 10 12 1 1 10 12 1 1 10 7 12 1 1 9 12 1 1 10 7 12 1 1 1 9 12 1 1 9 12 1 1 9 12 1 9 12 1 1 9 12 1 9 12 1 1 9 12 1 1 9 12 1 7 1 8 1 10 12 1 10 12 1 9 12 1 1 10 7 12 1 1 10 7 12 1 1 1 10 12 1 1 10 12 1 1 10 12 1 7 1 100 1 8 1 10 10 12 1 10 12 1 10 12 1 1 10 12 1 1 100 1 10 7 12 1 1 10 12 1 1 10 12 1 10 12 1 1 10 7 12 1 1 1 10 100 12 1 1 10 12 1 1 10 12 1 10 100 12 1 1 1 8 1 10 10 12 1 100 1 8 1 10 12 1 10 12 1 1 10 12 1 1 10 12 1 10 12 1 10 12 1 1 10 12 1 1 9 12 1 1 10 12 1 1 10 12 1 1 10 12 1 8 1 10 12 1 1 11 7 12 1 1 1 10 12 1 1 10 12 1 10 12 1 9 12 1 1 10 7 12 1 1 1 10 12 1 1 10 12 1 1 10 12 1 1 10 12 1 1 10 12 1 9 100 12 1 1 10 12 1 10 12 1 10 12 1 100 1 8 1 10 10 12 1 1 10 12 1 10 10 12 1 1 10 12 1 1 10 100 12 1 1 1 11 100 12 1 1 1 10 12 1 1 9 100 12 1 1 1 10 100 12 1 1 1 10 12 1 1 1 1 1 1 1 1 1 1 1 1 1 1 1 1 1 1 1 1 1 1 1 1 1 1 1 1 1 1 1 1 1 1 1 1 1 1 1 1 1 1 1 1 1 1 1 1 1 1 1 100 1 7 1 7 1 7 1 1 1 1 1 1 1 1 1 1 1 1 1 1 1 1 1 1 1 1 1 1 1 1 1 1 1 1 1 1 1 1 1 100 1 1
ciInstanceKlass java/lang/reflect/Method 1 1 446 9 7 12 1 1 1 10 7 12 1 1 1 10 7 12 1 1 9 12 1 1 10 12 1 1 10 12 1 1 10 7 12 1 1 10 7 12 1 1 1 9 12 1 1 9 12 1 9 12 1 1 9 12 1 9 12 1 9 12 1 1 9 12 1 9 12 1 1 9 12 1 9 12 1 9 12 1 1 7 1 8 1 10 12 1 10 12 1 9 12 1 1 8 1 10 7 12 1 1 10 7 12 1 1 1 10 12 1 1 10 12 1 1 10 12 1 10 12 1 1 10 12 1 1 7 1 10 12 1 1 10 12 10 7 12 1 1 10 12 1 1 10 12 1 10 12 1 10 12 1 10 7 12 1 1 1 10 12 1 1 10 7 1 10 7 12 1 1 1 10 7 12 1 1 10 12 1 1 10 12 1 1 10 12 1 10 7 12 1 1 1 10 12 1 10 8 1 10 12 1 10 12 1 7 1 8 1 8 1 8 1 10 12 1 10 12 1 1 10 12 1 1 10 10 12 1 1 10 12 1 11 7 1 9 12 1 1 10 12 1 1 10 12 1 10 12 1 1 10 12 1 1 11 7 12 1 1 1 10 12 1 10 12 1 10 12 1 10 12 1 10 12 1 9 12 1 1 10 7 12 1 1 1 10 12 1 1 10 7 12 1 1 1 10 7 12 1 1 1 10 7 12 1 1 1 11 7 12 1 1 1 10 7 12 1 1 1 7 1 100 1 100 1 10 12 1 10 12 1 1 10 12 1 100 1 8 1 10 12 1 10 10 12 1 1 10 12 1 1 10 12 1 1 10 12 1 1 8 1 10 12 1 1 1 1 1 1 1 1 1 1 1 1 1 1 1 1 1 1 1 1 1 1 1 1 1 1 1 1 1 1 1 1 1 1 1 1 1 1 1 1 1 1 1 1 1 1 1 1 1 1 1 1 1 100 1 7 1 7 1 1 1 1 1 1 1 1 1 1 1 1 1 1 1 1 1 1 1 1 1 1 1 1 1 1
ciInstanceKlass java/lang/reflect/Field 1 1 437 9 7 12 1 1 1 10 12 1 1 10 100 12 1 1 1 10 100 12 1 1 9 12 1 1 10 12 1 1 10 12 1 1 10 7 12 1 1 10 7 12 1 1 1 9 12 1 1 9 12 1 9 12 1 9 12 1 1 9 12 1 1 9 12 1 9 12 1 1 9 12 1 1 7 1 8 1 10 12 1 10 12 1 9 12 1 1 9 12 1 10 12 1 10 7 12 1 1 10 12 1 1 10 12 1 1 10 12 1 10 12 1 1 7 1 10 12 1 1 10 12 1 1 10 12 1 1 10 12 1 10 12 1 10 7 1 10 7 12 1 1 100 1 10 8 1 10 12 1 1 10 12 1 1 8 1 10 12 10 12 1 8 1 8 1 10 11 100 1 9 12 1 10 12 1 1 10 12 1 1 11 7 12 1 1 1 11 12 1 1 11 12 1 1 11 12 1 1 11 12 1 1 11 12 1 1 11 12 1 1 11 12 1 1 11 12 1 1 11 12 1 1 11 12 1 1 11 12 1 1 11 12 1 1 11 12 1 1 11 12 1 1 11 12 1 1 11 12 1 1 11 12 1 1 10 12 1 10 100 12 1 1 10 12 1 10 12 1 1 10 12 9 12 1 1 10 7 12 1 1 1 10 12 1 1 10 7 12 1 1 10 12 1 1 11 7 1 10 12 1 7 1 10 100 12 1 1 1 10 7 12 1 1 1 9 12 1 10 7 12 1 1 1 11 7 12 1 1 1 10 12 1 1 10 12 1 1 9 7 12 1 1 1 10 7 12 1 1 1 10 12 1 1 100 1 1 1 1 1 1 1 1 1 1 1 1 1 1 1 1 1 1 1 1 1 1 1 1 1 1 1 1 1 1 1 1 1 1 1 7 1 1 1 1 1 1 1 1 1 1 1 1 1 1 1 1 1 1 1 1 1 1 1 1 1 1 1 1 1 1 1 1 1 1 100 1 1 1 1 1 1 1 1 100 1 1
ciInstanceKlass java/lang/reflect/Parameter 1 1 226 10 7 12 1 1 1 9 7 12 1 1 1 9 12 1 1 9 12 1 1 9 12 1 10 12 1 1 10 12 1 1 10 100 12 1 1 1 100 1 10 10 12 1 1 11 100 12 1 1 1 10 12 1 10 100 12 1 1 1 10 12 1 1 10 12 1 10 12 1 8 1 8 1 10 100 12 1 1 1 10 12 1 10 12 10 12 1 8 1 10 12 1 9 12 1 1 10 12 1 1 9 12 1 1 10 12 1 1 10 12 1 1 10 12 1 1 10 12 1 10 10 12 1 10 100 12 1 1 1 10 12 1 1 11 100 12 1 1 10 100 12 1 1 100 1 10 100 12 1 1 1 10 12 1 1 10 12 1 1 10 12 1 1 10 12 1 1 9 12 1 100 1 10 11 12 1 1 11 12 1 1 100 1 1 1 1 1 1 1 1 1 1 1 1 1 1 1 1 1 1 1 1 1 1 1 1 1 1 1 1 1 1 1 1 1 1 1 1 1 1 100 1 1 1 1
ciInstanceKlass java/lang/StringBuffer 1 1 470 10 7 12 1 1 1 10 12 1 10 12 1 10 12 1 1 9 7 12 1 1 1 10 12 1 1 10 12 1 10 12 1 1 9 12 1 1 10 12 1 10 12 1 1 10 12 1 1 10 12 1 10 12 1 1 10 12 1 10 12 1 1 10 12 1 1 10 100 12 1 1 1 10 12 1 1 10 12 1 10 12 1 10 12 1 10 12 1 10 12 1 10 12 1 10 12 1 10 12 1 10 12 1 10 12 1 10 12 1 10 12 1 10 12 1 10 12 1 1 10 12 1 10 12 1 1 10 12 1 1 10 10 12 1 1 10 12 1 10 12 1 10 12 1 10 12 1 10 12 1 10 12 1 10 12 10 12 1 10 12 1 10 12 1 10 12 1 1 10 12 1 10 12 1 10 10 12 1 1 10 12 1 1 9 12 1 1 10 7 12 1 1 1 10 7 1 10 10 100 12 1 1 1 10 10 12 1 10 8 10 100 12 1 1 1 8 10 12 1 8 1 10 12 1 10 12 1 10 100 12 1 1 1 10 100 12 1 1 1 7 1 10 12 100 1 8 1 10 10 12 1 1 10 12 1 1 10 12 1 1 10 12 1 10 12 1 10 12 1 10 12 1 10 12 1 10 12 1 10 12 1 10 12 1 10 12 1 10 12 1 10 12 1 10 12 1 10 12 1 10 12 1 10 12 1 10 12 1 10 12 10 12 10 12 1 10 12 1 10 12 1 10 12 10 12 1 10 12 1 10 12 1 10 12 1 10 12 1 10 12 1 10 12 1 10 12 1 10 12 1 10 12 1 10 12 1 7 1 10 12 1 9 7 12 1 1 1 9 7 1 9 12 1 1 100 1 100 1 100 1 1 1 1 5 0 1 1 1 1 1 1 1 1 1 1 1 1 1 1 1 1 1 1 1 1 1 1 1 1 1 1 1 1 1 1 1 1 1 1 1 1 1 1 1 1 1 1 1 1 1 1 1 1 1 1 1 1 1 1 1 1 1 1 1 1 100 1 1 1 1 1 100 1 1 1 1 1 1 1 1 1 1 1 1 1 1 1 1 1
staticfield java/lang/StringBuffer serialPersistentFields [Ljava/io/ObjectStreamField; 3 [Ljava/io/ObjectStreamField;
instanceKlass java/lang/StringBuilder
instanceKlass java/lang/StringBuffer
ciInstanceKlass java/lang/AbstractStringBuilder 1 1 547 7 1 7 1 10 7 12 1 1 1 9 7 12 1 1 1 9 12 1 9 12 1 1 9 12 1 1 10 7 12 1 1 1 10 12 1 1 3 3 10 12 1 10 12 1 1 11 7 1 100 1 100 1 10 8 1 10 12 1 10 12 1 10 12 1 1 10 12 1 10 12 1 10 12 1 9 12 1 1 10 12 1 1 10 7 12 1 1 1 10 10 12 1 10 12 1 10 12 1 1 10 12 1 1 10 7 12 1 1 1 10 7 12 1 1 1 100 1 8 1 10 10 12 1 1 100 1 10 12 10 12 1 1 10 10 12 1 1 10 12 1 1 10 12 1 1 10 12 1 1 100 1 10 10 12 1 10 7 12 1 1 1 10 12 1 1 10 12 1 10 12 1 1 10 10 12 1 1 10 12 10 12 1 10 12 1 1 10 12 1 1 10 12 1 1 10 12 1 10 10 12 1 1 10 12 1 10 12 1 1 8 1 10 12 1 1 10 12 1 10 12 1 10 12 1 10 12 1 10 12 1 10 12 1 10 7 12 1 1 10 12 1 10 12 1 10 100 12 1 1 1 10 12 1 10 12 1 10 12 1 10 12 1 10 12 1 1 10 12 1 10 12 1 1 10 12 1 1 10 10 7 12 1 1 1 10 12 1 10 12 1 10 12 1 1 10 12 1 10 12 1 10 12 1 10 12 1 10 12 1 10 12 1 10 12 1 10 12 1 10 12 1 1 10 12 1 10 12 1 10 12 10 12 1 1 18 12 1 1 100 1 10 100 12 1 1 1 18 10 12 1 1 10 12 1 10 12 1 1 11 12 1 10 12 1 10 12 1 10 10 12 1 10 8 1 8 1 8 1 10 10 100 1 10 12 1 100 1 10 100 1 10 100 1 1 1 3 1 1 1 1 1 1 1 1 1 1 100 1 1 1 1 1 1 1 1 1 1 1 1 1 1 1 1 1 1 1 1 1 1 1 1 1 1 1 1 1 1 1 1 1 1 1 1 1 1 1 1 1 1 1 1 1 1 1 1 1 1 1 1 1 1 1 1 1 1 1 1 1 1 1 1 1 1 1 1 1 1 1 1 1 1 1 1 1 1 1 1 1 1 1 1 1 1 1 1 1 1 1 1 1 1 1 1 1 100 1 1 100 1 1 1 1 1 100 1 1 1 1 1 1 15 10 100 12 1 1 1 16 1 15 10 12 16 15 10 12 1 1 1 1 100 1 100 1 1
staticfield java/lang/AbstractStringBuilder EMPTYVALUE [B 0
ciInstanceKlass java/lang/SecurityManager 1 1 576 10 7 12 1 1 1 9 7 12 1 1 1 10 100 12 1 1 1 100 1 8 1 10 12 1 10 12 1 1 10 100 12 1 1 1 10 100 1 10 100 1 10 9 100 12 1 1 1 10 7 12 1 1 1 10 12 1 1 10 7 12 1 1 100 1 8 1 10 9 12 1 1 9 12 1 8 1 9 12 1 100 1 10 8 1 10 12 1 1 10 12 1 10 12 1 1 100 1 10 10 12 1 1 100 1 8 1 10 12 1 8 1 8 1 8 1 8 1 8 1 8 1 10 12 1 8 1 8 1 8 1 8 1 8 1 10 100 12 1 1 1 10 12 1 1 8 1 100 1 8 1 10 8 1 8 1 8 1 8 1 8 1 10 100 12 1 1 8 1 100 1 8 1 8 1 10 8 1 10 12 1 100 1 8 1 10 10 12 1 1 10 12 1 10 12 1 10 12 1 10 7 12 1 1 1 10 12 1 10 7 12 1 1 11 7 12 1 1 1 18 12 1 1 11 7 12 1 1 1 18 12 1 1 11 12 1 1 18 18 11 12 1 18 12 1 11 12 1 1 9 12 1 1 9 12 1 9 12 1 9 12 1 7 1 10 7 12 1 1 10 12 1 10 12 1 18 12 1 18 10 7 12 1 1 1 18 12 1 10 12 1 18 18 8 1 10 12 1 9 12 1 1 11 7 12 1 1 1 8 1 100 1 10 12 1 10 12 1 1 10 12 1 1 9 12 1 1 10 12 1 10 12 1 1 8 1 100 1 10 9 12 1 8 1 10 12 1 8 1 100 1 10 10 7 12 1 1 10 7 1 9 7 12 1 1 1 11 12 1 1 10 12 1 11 12 1 10 12 1 7 1 10 10 12 1 1 10 12 1 1 1 1 1 1 1 1 1 1 1 100 1 1 1 1 1 1 1 1 1 1 1 1 1 1 1 1 1 1 1 1 1 1 1 1 1 1 1 1 1 1 1 1 1 1 1 1 1 1 1 1 1 1 1 1 1 1 1 1 1 1 1 1 1 1 1 1 3 1 1 1 1 1 1 1 1 1 1 100 1 1 1 1 1 1 1 1 1 1 1 1 1 1 1 1 1 1 1 1 1 1 1 1 1 1 1 1 1 1 1 1 1 1 1 1 1 1 15 10 7 12 1 1 1 16 15 10 7 12 1 1 1 16 1 16 15 10 12 16 1 15 10 12 16 15 11 7 1 16 1 16 1 15 10 12 16 15 10 12 16 15 10 12 1 16 1 15 11 12 1 15 10 12 16 15 10 16 1 1 1 1 100 1 100 1 1
staticfield java/lang/SecurityManager packageAccessLock Ljava/lang/Object; java/lang/Object
staticfield java/lang/SecurityManager packageDefinitionLock Ljava/lang/Object; java/lang/Object
staticfield java/lang/SecurityManager nonExportedPkgs Ljava/util/Map; java/util/concurrent/ConcurrentHashMap
ciInstanceKlass java/security/AccessControlContext 1 1 373 9 7 12 1 1 1 9 12 1 1 10 100 12 1 1 1 8 1 10 100 12 1 1 1 10 7 12 1 1 1 9 12 1 9 12 1 1 9 12 1 1 10 7 12 1 1 100 1 10 12 1 11 100 12 1 1 1 11 12 1 11 12 1 11 12 1 1 7 1 11 12 1 1 10 12 1 10 7 12 1 1 1 9 100 12 1 1 1 10 100 12 1 1 1 11 100 12 1 1 1 10 7 1 100 1 8 1 10 12 1 10 12 1 1 7 1 10 7 12 1 1 1 9 12 1 9 12 1 9 12 1 9 12 1 1 9 12 1 1 9 12 1 9 12 1 10 7 12 1 1 1 9 12 1 10 12 1 1 10 12 1 1 8 1 10 12 1 1 10 12 1 1 10 100 12 1 1 1 100 1 10 10 12 1 1 10 100 12 1 1 1 10 8 1 10 100 12 1 1 8 1 10 100 12 1 1 8 1 8 1 10 12 1 8 1 10 12 1 8 1 10 12 1 10 12 1 10 12 1 1 8 1 8 1 100 1 10 12 1 10 12 1 1 100 1 10 12 1 8 1 10 12 1 10 12 1 10 8 1 10 12 1 1 10 12 1 1 10 12 1 1 10 12 1 1 10 12 1 10 12 1 10 12 1 10 12 1 1 10 10 10 12 1 1 1 1 1 1 1 1 1 1 1 1 1 1 1 1 1 1 1 1 1 1 1 1 100 1 1 1 1 1 1 1 1 1 1 1 1 1 1 1 1 1 1 1 1 1 1 1 1 1 1 1 1 1 1 1 1 1 1 1 1 1 1 1 1 1 1 1 1 1 1 1 1 1 1 1 1 3 1 1
ciInstanceKlass java/net/URL 1 1 743 10 7 12 1 1 1 10 12 1 10 7 12 1 1 9 12 1 1 9 12 1 10 7 12 1 1 1 10 12 1 1 10 12 1 1 9 12 1 1 10 7 12 1 1 1 8 1 10 12 1 1 100 1 10 10 12 1 1 8 1 10 12 1 1 9 12 1 100 1 8 1 10 12 1 10 12 1 8 1 9 12 1 10 12 1 1 9 12 1 10 12 1 10 12 1 9 12 1 9 12 1 8 1 9 12 1 10 12 1 1 8 1 9 12 1 1 10 12 1 1 10 7 12 1 1 1 8 1 10 12 1 7 1 10 12 1 10 12 1 10 12 1 10 12 1 1 10 12 1 1 8 1 10 12 1 1 10 12 1 8 1 9 12 1 8 1 10 12 1 10 7 12 1 1 1 100 1 10 12 1 10 12 1 1 10 7 12 1 1 1 100 1 8 1 10 10 12 1 8 1 10 12 1 1 10 12 1 10 12 1 10 12 1 10 12 1 10 12 1 8 1 10 12 1 10 10 7 12 1 1 1 10 12 1 9 100 12 1 1 1 10 100 12 1 1 1 9 12 1 1 10 12 1 10 100 12 1 1 1 100 1 100 1 10 12 1 10 12 1 10 12 1 10 12 1 10 12 1 10 12 10 10 10 12 1 100 1 10 12 1 10 12 1 1 8 1 9 100 12 1 1 1 10 100 12 1 1 1 10 12 1 1 9 100 12 1 1 1 10 12 1 1 100 1 10 12 1 10 12 1 10 10 12 1 1 10 12 1 1 10 12 1 10 12 1 10 12 1 10 7 12 1 1 1 10 12 1 1 10 12 1 9 12 1 1 9 12 1 1 100 1 8 1 10 10 12 1 9 12 1 1 10 7 12 1 1 8 1 10 7 12 1 1 8 1 10 12 1 1 10 12 1 8 1 8 1 10 7 12 1 1 1 100 1 10 100 12 1 1 1 10 12 1 10 12 1 7 1 10 9 12 1 1 10 7 12 1 1 8 1 10 12 1 1 7 1 10 10 7 12 1 1 1 8 9 100 12 1 1 1 10 12 1 10 12 1 10 12 1 10 12 1 10 7 12 1 1 11 7 12 1 1 10 12 1 10 12 1 9 12 1 10 12 1 1 10 100 12 1 1 10 100 12 1 1 1 8 10 100 12 1 1 100 1 10 8 8 10 12 1 8 8 8 100 1 10 12 1 9 12 1 1 10 12 1 10 12 1 1 10 12 1 10 12 10 12 1 1 10 12 1 1 10 10 10 12 1 10 12 1 10 12 1 10 12 1 10 12 1 10 10 12 1 100 1 8 1 10 10 10 12 1 1 10 12 1 10 12 1 1 8 1 7 1 10 10 10 7 1 10 12 1 9 7 12 1 1 1 9 12 1 1 7 1 10 10 7 12 1 1 1 100 1 1 1 1 1 5 0 1 1 1 1 1 1 1 1 1 1 1 1 1 1 1 1 1 1 1 1 1 1 1 1 1 1 1 1 1 1 1 1 1 1 1 1 1 1 1 100 1 1 1 1 1 1 1 1 1 1 1 1 1 1 1 1 1 1 1 1 1 1 1 1 1 1 1 1 1 1 1 1 1 1 1 1 1 100 1 1 1 1 1 1 1 1 1 1 1 1 1 1 1 1 100 1 1 1 1 1 1 1 1 1 1 1 1 1 1 1 1 1 1
staticfield java/net/URL defaultFactory Ljava/net/URLStreamHandlerFactory; java/net/URL$DefaultFactory
staticfield java/net/URL streamHandlerLock Ljava/lang/Object; java/lang/Object
staticfield java/net/URL serialPersistentFields [Ljava/io/ObjectStreamField; 7 [Ljava/io/ObjectStreamField;
ciInstanceKlass java/util/jar/Manifest 1 1 336 10 7 12 1 1 1 7 1 10 9 7 12 1 1 1 7 1 10 9 12 1 1 9 12 1 1 10 12 1 10 12 1 1 10 12 1 1 10 12 1 1 10 12 1 1 11 7 1 11 12 1 1 10 12 1 1 10 100 12 1 1 1 100 1 100 1 10 8 1 10 12 1 1 10 12 1 1 10 12 1 10 12 1 11 100 1 10 12 1 10 12 1 1 11 12 1 1 10 12 1 11 12 1 1 11 100 12 1 1 1 11 100 12 1 1 11 12 1 1 100 1 10 12 1 8 1 11 12 1 7 1 10 12 1 1 11 12 1 10 12 1 10 12 1 10 100 12 1 1 1 8 1 10 12 1 1 10 9 7 12 1 1 1 10 12 1 1 10 100 12 1 10 12 1 10 12 1 9 100 12 1 1 1 8 1 10 12 1 8 1 8 1 7 1 10 12 1 10 12 1 10 12 1 1 100 1 8 1 10 12 1 1 8 1 10 10 12 1 1 8 1 10 12 1 1 10 100 12 1 1 1 10 12 1 10 11 12 1 1 10 12 1 10 7 12 1 1 1 10 12 1 1 10 12 1 1 11 10 12 1 11 10 12 1 100 1 1 1 1 1 1 1 1 1 1 1 1 1 1 1 1 1 1 1 1 1 1 1 1 1 1 1 1 1 1 1 1 1 1 1 1 1 1 1 1 1 1 1 100 1 1 1 1 1 1 1 1 1 1 1 1 1 1 100 1 1 1 1 1 1 1 1 1 1 1
ciInstanceKlass java/lang/Iterable 1 1 62 10 7 12 1 1 1 11 7 12 1 1 1 11 7 12 1 1 1 11 12 1 1 11 7 12 1 1 1 10 7 12 1 1 1 100 1 1 1 1 1 1 1 1 1 1 1 1 1 1 1 1 1 1 1 1 1 1 1 1 1 1
instanceKlass java/util/concurrent/ConcurrentSkipListMap
instanceKlass org/apache/maven/project/DefaultProjectBuilder$1
instanceKlass java/util/Collections$SingletonMap
instanceKlass org/eclipse/sisu/wire/EntryMapAdapter
instanceKlass com/google/common/collect/Maps$ViewCachingAbstractMap
instanceKlass com/google/common/collect/MapMakerInternalMap
instanceKlass org/eclipse/sisu/wire/MergedProperties
instanceKlass com/google/common/cache/LocalCache
instanceKlass java/util/EnumMap
instanceKlass java/util/TreeMap
instanceKlass java/util/IdentityHashMap
instanceKlass java/util/WeakHashMap
instanceKlass java/util/Collections$EmptyMap
instanceKlass sun/util/PreHashedMap
instanceKlass java/util/HashMap
instanceKlass java/util/ImmutableCollections$AbstractImmutableMap
instanceKlass java/util/concurrent/ConcurrentHashMap
ciInstanceKlass java/util/AbstractMap 1 1 192 10 7 12 1 1 1 10 7 12 1 1 1 11 7 12 1 1 1 10 11 12 1 1 11 7 12 1 1 1 11 12 1 1 7 1 11 12 1 10 12 1 1 11 12 1 100 1 10 11 12 1 11 7 1 10 12 1 1 11 12 1 9 12 1 1 7 1 10 12 1 9 12 1 1 7 1 10 11 11 12 1 1 11 12 1 100 1 100 1 11 12 1 8 1 100 1 10 10 12 1 1 8 1 10 12 1 10 12 1 1 10 12 1 1 1 1 1 1 1 1 1 1 1 1 1 1 1 1 1 1 1 1 1 1 1 1 1 1 1 1 1 1 1 1 1 1 1 1 1 1 1 1 100 1 1 1 1 1 1 1 1 1 1 1 1 1 1 1 1 7 1 1 1 1 1 1 1 1 1 100 1 100 1 100 1 100 1 1 1 1 1
instanceKlass com/sun/tools/javac/model/FilteredMemberList
instanceKlass org/apache/maven/project/MavenProject$LoggingList
instanceKlass org/eclipse/aether/util/graph/visitor/Stack
instanceKlass org/apache/maven/model/merge/ModelMerger$MergingList
instanceKlass java/util/ArrayList$SubList
instanceKlass sun/security/jca/ProviderList$3
instanceKlass java/util/Collections$SingletonList
instanceKlass com/google/common/collect/Lists$TransformingRandomAccessList
instanceKlass com/google/common/collect/Lists$Partition
instanceKlass java/util/AbstractSequentialList
instanceKlass java/util/Vector
instanceKlass java/util/Arrays$ArrayList
instanceKlass java/util/Collections$EmptyList
instanceKlass java/util/ArrayList
ciInstanceKlass java/util/AbstractList 1 1 218 10 7 12 1 1 1 9 7 12 1 1 1 10 12 1 1 10 12 1 1 100 1 10 10 12 1 1 11 100 12 1 1 1 11 12 1 1 11 12 1 10 7 12 1 1 1 10 12 1 11 12 1 11 12 1 11 12 1 10 12 1 1 10 12 1 1 11 100 12 1 1 1 11 7 1 11 7 1 10 12 1 7 1 10 12 1 10 12 1 1 100 1 100 1 10 12 1 100 1 10 100 1 100 1 10 8 1 10 12 1 1 10 12 1 10 12 1 1 10 12 1 8 1 100 1 8 1 8 1 8 1 10 100 1 11 10 10 12 1 11 12 1 10 12 1 1 8 1 8 1 1 1 1 1 1 1 1 1 1 1 1 1 1 1 1 1 1 1 1 1 1 1 1 1 1 1 1 1 1 1 1 1 1 1 1 1 1 1 1 1 1 1 1 1 1 1 1 1 1 1 1 1 1 1 1 1 1 100 1 100 1 1 1 1 1 1 1
ciInstanceKlass java/lang/AssertionStatusDirectives 0 0 24 10 100 12 1 1 1 100 1 1 1 1 1 1 1 1 1 1 1 1 1 1 1 1
ciInstanceKlass java/lang/invoke/MethodHandleNatives$CallSiteContext 1 1 49 10 7 12 1 1 1 7 1 10 10 7 12 1 1 1 10 7 12 1 1 1 10 7 12 1 1 1 100 1 1 1 1 1 1 1 1 1 1 1 1 1 1 1 1 1 100 1 1
ciInstanceKlass jdk/internal/invoke/NativeEntryPoint 0 0 92 10 100 12 1 1 1 9 100 12 1 1 1 10 100 12 1 1 1 100 1 9 12 1 9 12 1 9 12 1 1 9 12 1 1 9 12 1 1 100 1 8 1 10 12 1 11 100 12 1 1 1 10 12 1 1 10 12 1 11 100 12 1 1 11 12 1 10 12 1 1 10 12 1 1 1 1 1 1 1 1 1 1 1 1 1 1 1 1 1 1 1
instanceKlass java/lang/invoke/VolatileCallSite
instanceKlass java/lang/invoke/MutableCallSite
instanceKlass java/lang/invoke/ConstantCallSite
ciInstanceKlass java/lang/invoke/CallSite 1 1 302 10 7 12 1 1 1 10 7 12 1 1 1 9 7 12 1 1 1 10 12 1 1 9 12 1 1 10 7 12 1 1 1 10 12 1 100 1 10 12 1 1 10 12 1 1 9 100 12 1 1 1 10 100 12 1 1 10 12 1 1 100 1 100 1 10 10 100 12 1 1 1 10 12 1 1 8 1 10 12 1 10 12 1 1 10 12 1 10 12 1 1 10 12 1 1 10 10 100 12 1 1 10 12 1 1 9 12 1 9 100 12 1 1 1 8 1 10 7 12 1 1 1 10 12 1 1 100 1 10 12 1 1 9 12 1 8 1 100 1 10 12 1 10 12 1 100 1 8 1 10 10 12 1 10 12 1 1 100 1 10 12 1 1 10 12 1 10 12 1 10 12 1 1 10 12 1 1 9 12 1 1 8 10 12 1 1 9 12 1 1 100 1 10 10 12 1 10 100 12 1 1 1 10 12 1 1 10 12 1 1 10 12 1 10 7 12 1 1 1 100 1 8 1 10 10 12 10 12 1 1 100 1 100 1 100 1 8 1 10 12 1 10 7 12 1 1 1 1 1 1 1 1 1 1 1 1 1 1 1 1 1 1 1 1 1 1 1 1 1 1 1 1 1 1 1 1 1 1 1 1 1 1 1 1 1 1 1 1 1 1 1 1 1 1 1 1 1 1 1 1 1
staticfield java/lang/invoke/CallSite $assertionsDisabled Z 1
ciInstanceKlass java/lang/invoke/VolatileCallSite 0 0 37 10 100 12 1 1 1 10 12 1 10 100 12 1 1 1 10 12 1 10 12 1 1 1 1 1 1 1 1 1 1 1 1 1 1 1 1
ciInstanceKlass java/lang/invoke/MethodType 1 1 771 7 1 10 7 12 1 1 1 9 12 1 1 9 12 1 1 9 12 1 1 10 7 12 1 1 1 9 7 12 1 1 8 1 10 100 12 1 1 1 9 7 1 9 7 1 10 12 1 1 100 1 10 8 1 10 12 1 1 10 12 1 10 12 1 1 100 1 8 1 10 12 1 100 1 10 10 12 1 10 12 1 1 10 12 1 1 11 7 12 1 1 1 9 12 1 11 12 1 1 7 7 1 10 7 12 1 1 1 10 12 1 9 12 1 1 10 7 12 1 1 10 12 1 1 10 7 12 1 1 1 10 7 12 1 1 1 10 12 1 9 12 1 1 10 12 1 1 100 1 10 12 1 1 10 12 1 1 10 12 1 1 10 12 1 1 10 12 1 1 10 12 1 10 12 1 10 12 1 1 10 12 1 8 1 8 1 10 12 1 1 9 12 1 1 100 1 10 10 12 1 1 10 12 1 10 12 1 1 10 12 1 1 10 12 1 10 12 1 1 10 12 1 8 1 10 12 1 1 10 100 12 1 1 1 10 12 1 10 12 1 1 10 12 1 10 12 1 10 12 1 1 10 12 1 10 12 1 9 12 1 10 12 1 10 10 12 1 1 10 12 1 9 12 1 1 10 12 1 1 10 12 1 1 10 12 1 1 10 12 1 1 7 1 10 12 10 12 1 10 12 1 100 1 8 1 8 1 8 1 10 12 1 10 12 1 10 12 1 10 11 12 1 1 11 12 1 10 100 12 1 1 1 9 12 1 10 12 1 10 12 1 1 10 12 1 1 10 12 1 10 12 1 10 100 12 1 1 1 10 12 1 1 10 12 1 10 12 1 10 12 1 10 9 12 1 1 7 1 10 12 1 10 12 1 1 9 100 12 1 1 1 10 100 12 1 1 1 10 100 12 1 1 1 10 12 1 1 10 100 12 1 1 1 10 12 1 1 8 1 10 7 12 1 1 1 11 12 1 1 9 12 1 1 10 12 1 1 10 12 1 10 12 1 1 10 12 1 1 10 100 12 1 1 100 1 10 12 1 1 11 100 12 1 1 1 18 12 1 1 11 12 1 1 18 12 1 11 12 1 100 1 11 100 12 1 1 10 12 1 100 1 10 12 1 10 100 12 1 1 10 12 1 1 9 12 1 1 9 100 12 1 1 1 10 100 12 1 1 1 9 12 1 10 100 12 1 1 10 12 1 100 10 12 1 1 10 12 1 10 7 1 7 1 9 12 1 1 100 1 100 1 100 1 1 1 5 0 1 1 1 1 1 1 1 3 1 3 1 3 1 1 1 1 1 1 1 1 1 1 1 1 1 1 1 1 1 1 1 1 1 1 1 1 1 1 1 1 1 1 1 1 1 1 1 1 1 1 1 1 1 1 1 1 1 1 1 1 1 1 1 1 1 1 1 1 1 1 1 1 1 1 1 1 1 1 1 1 1 1 1 1 1 1 1 1 1 1 1 1 1 1 1 1 1 1 1 1 1 1 1 1 1 1 1 1 1 1 1 1 1 1 1 1 1 1 1 1 1 1 1 1 1 1 1 1 1 1 1 1 1 1 1 1 1 1 1 100 1 100 1 1 1 1 1 1 1 1 1 1 1 1 1 100 1 1 1 100 1 1 1 1 1 1 1 1 1 1 1 1 1 1 1 1 1 1 1 1 1 15 10 100 12 1 1 1 16 15 10 12 16 16 15 10 12 16 1 1 1 1 100 1 1 100 1 1 100 1 100 1 1
staticfield java/lang/invoke/MethodType internTable Ljava/lang/invoke/MethodType$ConcurrentWeakInternSet; java/lang/invoke/MethodType$ConcurrentWeakInternSet
staticfield java/lang/invoke/MethodType NO_PTYPES [Ljava/lang/Class; 0 [Ljava/lang/Class;
staticfield java/lang/invoke/MethodType objectOnlyTypes [Ljava/lang/invoke/MethodType; 20 [Ljava/lang/invoke/MethodType;
staticfield java/lang/invoke/MethodType METHOD_HANDLE_ARRAY [Ljava/lang/Class; 1 [Ljava/lang/Class;
staticfield java/lang/invoke/MethodType serialPersistentFields [Ljava/io/ObjectStreamField; 0 [Ljava/io/ObjectStreamField;
staticfield java/lang/invoke/MethodType $assertionsDisabled Z 1
ciInstanceKlass java/lang/BootstrapMethodError 0 0 45 10 100 12 1 1 1 10 12 1 10 12 1 10 100 12 1 1 1 10 100 12 1 1 1 1 1 1 5 0 1 1 1 1 1 1 1 1 1 1 1 100 1 1 1
instanceKlass com/sun/tools/javac/tree/TreeInfo$PatternPrimaryType
ciInstanceKlass java/lang/Record 1 1 22 10 7 12 1 1 1 100 1 1 1 1 1 1 1 1 1 1 1 1 1 1
ciInstanceKlass java/lang/ClassNotFoundException 1 1 96 7 1 10 7 12 1 1 1 10 12 1 10 12 1 1 10 100 12 1 1 1 8 1 10 100 12 1 1 1 10 7 12 1 1 10 100 12 1 1 1 10 100 12 1 1 1 10 12 1 1 7 1 10 12 1 9 12 1 1 1 1 1 5 0 1 1 1 1 1 1 1 1 1 1 1 1 1 1 1 1 1 1 100 1 1 1 1 1 1 1 1 1 1 1 1
staticfield java/lang/ClassNotFoundException serialPersistentFields [Ljava/io/ObjectStreamField; 1 [Ljava/io/ObjectStreamField;
ciInstanceKlass jdk/internal/loader/ClassLoaders$AppClassLoader 1 1 119 8 1 10 7 12 1 1 1 10 7 12 1 1 1 10 100 12 1 1 1 10 12 1 1 10 100 12 1 1 1 10 12 1 1 10 12 1 1 7 1 8 1 10 12 10 7 12 1 1 1 10 7 12 1 1 10 12 1 1 10 12 1 1 10 7 12 1 1 1 100 1 10 12 1 1 1 1 1 1 1 1 1 1 1 1 1 1 1 1 1 1 1 1 1 100 1 1 1 1 1 1 1 1 1 1 1 1 1 1 1 1 1 1 1 7 1 1 1
ciInstanceKlass jdk/internal/loader/ClassLoaders$PlatformClassLoader 1 1 42 8 1 10 7 12 1 1 1 10 7 12 1 1 1 100 1 10 12 1 100 1 1 1 1 1 1 1 1 1 1 1 1 1 1 100 1 1 1 100 1 1
ciInstanceKlass java/lang/ArithmeticException 1 1 26 10 100 12 1 1 1 10 12 1 100 1 1 1 1 5 0 1 1 1 1 1 1 1 1 1
ciInstanceKlass java/lang/NullPointerException 1 1 52 10 7 12 1 1 1 10 12 1 9 7 12 1 1 1 10 12 1 1 9 12 1 1 10 12 1 1 10 12 1 1 1 1 5 0 1 1 1 1 1 1 1 1 100 1 100 1 100 1 1 1
ciInstanceKlass java/lang/IllegalMonitorStateException 1 1 26 10 100 12 1 1 1 10 12 1 100 1 1 1 1 5 0 1 1 1 1 1 1 1 1 1
ciInstanceKlass java/lang/OutOfMemoryError 1 1 26 10 100 12 1 1 1 10 12 1 100 1 1 1 1 5 0 1 1 1 1 1 1 1 1 1
ciInstanceKlass java/lang/InternalError 0 0 34 10 100 12 1 1 1 10 12 1 10 12 1 10 12 1 100 1 1 1 1 5 0 1 1 1 1 1 1 1 1 1 1 1
ciInstanceKlass java/lang/ClassCastException 1 1 26 10 100 12 1 1 1 10 12 1 100 1 1 1 1 5 0 1 1 1 1 1 1 1 1 1
ciInstanceKlass java/lang/NoClassDefFoundError 1 1 26 10 7 12 1 1 1 10 12 1 100 1 1 1 1 5 0 1 1 1 1 1 1 1 1 1
ciInstanceKlass java/util/function/Predicate 1 1 101 10 7 12 1 1 1 18 12 1 1 18 12 1 18 18 12 1 18 12 1 11 7 12 1 1 10 100 12 1 1 1 11 12 1 1 1 1 1 1 1 1 1 1 1 1 1 1 1 1 1 1 1 1 1 1 1 1 1 1 1 1 1 1 1 1 1 1 1 1 1 15 10 7 12 1 1 1 16 15 11 12 15 11 12 15 11 12 15 10 12 1 15 11 12 1 100 1 100 1 1
ciMethod java/util/function/Predicate test (Ljava/lang/Object;)Z 0 0 1 0 -1
instanceKlass java/nio/IntBuffer
instanceKlass java/nio/CharBuffer
instanceKlass java/nio/LongBuffer
instanceKlass java/nio/ByteBuffer
ciInstanceKlass java/nio/Buffer 1 1 224 100 1 10 7 12 1 1 1 9 7 12 1 1 1 9 12 1 9 12 1 1 9 12 1 9 12 1 1 10 12 1 1 10 12 1 1 10 12 100 1 100 1 10 8 1 10 12 1 1 10 12 1 8 1 8 1 10 12 1 1 10 12 1 8 1 9 12 1 1 100 1 8 1 10 12 1 8 1 8 1 9 12 10 12 1 8 1 8 1 8 1 10 12 1 8 1 8 1 8 1 100 1 10 100 1 10 100 1 10 100 1 10 10 100 12 1 1 1 10 11 100 12 1 1 10 7 12 1 1 1 10 7 12 1 1 1 9 12 1 1 10 7 12 1 1 1 9 12 1 1 7 1 10 10 7 12 1 1 1 1 1 3 1 1 1 1 1 1 1 1 1 1 1 1 1 1 1 1 1 1 100 1 1 1 1 1 1 1 1 1 1 1 1 1 1 1 1 1 1 1 1 1 1 1 1 1 1 1 1 1 1 1 1 1 1 1 1 1 1 1 1 1 1
staticfield java/nio/Buffer UNSAFE Ljdk/internal/misc/Unsafe; jdk/internal/misc/Unsafe
staticfield java/nio/Buffer SCOPED_MEMORY_ACCESS Ljdk/internal/misc/ScopedMemoryAccess; jdk/internal/misc/ScopedMemoryAccess
staticfield java/nio/Buffer $assertionsDisabled Z 1
ciInstanceKlass jdk/internal/misc/UnsafeConstants 1 1 34 10 100 12 1 1 1 9 7 12 1 1 1 9 12 1 9 12 1 1 9 12 1 9 12 1 1 1 1 1 1 1 1 1
staticfield jdk/internal/misc/UnsafeConstants ADDRESS_SIZE0 I 8
staticfield jdk/internal/misc/UnsafeConstants PAGE_SIZE I 4096
staticfield jdk/internal/misc/UnsafeConstants BIG_ENDIAN Z 0
staticfield jdk/internal/misc/UnsafeConstants UNALIGNED_ACCESS Z 1
staticfield jdk/internal/misc/UnsafeConstants DATA_CACHE_LINE_FLUSH_SIZE I 0
instanceKlass java/lang/invoke/DelegatingMethodHandle
instanceKlass java/lang/invoke/BoundMethodHandle
instanceKlass java/lang/invoke/DirectMethodHandle
ciInstanceKlass java/lang/invoke/MethodHandle 1 1 641 100 1 9 7 12 1 1 1 10 7 12 1 1 1 10 7 12 1 1 1 7 1 7 1 10 12 1 1 9 12 1 1 10 12 1 10 12 1 1 10 12 1 1 10 100 12 1 1 1 10 12 1 1 10 12 1 1 11 100 12 1 1 1 10 12 1 1 10 12 1 10 12 1 9 12 1 1 10 12 1 1 100 1 100 1 10 8 1 10 12 1 1 10 12 1 8 1 10 12 1 1 10 12 1 10 7 12 1 1 1 10 12 1 10 12 1 1 10 12 1 1 10 12 1 1 10 12 1 1 10 7 12 1 1 1 10 100 12 1 1 1 7 1 10 12 1 1 10 12 1 1 10 12 1 1 8 1 10 7 12 1 1 1 8 1 10 12 1 1 10 12 1 1 10 12 1 1 10 12 1 8 1 10 12 1 1 8 1 10 12 1 8 1 10 100 12 1 1 1 9 12 1 1 100 1 10 9 100 12 1 1 1 9 100 1 8 1 10 12 1 1 10 12 1 10 12 1 1 10 12 1 10 12 1 1 10 12 1 10 12 1 1 10 12 1 10 12 1 1 10 12 1 1 8 1 10 12 1 1 8 1 10 12 1 10 12 1 1 10 12 1 10 12 1 10 12 1 1 9 100 12 1 1 1 10 12 1 1 11 12 1 10 12 1 10 12 1 1 10 100 12 1 1 1 100 1 11 12 1 10 100 1 11 12 1 100 1 10 12 1 11 12 1 9 100 12 1 1 1 11 12 1 1 11 100 12 1 1 1 10 12 1 1 9 12 1 11 12 1 9 12 1 9 12 1 9 12 1 11 12 1 1 9 12 1 9 12 1 9 12 1 9 12 1 9 12 1 9 12 1 9 12 1 8 1 10 12 1 10 12 1 8 1 10 12 1 10 12 1 10 10 7 12 1 1 10 12 1 1 100 1 8 1 10 12 1 1 10 12 1 1 10 12 1 10 12 1 100 1 10 100 12 1 1 1 10 12 1 9 7 12 1 1 1 10 12 1 1 10 12 1 1 8 1 9 12 1 9 12 1 1 9 12 1 1 10 12 1 7 1 10 12 1 10 12 1 1 9 12 1 1 9 12 1 1 10 7 12 1 1 1 11 7 12 1 1 9 12 1 10 12 1 1 9 12 1 10 12 1 8 10 12 1 1 8 1 1 1 1 1 1 100 1 1 1 1 1 1 1 1 1 1 1 1 1 1 1 1 1 1 1 1 1 1 1 1 1 1 1 1 1 1 1 1 1 1 1 1 1 1 1 1 1 1 1 1 1 1 1 1 1 1 1 1 1 1 1 1 1 1 1 1 1 1 1 1 1 1 1 1 1 100 1 1 1 1 1 1 1 1 1 100 1 1 1 1 1 1 1 1 1 1 1 1 1 1 1 1 1 1 1 1 1 1 1 1 1 1 1 100 1 1 100 1 1 100 1 1 1 1
staticfield java/lang/invoke/MethodHandle FORM_OFFSET J 20
staticfield java/lang/invoke/MethodHandle UPDATE_OFFSET J 13
staticfield java/lang/invoke/MethodHandle $assertionsDisabled Z 1
ciInstanceKlass jdk/internal/reflect/CallerSensitive 0 0 17 100 1 100 1 100 1 1 1 1 1 1 1 1 1 1 1
ciInstanceKlass jdk/internal/reflect/NativeConstructorAccessorImpl 1 1 126 10 7 12 1 1 1 9 7 12 1 1 1 9 12 1 1 10 7 12 1 1 1 10 7 12 1 1 1 10 7 12 1 1 1 9 12 1 9 12 1 1 9 12 1 1 10 7 12 1 1 1 7 1 10 10 12 1 1 10 12 1 10 12 1 10 12 1 1 9 12 1 1 10 7 12 1 1 1 100 1 10 12 1 1 10 12 1 1 8 10 12 1 1 1 1 1 1 1 1 1 1 1 1 1 1 1 1 1 1 1 1 1 1 100 1 100 1 100 1 1 1 1 1 1 1
staticfield jdk/internal/reflect/NativeConstructorAccessorImpl U Ljdk/internal/misc/Unsafe; jdk/internal/misc/Unsafe
staticfield jdk/internal/reflect/NativeConstructorAccessorImpl GENERATED_OFFSET J 16
instanceKlass com/sun/tools/javac/comp/CompileStates
instanceKlass org/apache/maven/artifact/versioning/ManagedVersionMap
instanceKlass java/lang/ProcessEnvironment
instanceKlass java/util/LinkedHashMap
ciInstanceKlass java/util/HashMap 1 1 610 10 7 12 1 1 1 7 1 10 12 1 1 100 1 10 7 12 1 1 1 100 1 11 12 1 1 11 12 1 11 12 1 1 10 7 12 1 1 1 7 1 3 10 7 12 1 1 1 100 1 100 1 10 8 1 10 12 1 1 10 12 1 10 12 1 1 10 12 1 10 7 12 1 1 1 8 1 10 12 1 9 12 1 1 10 12 1 9 12 1 1 4 10 12 1 10 12 1 1 11 7 12 1 1 9 12 1 1 4 10 12 1 1 11 12 1 1 11 7 12 1 1 1 11 7 12 1 1 1 11 12 1 1 7 1 11 12 1 11 12 1 10 12 1 10 12 1 1 9 12 10 12 1 1 9 7 12 1 1 1 9 12 9 12 1 10 12 1 1 9 12 1 7 1 10 12 1 1 10 12 1 1 10 12 1 1 10 12 1 1 10 12 1 1 9 12 1 10 12 1 1 3 10 12 1 1 10 12 1 1 9 12 1 1 9 10 12 1 1 10 12 1 1 10 12 1 1 10 12 1 9 12 1 1 7 1 10 12 1 10 12 1 10 7 12 1 1 1 7 1 9 12 1 1 7 1 10 9 12 7 1 10 100 1 10 11 7 12 1 1 1 100 1 10 11 100 12 1 1 11 100 12 1 1 1 10 12 1 100 1 100 1 10 12 1 10 12 1 10 12 1 10 100 12 1 1 10 12 1 1 10 12 1 1 10 100 12 1 1 1 8 10 100 12 1 1 1 100 1 10 4 10 100 12 1 1 1 4 10 12 1 10 100 12 1 1 1 10 12 1 8 1 4 10 100 12 1 1 1 100 1 11 100 12 1 1 1 10 12 1 10 12 1 10 10 12 1 1 100 1 100 1 1 1 1 5 0 1 3 1 1 1 3 1 3 1 3 1 1 1 1 1 1 1 1 1 1 1 1 1 1 1 1 1 1 1 1 1 1 100 1 1 1 1 1 1 1 1 1 1 1 1 1 1 1 1 1 1 1 1 1 1 1 1 1 1 1 1 1 1 1 1 100 1 1 1 1 1 1 1 1 1 1 1 1 1 1 1 1 1 1 1 1 1 1 1 1 1 1 1 1 1 1 1 1 1 1 1 1 1 1 1 1 1 1 1 1 1 1 1 1 1 1 100 1 1 1 1 1 1 1 1 1 1 1 1 1 1 1 1 1 1 1 1 1 1 1 1 1 1 1 1 1 1 1 1 1 1 1 1 1 1 1 1 1 1 1 1 1 1 1 1 100 1 1 1 1 1 1 1 1 100 1 1 1 1 1 1 1 1 1 1 1 1 1 1 100 1 100 1 100 1 100 1 100 1 100 1 100 1 100 1 1 1 1 1 1 1 1 1 1 1 1 1 1 1 1 1 1
ciMethod java/util/HashMap get (Ljava/lang/Object;)Ljava/lang/Object; 1024 0 28748 0 672
instanceKlass java/lang/invoke/DirectMethodHandle$Special
instanceKlass java/lang/invoke/DirectMethodHandle$Interface
instanceKlass java/lang/invoke/DirectMethodHandle$Accessor
instanceKlass java/lang/invoke/DirectMethodHandle$Constructor
ciInstanceKlass java/lang/invoke/DirectMethodHandle 1 1 940 7 1 7 1 100 1 7 1 7 1 10 7 12 1 1 1 10 7 12 1 1 1 100 1 10 12 1 10 12 1 1 10 7 12 1 1 10 12 1 1 10 12 1 10 12 1 7 1 10 12 1 1 10 12 1 1 10 12 1 10 12 1 1 10 7 12 1 1 1 10 12 1 9 12 1 1 100 1 10 9 12 1 1 9 12 1 10 12 1 10 12 1 10 12 1 1 10 12 1 10 12 1 10 12 1 10 7 12 1 1 1 10 12 1 10 12 1 1 8 1 10 12 1 1 7 1 10 12 1 7 1 10 10 12 1 10 12 1 10 12 1 10 7 12 1 1 1 10 12 1 1 100 1 10 12 1 10 12 1 7 1 10 12 1 10 12 1 1 10 12 1 1 10 12 1 8 10 100 12 1 1 1 10 12 1 10 12 1 10 12 1 1 10 12 1 9 7 12 1 1 1 7 1 10 12 1 10 7 12 1 1 1 10 12 1 10 12 1 1 9 12 1 1 100 1 10 8 1 10 12 1 1 10 12 1 10 12 1 10 10 12 1 10 12 1 10 12 1 10 12 1 10 12 1 1 10 12 1 10 12 1 1 10 12 1 10 12 1 1 10 10 7 12 1 1 1 10 12 1 10 12 1 1 10 12 1 10 12 1 1 8 1 9 7 12 1 1 1 8 1 9 12 1 9 12 1 8 1 9 12 1 9 12 1 8 1 9 12 1 9 12 1 8 1 10 12 1 10 12 1 1 9 12 1 1 7 1 10 12 1 1 100 1 10 7 12 1 1 1 10 12 1 1 10 12 1 10 12 1 1 7 1 10 12 1 1 10 12 1 10 12 1 1 7 1 10 12 1 1 10 7 12 1 1 1 10 12 1 10 12 1 10 12 1 9 12 1 1 10 7 1 9 12 9 12 1 10 7 12 1 1 1 10 12 1 7 1 7 1 7 1 9 12 1 1 10 7 12 1 10 12 1 1 10 12 1 100 1 10 12 1 10 12 1 1 9 100 12 1 1 1 10 12 1 1 100 1 10 100 12 1 1 1 10 12 1 10 12 1 8 1 9 12 1 9 12 1 10 12 1 9 12 1 1 10 100 12 1 1 1 9 12 1 1 9 12 1 1 10 12 1 10 12 1 10 12 1 10 12 1 10 12 1 1 10 12 1 10 7 12 1 1 9 12 1 10 12 1 10 12 1 10 12 1 10 12 1 1 10 12 1 1 9 12 1 1 10 12 1 1 9 7 12 1 1 1 9 12 1 9 12 1 9 12 1 9 12 1 9 12 1 9 12 1 9 12 1 9 12 1 9 12 1 9 12 1 9 12 1 9 12 1 9 12 1 9 12 1 9 12 1 9 12 1 9 12 1 9 12 1 9 12 1 9 12 1 9 12 1 9 12 1 9 12 1 9 12 1 9 12 1 9 12 1 9 12 1 9 12 1 9 12 1 9 12 1 9 12 1 9 12 1 9 12 1 9 12 1 9 12 1 9 12 1 8 1 9 12 1 1 9 12 1 1 10 12 1 10 12 1 1 9 7 1 10 12 1 9 12 1 1 10 12 10 12 1 10 12 1 10 12 1 10 8 1 8 1 8 1 8 1 10 12 1 1 9 12 1 1 10 12 1 10 100 12 1 1 1 8 9 12 1 1 10 12 1 1 8 1 8 8 9 12 1 8 1 8 8 8 8 8 1 8 10 12 1 10 12 1 8 1 8 1 10 12 1 10 12 1 10 12 1 10 12 1 1 7 1 1 1 1 3 1 3 1 3 1 3 1 3 1 3 1 3 1 3 1 3 1 3 1 1 1 1 1 1 1 1 1 1 3 1 3 1 1 1 1 3 1 1 1 1 1 1 1 1 1 1 1 1 1 1 1 1 1 1 1 1 1 1 1 1 1 1 1 1 1 1 1 1 1 1 1 1 1 1 1 1 1 1 1 1 1 1 1 1 1 1 1 1 1 1 1 1 100 1 1 1 1 1 1 1 1 1 1 1 1 100 1 1 1 1 1 1 1 1 1 1 1 1 1 1 1 1 1 1 1 1 1 1 1 1 1 1 1 1 1 1 1 1 1 1 1 1 1 1 1 1 1 1 1 1 1 1 1 1 1 1 1
staticfield java/lang/invoke/DirectMethodHandle IMPL_NAMES Ljava/lang/invoke/MemberName$Factory; java/lang/invoke/MemberName$Factory
staticfield java/lang/invoke/DirectMethodHandle FT_UNCHECKED_REF I 8
staticfield java/lang/invoke/DirectMethodHandle ACCESSOR_FORMS [Ljava/lang/invoke/LambdaForm; 132 [Ljava/lang/invoke/LambdaForm;
staticfield java/lang/invoke/DirectMethodHandle ALL_WRAPPERS [Lsun/invoke/util/Wrapper; 10 [Lsun/invoke/util/Wrapper;
staticfield java/lang/invoke/DirectMethodHandle NFS [Ljava/lang/invoke/LambdaForm$NamedFunction; 12 [Ljava/lang/invoke/LambdaForm$NamedFunction;
staticfield java/lang/invoke/DirectMethodHandle OBJ_OBJ_TYPE Ljava/lang/invoke/MethodType; java/lang/invoke/MethodType
staticfield java/lang/invoke/DirectMethodHandle LONG_OBJ_TYPE Ljava/lang/invoke/MethodType; java/lang/invoke/MethodType
staticfield java/lang/invoke/DirectMethodHandle $assertionsDisabled Z 1
ciInstanceKlass java/lang/invoke/LambdaForm 1 1 1052 100 1 9 7 12 1 1 1 10 7 12 1 1 1 10 7 12 1 1 9 12 1 1 9 12 1 1 10 12 1 1 100 1 10 9 12 1 10 12 1 1 9 12 1 10 7 12 1 1 1 9 12 1 9 12 1 9 12 1 1 9 12 1 10 12 1 1 7 1 10 12 1 10 100 12 1 1 1 10 100 12 1 1 1 10 12 1 10 12 1 1 9 100 12 1 1 1 10 12 1 1 9 12 1 10 12 1 1 10 12 1 10 12 1 1 10 12 1 1 10 100 12 1 1 1 7 1 10 10 12 1 1 8 1 10 12 1 10 12 1 10 12 1 1 7 1 10 7 12 1 1 1 10 12 1 1 10 12 1 10 12 1 1 9 12 1 1 9 12 1 9 12 1 1 10 12 1 9 12 1 10 100 12 1 1 1 10 12 1 1 10 12 1 9 12 1 1 10 100 12 1 1 1 10 12 1 10 12 1 10 12 1 10 12 1 10 12 1 10 12 1 1 10 12 1 10 12 1 1 8 1 10 12 1 10 12 1 8 1 8 1 9 12 1 9 12 1 9 12 1 1 10 12 1 1 10 12 1 9 12 1 10 12 1 1 10 7 12 1 1 1 10 12 1 1 10 12 1 10 12 1 10 12 1 1 9 12 1 10 12 1 8 1 8 1 8 1 8 1 8 1 8 1 8 1 8 1 10 12 1 9 12 1 7 1 10 12 1 1 9 12 1 10 12 1 10 12 1 1 10 12 10 12 1 10 12 1 1 10 12 1 1 10 10 12 1 1 10 12 1 1 7 1 8 1 10 12 1 1 10 12 1 10 12 1 1 10 8 1 10 12 1 1 8 1 8 1 8 1 10 12 1 9 12 1 1 10 12 1 1 10 12 1 1 100 1 10 12 1 1 10 12 1 10 7 12 1 1 1 10 12 1 1 9 12 1 1 8 1 10 100 12 1 1 1 10 7 12 1 1 10 12 10 10 12 1 1 9 12 1 8 10 12 1 1 100 1 10 12 1 1 10 12 1 9 7 12 1 1 9 12 1 1 8 1 10 100 12 1 1 10 12 1 1 100 1 100 1 10 10 12 1 1 10 12 1 1 8 1 8 1 100 1 8 1 10 12 10 12 1 10 12 1 10 12 1 1 8 1 8 1 9 100 12 1 1 1 10 12 1 10 12 1 1 8 1 8 1 8 1 100 1 8 1 100 1 8 1 100 1 8 1 10 12 1 8 1 9 10 7 12 1 1 1 10 12 1 9 12 1 1 10 12 1 10 10 12 1 10 12 1 10 12 1 10 12 1 1 10 12 1 10 12 1 1 10 12 1 1 10 12 1 1 8 1 100 10 12 1 10 12 1 9 12 1 1 10 7 12 1 1 8 1 8 1 100 1 8 1 8 1 8 1 8 1 8 1 8 1 8 1 8 1 10 12 1 1 10 12 1 1 10 12 1 10 12 1 8 1 8 1 8 1 10 12 1 8 1 10 12 1 8 1 8 1 8 1 8 1 8 1 10 12 1 10 12 1 10 12 1 1 10 7 12 1 1 1 10 12 1 10 12 1 10 12 1 10 12 1 10 12 1 10 12 1 10 12 1 9 12 1 1 8 1 10 12 1 1 9 12 1 1 10 12 1 1 9 12 1 9 12 1 1 9 12 1 9 12 1 1 7 1 10 7 12 1 1 1 9 12 1 10 12 1 10 12 1 8 1 10 12 1 9 12 1 1 7 1 10 7 12 1 1 1 8 1 100 1 10 12 1 9 12 1 9 12 1 10 12 1 10 12 1 10 7 12 1 1 1 10 12 1 9 7 12 1 1 10 12 1 1 10 12 1 10 12 1 9 12 10 12 1 10 10 12 1 9 9 12 1 7 9 12 1 1 10 12 1 1 9 12 1 10 12 1 10 7 1 9 1 1 1 1 3 1 3 1 3 1 1 1 1 1 1 1 1 1 1 1 1 1 1 1 1 1 1 1 1 1 1 1 1 1 1 1 1 1 1 1 1 1 1 1 1 1 1 1 1 1 1 1 1 1 1 1 1 1 1 1 1 1 1 1 1 100 1 1 1 1 1 1 1 1 1 1 1 1 1 1 1 1 1 1 1 1 1 1 1 1 1 1 1 1 1 1 1 1 1 1 1 1 1 1 1 1 1 1 1 1 1 1 1 1 1 1 1 1 1 1 1 1 1 1 1 100 1 1 1 1 1 1 1 1 1 1 1 1 1 1 1 1 1 1 1 1 1 1 1 1 1 1 1 1 1 1 1 1 1 1 100 1 1 1 1 1 1 1 1 1 1 1 1 1 1 1 1 1 1 1 1 1 1 100 1 1 1 100 1 1 100 1 1 1 1 1 1 1 1 1 1 1
staticfield java/lang/invoke/LambdaForm COMPILE_THRESHOLD I 0
staticfield java/lang/invoke/LambdaForm INTERNED_ARGUMENTS [[Ljava/lang/invoke/LambdaForm$Name; 5 [[Ljava/lang/invoke/LambdaForm$Name;
staticfield java/lang/invoke/LambdaForm IMPL_NAMES Ljava/lang/invoke/MemberName$Factory; java/lang/invoke/MemberName$Factory
staticfield java/lang/invoke/LambdaForm LF_identity [Ljava/lang/invoke/LambdaForm; 6 [Ljava/lang/invoke/LambdaForm;
staticfield java/lang/invoke/LambdaForm LF_zero [Ljava/lang/invoke/LambdaForm; 6 [Ljava/lang/invoke/LambdaForm;
staticfield java/lang/invoke/LambdaForm NF_identity [Ljava/lang/invoke/LambdaForm$NamedFunction; 6 [Ljava/lang/invoke/LambdaForm$NamedFunction;
staticfield java/lang/invoke/LambdaForm NF_zero [Ljava/lang/invoke/LambdaForm$NamedFunction; 6 [Ljava/lang/invoke/LambdaForm$NamedFunction;
staticfield java/lang/invoke/LambdaForm createFormsLock Ljava/lang/Object; java/lang/Object
staticfield java/lang/invoke/LambdaForm DEBUG_NAME_COUNTERS Ljava/util/HashMap; null
staticfield java/lang/invoke/LambdaForm DEBUG_NAMES Ljava/util/HashMap; null
staticfield java/lang/invoke/LambdaForm TRACE_INTERPRETER Z 0
staticfield java/lang/invoke/LambdaForm $assertionsDisabled Z 1
ciInstanceKlass java/lang/invoke/MethodHandleNatives 1 1 684 100 1 10 7 12 1 1 1 9 7 12 1 1 1 10 12 1 1 100 1 10 10 12 1 1 10 12 1 10 12 1 8 1 8 1 8 1 8 1 8 1 8 1 8 1 8 1 8 1 8 1 10 12 1 1 7 1 10 7 12 1 1 1 10 100 12 1 1 1 7 1 10 10 12 1 1 8 1 10 12 1 8 1 10 12 1 1 8 1 10 12 1 1 9 100 12 1 1 1 8 1 10 100 12 1 1 1 100 1 10 12 100 1 100 1 8 1 7 1 10 10 12 1 7 1 9 7 12 1 1 10 12 1 1 10 12 1 10 7 12 1 1 1 7 1 10 12 1 1 10 7 12 1 1 1 10 12 1 10 12 1 1 10 12 1 1 9 12 1 8 1 10 12 1 8 1 10 12 1 8 1 8 1 8 1 100 1 10 12 1 8 1 10 12 1 1 10 12 1 10 100 12 1 1 1 100 1 8 1 10 100 12 1 1 1 7 1 8 1 10 12 1 8 1 8 1 8 1 8 1 8 1 10 12 1 1 10 12 1 1 10 12 1 10 12 1 1 10 12 1 1 7 1 10 12 1 100 1 100 1 10 12 1 10 12 1 8 1 8 1 10 10 12 1 1 10 12 1 1 8 1 10 100 12 1 1 1 8 1 8 1 10 12 1 1 10 7 12 1 1 1 100 1 10 12 1 1 7 1 9 12 1 1 10 7 12 1 1 1 10 10 12 1 9 12 1 10 12 1 1 9 12 1 9 12 1 10 12 1 1 10 12 1 10 12 1 1 7 1 7 1 10 12 1 1 10 12 1 10 12 1 1 10 7 12 1 1 1 10 12 1 8 1 10 12 1 10 12 1 10 12 1 1 10 12 1 10 7 12 1 1 1 10 12 1 1 100 1 8 1 10 9 7 12 1 1 1 10 12 1 1 10 12 1 1 100 1 10 12 1 1 10 12 1 1 100 1 100 1 10 10 100 1 100 1 10 100 1 10 10 12 1 1 10 100 1 10 12 1 10 12 1 10 12 1 1 10 12 1 1 10 12 1 1 10 12 1 10 12 1 1 10 8 1 100 1 10 12 1 10 12 1 10 12 1 10 12 1 10 12 1 1 10 12 1 9 12 1 1 10 7 12 1 1 1 9 12 1 1 11 7 12 1 1 1 10 12 1 10 12 1 10 10 12 1 10 7 12 1 1 1 1 1 1 1 1 1 1 1 1 1 1 1 100 1 1 1 1 1 1 1 1 1 1 1 1 1 1 1 1 1 1 1 1 1 1 1 1 1 1 1 1 1 1 1 1 1 1 1 1 1 1 1 1 1 1 1 1 1 1 1 1 1 1 1 1 1 1 1 1 1 1 1 1 1 1 1 1 1 1 1 1 1 1 1 1 1 1 1 1 1 1 1 1 1 1 1 1 1 1 1 1 1 1 1 1 1 1 1 1 1 1 100 1 1 1 1 1 1 1 1 1 1 1 1 1 1 1 1 1 1 1 1 1 1 1 1 1 1 1 1 100 1 1 1 1 1 1 1 100 1 1 1
staticfield java/lang/invoke/MethodHandleNatives JLA Ljdk/internal/access/JavaLangAccess; java/lang/System$2
staticfield java/lang/invoke/MethodHandleNatives $assertionsDisabled Z 1
ciInstanceKlass jdk/internal/reflect/ConstantPool 1 1 142 10 100 12 1 1 1 9 7 12 1 1 1 10 12 1 1 10 12 1 1 10 12 1 10 12 1 1 10 12 1 1 10 12 1 10 12 1 1 10 12 1 10 12 1 1 10 12 1 10 12 1 10 12 1 10 12 1 1 10 12 1 1 10 12 1 1 10 12 1 1 10 12 1 10 12 1 1 10 100 12 1 1 1 8 11 7 12 1 1 1 10 7 12 1 1 1 1 1 1 1 1 1 1 1 1 1 1 1 1 1 1 1 1 1 1 1 1 1 1 1 1 1 1 1 1 1 1 1 1 1 1 1 1 1 1 1 1 1 1 1 1
instanceKlass jdk/internal/reflect/UnsafeQualifiedStaticFieldAccessorImpl
ciInstanceKlass jdk/internal/reflect/UnsafeStaticFieldAccessorImpl 1 1 47 10 7 12 1 1 1 9 7 12 1 1 1 10 7 12 1 1 1 9 12 1 1 8 11 7 12 1 1 1 10 7 12 1 1 1 1 1 1 1 1 1 1 1 1 1 1
instanceKlass jdk/internal/reflect/UnsafeFieldAccessorImpl
ciInstanceKlass jdk/internal/reflect/FieldAccessorImpl 1 1 59 10 7 12 1 1 1 100 1 100 1 1 1 1 1 1 1 1 1 100 1 1 1 1 1 1 1 1 1 1 1 1 1 1 1 1 1 1 1 100 1 1 1 1 1 1 1 1 1 1 1 1 1 1 1 1 1 1 1
instanceKlass jdk/internal/reflect/UnsafeQualifiedFieldAccessorImpl
instanceKlass jdk/internal/reflect/UnsafeIntegerFieldAccessorImpl
instanceKlass jdk/internal/reflect/UnsafeBooleanFieldAccessorImpl
instanceKlass jdk/internal/reflect/UnsafeObjectFieldAccessorImpl
instanceKlass jdk/internal/reflect/UnsafeStaticFieldAccessorImpl
ciInstanceKlass jdk/internal/reflect/UnsafeFieldAccessorImpl 1 1 254 10 7 12 1 1 1 9 7 12 1 1 1 10 7 12 1 1 1 10 7 12 1 1 1 9 12 1 1 10 7 12 1 1 1 9 12 1 1 10 12 1 10 12 1 9 12 1 10 12 1 1 10 7 12 1 1 10 7 12 1 1 1 10 12 1 1 100 1 10 10 12 1 1 10 12 1 1 8 1 10 10 12 1 100 1 8 1 10 12 1 8 1 10 12 1 8 1 10 12 1 100 1 10 12 1 1 10 8 1 10 12 1 1 8 1 10 100 12 1 1 8 1 10 100 12 1 1 8 1 10 100 12 1 1 8 1 10 100 12 1 1 8 1 10 100 12 1 1 8 1 10 100 12 1 1 8 1 10 100 12 1 1 8 1 10 100 12 1 1 10 12 1 1 8 1 8 1 8 1 8 1 8 1 8 1 10 100 12 1 1 1 8 1 8 1 8 1 10 12 10 12 1 1 1 1 1 1 1 1 1 1 1 1 1 1 1 1 1 1 1 1 1 1 1 1 1 1 1 1 1 1 1 1 1 1 1 1 1 1 1 1 1 1 1 1 1 1 1 1 1 1 1 1
staticfield jdk/internal/reflect/UnsafeFieldAccessorImpl unsafe Ljdk/internal/misc/Unsafe; jdk/internal/misc/Unsafe
ciInstanceKlass java/lang/invoke/ConstantCallSite 1 1 65 10 7 12 1 1 1 9 7 12 1 1 1 9 12 1 1 10 7 12 1 1 1 10 12 1 100 1 10 12 9 12 1 1 100 1 10 10 12 1 1 10 12 1 1 1 1 1 1 1 1 1 1 1 1 1 100 1 1 1 1 1 1 1 1
staticfield java/lang/invoke/ConstantCallSite UNSAFE Ljdk/internal/misc/Unsafe; jdk/internal/misc/Unsafe
ciInstanceKlass java/lang/invoke/MutableCallSite 0 0 63 10 100 12 1 1 1 10 12 1 9 100 12 1 1 1 10 12 1 10 12 1 1 9 12 1 1 10 100 12 1 1 1 10 100 12 1 1 1 10 12 1 1 1 1 1 1 1 1 1 1 1 1 1 1 1 1 1 1 100 1 1 1
instanceKlass java/lang/invoke/VarHandleInts$FieldStaticReadOnly
instanceKlass java/lang/invoke/VarHandleLongs$FieldInstanceReadOnly
instanceKlass java/lang/invoke/VarHandleInts$FieldInstanceReadOnly
instanceKlass java/lang/invoke/VarHandleReferences$Array
instanceKlass java/lang/invoke/VarHandleReferences$FieldInstanceReadOnly
ciInstanceKlass java/lang/invoke/VarHandle 1 1 390 10 7 12 1 1 1 10 7 12 1 1 9 12 1 1 9 12 1 1 100 1 10 8 1 10 12 1 1 10 7 12 1 1 1 10 12 1 1 10 100 12 1 1 1 9 100 12 1 1 1 10 12 1 1 10 100 12 1 1 1 10 12 1 1 9 12 1 10 12 1 9 12 1 1 10 100 12 1 1 10 12 1 9 100 12 1 1 1 9 12 1 1 10 12 1 1 100 1 100 1 10 8 1 10 12 1 1 10 12 1 8 1 10 12 1 10 12 1 10 12 1 1 9 100 12 1 1 1 10 12 1 10 12 1 1 10 12 1 10 10 100 12 1 1 1 10 12 1 1 10 12 1 1 10 100 12 1 1 1 10 100 12 1 1 1 10 100 12 1 1 1 9 12 1 1 10 9 12 1 1 10 12 1 10 12 1 10 12 1 1 10 12 1 10 100 12 1 1 1 9 12 1 1 10 12 1 1 9 12 1 10 12 1 10 12 1 10 100 12 1 1 100 1 10 9 7 12 1 1 1 9 12 1 1 10 7 12 1 1 1 10 12 1 10 12 1 10 12 1 10 12 1 10 12 1 10 12 1 1 7 1 10 10 7 12 1 1 1 9 12 1 1 8 10 12 1 1 7 1 10 12 1 1 100 1 1 1 1 1 1 1 1 1 1 1 1 1 1 1 1 1 1 1 1 1 1 1 1 1 1 1 1 1 1 1 1 1 1 1 1 1 1 1 1 1 1 1 1 1 1 1 1 1 1 1 1 1 1 1 1 1 1 1 1 1 1 1 1 1 1 1 1 1 1 1 1 1 1 1 1 1 1 1 1 1 1 1 1 1 1 1 1 1 100 1 100 1 100 1 1 1 1 1 1 1 100 1 1 1
staticfield java/lang/invoke/VarHandle AIOOBE_SUPPLIER Ljava/util/function/BiFunction; jdk/internal/util/Preconditions$1
staticfield java/lang/invoke/VarHandle VFORM_OFFSET J 16
staticfield java/lang/invoke/VarHandle $assertionsDisabled Z 1
ciInstanceKlass java/lang/invoke/MemberName 1 1 757 7 1 7 1 100 1 9 12 1 1 10 7 12 1 1 1 9 12 1 1 10 12 1 1 10 12 1 1 10 12 1 1 10 12 1 10 12 1 1 10 7 12 1 1 1 10 12 1 9 100 12 1 1 10 12 1 100 1 100 1 10 12 1 8 1 10 12 1 1 10 12 1 10 12 1 1 10 12 1 9 12 1 1 8 1 10 100 12 1 1 1 7 1 10 10 12 1 1 100 1 100 1 10 12 1 1 9 12 1 1 100 1 8 1 10 12 1 10 12 1 10 12 1 10 12 1 10 12 1 1 10 12 1 10 12 1 10 12 1 1 10 12 1 1 10 12 1 8 1 8 1 8 1 10 100 12 1 1 1 10 12 1 9 12 1 1 3 10 12 1 10 12 1 10 12 1 10 10 7 12 1 1 1 10 12 1 10 12 1 10 12 1 10 12 1 7 1 8 10 12 1 1 10 12 1 1 8 1 9 100 1 8 9 100 1 10 12 1 1 10 12 1 10 12 1 8 1 10 12 1 1 10 12 1 10 12 1 10 12 1 10 12 1 1 100 1 10 12 1 1 10 12 1 8 1 10 12 1 10 12 1 8 1 10 12 1 1 10 12 1 1 100 1 10 12 1 1 10 12 8 1 8 1 100 1 10 12 1 10 100 12 1 1 1 100 1 10 12 10 12 1 10 12 1 10 12 1 10 12 1 10 10 12 1 10 12 1 10 12 1 3 10 12 1 3 10 12 1 3 3 3 3 3 3 3 100 1 10 12 1 10 7 12 1 1 1 10 12 1 3 9 12 1 10 12 1 1 3 10 12 1 10 10 7 12 1 1 1 10 12 1 1 10 100 1 10 10 12 1 10 12 1 10 12 1 10 10 12 1 1 10 12 1 10 12 1 10 12 1 100 1 10 10 10 12 100 1 10 10 10 12 1 1 10 12 1 1 10 10 12 1 8 10 100 1 10 12 1 10 100 1 10 12 1 10 12 1 10 12 1 10 10 12 1 10 12 1 1 10 12 1 1 10 12 1 10 12 1 10 12 1 100 1 10 12 1 1 100 1 8 1 10 7 1 10 12 1 10 12 10 12 1 1 10 12 1 10 12 1 8 1 8 1 8 1 8 1 10 12 1 10 12 1 10 12 1 1 8 1 8 1 10 12 1 8 1 10 10 12 1 10 12 1 8 1 8 1 10 10 12 1 8 1 10 100 12 1 1 1 8 1 10 12 1 10 12 1 1 10 12 1 8 1 8 1 8 1 8 1 100 1 10 8 1 8 1 8 1 8 1 10 12 1 100 1 100 1 100 1 10 100 1 10 100 1 10 100 12 1 1 1 9 7 12 1 1 1 100 1 100 1 1 1 1 1 1 1 3 1 3 1 3 1 3 1 3 1 3 1 1 1 1 1 1 1 1 3 1 3 1 1 1 1 3 1 1 1 1 1 1 1 1 1 1 1 1 1 1 1 1 1 1 1 1 1 1 1 1 1 1 1 1 1 1 1 1 1 1 1 1 1 1 1 1 1 1 1 1 1 1 1 1 1 1 1 1 1 1 1 1 1 1 1 1 1 1 1 1 1 1 1 1 1 1 1 1 1 1 1 1 1 1 1 1 1 1 1 1 1 1 1 1 1 1 1 1 1 1 1 1 1 1 1 1 1 1 1 1 1 1 100 1 1 1 1 1 1 1 1 1 1 1 1 1 1 1
staticfield java/lang/invoke/MemberName $assertionsDisabled Z 1
ciInstanceKlass java/lang/invoke/ResolvedMethodName 1 1 16 10 100 12 1 1 1 100 1 1 1 1 1 1 1 1
ciInstanceKlass java/lang/StackWalker 0 0 235 9 100 12 1 1 1 10 100 12 1 1 1 100 1 10 100 12 1 1 1 10 12 1 1 11 100 12 1 1 1 10 12 1 1 10 12 1 1 10 12 1 1 100 1 8 1 10 12 1 10 12 1 10 12 1 10 100 12 1 1 9 12 1 1 9 12 1 1 9 12 1 1 9 12 1 1 10 12 1 1 9 12 1 1 10 100 12 1 1 1 11 12 1 1 100 1 8 1 10 10 100 12 1 1 9 12 1 1 10 12 1 1 10 100 12 1 1 1 10 100 12 1 1 1 18 12 1 1 100 1 8 1 10 10 12 1 1 10 100 12 1 1 1 9 100 12 1 1 11 100 12 1 1 1 10 12 1 1 1 1 1 1 1 1 1 1 1 1 1 1 1 1 1 1 1 1 1 1 1 1 1 1 1 1 1 1 1 1 1 1 1 1 1 1 1 1 1 1 1 1 1 1 1 1 1 1 1 100 1 1 15 10 100 12 1 1 1 16 15 10 12 16 1 1 1 1 1 1 1 100 1 100 1 1
ciInstanceKlass java/lang/StackStreamFactory$AbstractStackWalker 1 0 306 100 1 100 1 3 10 100 12 1 1 1 10 100 12 1 1 10 100 12 1 1 1 9 12 1 1 10 12 1 1 9 12 1 1 9 12 1 1 9 12 1 1 9 12 1 9 100 12 1 1 1 10 100 12 1 1 1 10 12 1 1 9 12 1 1 10 100 12 1 1 1 10 12 1 1 9 12 1 1 9 100 12 1 1 1 100 1 10 8 1 10 12 1 1 10 12 1 8 1 10 12 1 1 10 100 12 1 1 1 100 1 8 1 10 12 1 8 1 10 12 9 100 12 1 1 1 10 100 12 1 1 9 12 1 8 1 5 0 8 1 8 1 9 12 1 1 10 12 1 1 10 12 1 1 10 12 1 9 12 1 10 12 1 10 12 1 10 12 1 10 12 1 1 10 12 1 10 12 1 1 8 1 10 12 1 10 12 1 10 12 1 10 12 1 1 8 1 10 12 1 1 10 12 1 1 10 12 1 1 10 12 1 10 12 1 10 100 12 1 1 1 9 12 1 8 1 10 12 1 10 12 1 10 12 1 10 12 1 10 12 1 10 12 1 10 12 1 1 10 12 1 1 10 12 1 1 10 12 1 8 1 1 1 1 1 1 1 1 1 1 1 1 1 1 1 1 1 1 100 1 1 1 1 100 1 1 1 1 1 1 1 1 1 1 1 1 1 1 1 1 1 1 1 1 1
ciInstanceKlass jdk/internal/module/Modules 1 1 504 10 100 12 1 1 1 9 7 12 1 1 1 11 7 12 1 1 1 11 12 1 1 11 12 1 1 11 12 1 1 11 12 1 11 12 1 11 12 1 11 12 1 11 12 1 1 10 100 12 1 1 1 10 100 12 1 1 1 18 12 1 1 10 100 12 1 1 1 100 1 10 100 12 1 1 1 10 100 12 1 1 1 10 100 12 1 1 10 12 1 1 11 12 1 9 12 1 1 11 100 12 1 1 1 10 12 1 1 10 10 12 1 10 9 12 1 1 10 100 12 1 1 10 12 1 1 10 100 12 1 1 100 1 11 100 12 1 1 1 10 100 12 1 1 1 11 100 12 1 1 10 12 1 1 10 100 12 1 1 10 100 12 1 1 1 10 12 1 1 10 12 1 1 11 12 1 1 18 12 1 1 11 100 12 1 1 10 100 12 1 1 1 11 100 12 1 1 1 100 1 11 12 1 1 11 100 12 1 1 1 11 12 1 1 10 12 1 1 10 100 12 1 1 18 12 1 1 11 12 1 1 18 12 1 1 11 12 1 1 10 12 1 18 18 10 12 1 1 9 12 1 1 11 100 12 1 1 1 100 1 10 11 12 1 11 12 1 1 11 12 1 1 10 100 1 10 12 1 1 10 100 12 1 1 10 12 1 1 11 12 10 12 1 1 100 1 10 18 12 1 10 12 1 1 100 1 8 1 10 12 1 10 100 12 1 1 18 12 1 11 11 12 10 12 1 10 10 100 1 18 12 1 10 10 10 7 12 1 1 10 7 12 1 1 1 10 12 1 1 1 1 1 1 1 1 1 1 1 1 1 1 1 1 1 1 1 1 1 1 1 1 1 1 1 1 1 1 1 1 1 100 1 1 1 1 1 1 1 1 1 1 1 1 1 1 1 1 1 1 1 1 1 1 1 1 1 1 1 1 1 1 1 1 1 1 1 100 1 1 1 1 1 1 1 1 1 1 1 1 1 1 1 1 1 1 1 1 1 1 1 15 10 100 12 1 1 1 16 15 10 12 1 16 16 15 10 12 1 16 1 16 1 15 10 12 1 16 1 16 1 15 10 12 16 1 15 10 16 1 15 10 12 16 1 15 10 12 16 15 10 12 16 15 10 12 1 1 1 100 1 100 1 1
staticfield jdk/internal/module/Modules JLA Ljdk/internal/access/JavaLangAccess; java/lang/System$2
staticfield jdk/internal/module/Modules JLMA Ljdk/internal/access/JavaLangModuleAccess; java/lang/module/ModuleDescriptor$1
staticfield jdk/internal/module/Modules $assertionsDisabled Z 1
ciInstanceKlass java/lang/invoke/Invokers$Holder 1 1 99 1 100 1 100 1 1 1 1 1 1 1 7 1 7 1 7 1 1 12 10 1 1 12 10 1 1 12 10 1 1 100 1 1 12 9 1 1 1 12 10 1 1 1 12 10 1 1 12 10 1 1 1 12 10 1 1 100 1 1 12 10 1 1 12 10 1 1 12 10 1 12 10 1 1 12 10 1 1 12 10 1 12 10 1 12 10 12 10 1 1 12 10 1 12 10 1 1 1
ciMethod java/lang/invoke/Invokers$Holder linkToTargetMethod (Ljava/lang/Object;Ljava/lang/Object;Ljava/lang/Object;Ljava/lang/Object;Ljava/lang/Object;)Ljava/lang/Object; 512 0 55455 0 -1
ciInstanceKlass java/lang/invoke/DirectMethodHandle$Constructor 1 1 90 10 7 12 1 1 1 9 7 12 1 1 1 9 12 1 1 9 12 1 1 10 100 12 1 1 1 100 1 10 12 1 9 12 1 9 12 1 10 12 1 10 12 1 1 9 12 1 1 10 12 1 1 10 7 12 1 1 1 1 1 1 1 1 1 1 1 1 1 1 100 1 100 1 1 1 1 1 1 1 1 1 1 1 1 1 1 1 1 1
staticfield java/lang/invoke/DirectMethodHandle$Constructor $assertionsDisabled Z 1
instanceKlass java/util/LinkedHashMap$Entry
ciInstanceKlass java/util/HashMap$Node 1 1 95 10 7 12 1 1 1 9 7 12 1 1 1 9 12 1 1 9 12 1 9 12 1 1 100 1 10 10 12 1 1 8 1 10 12 1 10 12 1 1 10 7 12 1 1 1 100 1 11 12 1 1 10 12 1 1 11 12 1 1 1 1 1 1 1 1 1 1 1 1 1 1 1 1 1 1 1 1 1 1 1 1 1 1 1 1 1 1 100 1 1 1 100 1 1
instanceKlass java/util/HashMap$TreeNode
ciInstanceKlass java/util/LinkedHashMap$Entry 1 1 41 10 7 12 1 1 1 100 1 1 1 1 1 1 1 1 1 1 1 1 1 1 1 1 1 1 1 1 1 1 1 1 1 1 100 1 1 100 1 1 1
ciInstanceKlass java/util/zip/ZipFile$Source$Key 1 1 84 10 7 12 1 1 1 9 7 12 1 1 1 9 12 1 1 10 7 12 1 1 1 9 12 1 1 100 1 5 0 11 7 12 1 1 1 10 7 12 1 1 1 10 7 12 1 1 1 10 12 1 1 11 12 1 1 10 10 1 1 1 1 1 1 1 1 1 1 1 1 1 1 1 1 1 1 100 1 1 100 1 1 1
ciMethod java/lang/invoke/DirectMethodHandle allocateInstance (Ljava/lang/Object;)Ljava/lang/Object; 512 0 354733 0 384
ciMethod java/lang/invoke/DirectMethodHandle constructorMethod (Ljava/lang/Object;)Ljava/lang/Object; 512 0 354733 0 128
ciMethod java/util/HashMap getNode (Ljava/lang/Object;)Ljava/util/HashMap$Node; 1024 18 25889 0 -1
ciMethod java/lang/Iterable iterator ()Ljava/util/Iterator; 0 0 1 0 -1
ciMethod java/util/AbstractCollection <init> ()V 796 0 754731 0 64
ciMethod java/util/Map put (Ljava/lang/Object;Ljava/lang/Object;)Ljava/lang/Object; 0 0 1 0 -1
ciMethod java/util/Map get (Ljava/lang/Object;)Ljava/lang/Object; 0 0 1 0 -1
ciMethod jdk/internal/misc/Unsafe allocateInstance (Ljava/lang/Class;)Ljava/lang/Object; 256 0 128 0 -1
ciMethod java/lang/String length ()I 842 0 1454814 0 96
ciMethod java/lang/String <init> ([CII)V 294 0 15021 0 -1
ciMethod java/lang/String coder ()B 1016 0 1672309 0 64
ciMethod java/lang/Enum compareTo (Ljava/lang/Enum;)I 348 0 8368 0 160
ciMethod java/lang/Enum getDeclaringClass ()Ljava/lang/Class; 118 0 2200 0 -1
ciMethod java/lang/Enum ordinal ()I 302 0 151 0 0
ciMethod java/util/Iterator hasNext ()Z 0 0 1 0 -1
ciMethod java/util/Iterator next ()Ljava/lang/Object; 0 0 1 0 -1
ciMethod java/lang/Object getClass ()Ljava/lang/Class; 256 0 128 0 -1
ciMethod java/lang/Object <init> ()V 1024 0 3428955 0 128
ciInstanceKlass java/util/concurrent/Callable 1 0 17 100 1 100 1 1 1 1 100 1 1 1 1 1 1 1 1
ciInstanceKlass java/lang/AssertionError 0 0 79 10 100 12 1 1 1 10 12 1 10 100 12 1 1 1 10 100 1 100 1 10 12 1 1 10 12 1 10 12 1 10 12 1 10 12 1 10 12 1 10 12 1 10 12 1 1 1 1 5 0 1 1 1 1 1 1 1 1 1 1 100 1 1 1 1 1 1 1 1 1 1 1 1 1 1 1 1 1
ciInstanceKlass java/util/NoSuchElementException 0 0 34 10 100 12 1 1 1 10 12 1 10 12 1 10 12 1 100 1 1 1 1 5 0 1 1 1 1 1 1 1 1 1 1 1
ciInstanceKlass java/lang/invoke/LambdaForm$DMH+0x000001e44a0a8000 1 1 52 1 7 1 100 1 1 1 1 1 1 1 7 1 1 12 10 1 12 10 1 7 1 7 1 1 12 10 1 1 1 1 1 7 1 1 12 10 1 7 1 1 12 11 1 7 12 9 1 1 1 1
staticfield java/lang/invoke/LambdaForm$DMH+0x000001e44a0a8000 _D_0 Ljava/lang/invoke/LambdaForm; java/lang/invoke/LambdaForm
ciInstanceKlass com/sun/tools/javac/util/JCDiagnostic$DiagnosticPosition 1 1 19 100 1 100 1 1 1 1 1 1 1 1 1 1 1 100 1 1 1
ciInstanceKlass com/sun/tools/javac/util/Assert 1 1 82 10 100 12 1 1 1 10 100 12 1 1 1 10 12 1 10 12 1 10 12 1 11 100 12 1 1 1 100 1 10 12 1 10 12 1 10 100 1 1 1 1 1 1 1 1 1 1 1 1 1 1 1 1 1 1 1 1 1 1 1 1 1 1 1 1 1 1 1 1 1 1 1 1 1 1 1 1 1 1 1 1
instanceKlass com/sun/tools/javac/util/List$1
ciInstanceKlass com/sun/tools/javac/util/List 1 1 448 10 7 12 1 1 1 9 7 12 1 1 1 9 12 1 1 9 12 1 10 7 12 1 1 1 10 12 1 1 10 12 1 1 11 7 12 1 1 1 11 12 1 1 10 7 12 1 1 1 10 12 1 1 10 12 1 7 1 10 10 12 1 10 12 1 1 10 12 1 10 12 1 10 12 1 10 12 1 10 12 1 1 11 7 1 10 12 1 1 10 12 1 10 12 1 1 10 12 1 10 12 1 1 10 12 1 10 12 1 10 12 1 1 10 100 12 1 1 10 12 1 10 7 12 1 1 1 100 1 10 12 1 1 8 1 100 1 10 10 12 1 10 12 1 10 12 1 1 8 1 10 12 1 10 12 1 10 12 1 100 1 11 11 7 12 1 1 10 12 1 9 12 1 1 10 12 1 7 1 10 12 1 100 1 10 100 12 1 1 1 10 12 1 8 1 10 12 1 8 1 11 100 1 100 1 10 100 1 10 12 1 10 100 12 1 1 1 11 12 1 1 11 12 1 100 1 10 10 12 1 10 12 1 18 12 1 1 18 12 1 1 18 12 1 18 12 1 7 1 11 7 12 1 1 10 12 1 1 7 1 10 7 1 10 1 1 1 1 1 1 1 1 1 1 1 1 1 1 1 1 1 1 1 1 1 1 1 1 1 1 1 1 1 1 1 1 1 1 1 1 1 1 1 1 1 1 1 1 1 1 1 1 1 1 1 1 1 1 1 1 1 1 1 1 1 1 1 1 1 1 1 1 1 1 1 1 1 1 1 1 1 1 1 1 1 1 1 1 1 1 1 1 1 1 1 1 1 1 1 1 1 1 1 1 1 1 1 1 1 1 1 1 1 1 1 1 1 1 1 1 1 1 1 1 1 1 1 1 1 1 1 1 1 1 1 1 1 1 1 1 1 1 1 1 1 1 1 1 1 1 1 1 1 1 15 10 7 12 1 1 1 16 15 16 1 16 1 15 10 16 1 16 1 15 10 12 16 16 15 16 1 1 100 1 100 1 1
staticfield com/sun/tools/javac/util/List EMPTY_LIST Lcom/sun/tools/javac/util/List; com/sun/tools/javac/util/List$1
staticfield com/sun/tools/javac/util/List EMPTYITERATOR Ljava/util/Iterator; com/sun/tools/javac/util/List$2
ciInstanceKlass com/sun/tools/javac/util/List$1 1 1 36 10 7 12 1 1 1 100 1 10 12 1 100 1 1 1 1 1 1 1 1 1 1 1 1 1 1 1 1 1 1 1 1 1 1 1
ciInstanceKlass com/sun/tools/javac/util/List$3 1 1 60 9 7 12 1 1 1 10 7 12 1 1 1 9 12 1 9 7 12 1 1 100 1 10 9 12 1 1 100 1 10 100 1 1 1 1 1 1 1 1 1 1 1 1 1 1 1 1 1 1 1 1 1 1 1 12 1 1 1 1
ciInstanceKlass com/sun/tools/javac/code/Type$Visitor 1 0 83 100 1 100 1 1 1 1 1 1 1 1 1 1 1 1 1 1 1 1 1 1 1 1 1 1 1 1 1 1 1 1 1 1 1 1 1 1 1 1 1 1 1 1 1 1 100 1 1 1 100 1 1 100 1 1 100 1 1 100 1 1 100 1 1 100 1 1 100 1 1 100 1 1 100 1 1 100 1 1 100 1 1
instanceKlass com/sun/tools/javac/tree/JCTree$JCModifiers
instanceKlass com/sun/tools/javac/tree/JCTree$JCDirective
instanceKlass com/sun/tools/javac/tree/JCTree$JCTypeParameter
instanceKlass com/sun/tools/javac/tree/JCTree$JCCatch
instanceKlass com/sun/tools/javac/tree/JCTree$JCImport
instanceKlass com/sun/tools/javac/tree/JCTree$TypeBoundKind
instanceKlass com/sun/tools/javac/tree/JCTree$JCMethodDecl
instanceKlass com/sun/tools/javac/tree/JCTree$JCModuleDecl
instanceKlass com/sun/tools/javac/tree/JCTree$JCCompilationUnit
instanceKlass com/sun/tools/javac/tree/JCTree$JCPackageDecl
instanceKlass com/sun/tools/javac/tree/JCTree$JCStatement
instanceKlass com/sun/tools/javac/tree/JCTree$JCCaseLabel
ciInstanceKlass com/sun/tools/javac/tree/JCTree 1 1 363 10 7 12 1 1 1 10 7 12 1 1 1 7 1 10 7 1 10 12 1 10 12 1 1 100 1 100 1 10 12 1 10 12 1 1 9 12 1 1 9 12 1 1 10 12 1 1 100 1 100 1 10 12 1 10 7 12 1 1 1 10 12 1 1 100 1 100 1 100 1 1 1 1 1 1 1 1 1 1 1 1 1 1 1 1 1 1 1 1 1 1 1 1 1 1 1 1 1 1 1 1 1 1 1 1 1 1 100 1 100 1 100 1 100 1 100 1 100 1 100 1 100 1 100 1 100 1 100 1 100 1 100 1 100 1 100 1 100 1 100 1 100 1 100 1 100 1 100 1 100 1 100 1 100 1 100 1 100 1 100 1 100 1 100 1 100 1 100 1 100 1 100 1 100 1 100 1 100 1 100 1 100 1 100 1 100 1 100 1 100 1 100 1 100 1 100 1 100 1 100 1 100 1 100 1 100 1 100 1 100 1 100 1 100 1 100 1 100 1 100 1 100 1 100 1 100 1 100 1 100 1 100 1 100 1 100 1 100 1 100 1 100 1 100 1 100 1 100 1 100 1 100 1 100 1 100 1 100 1 100 1 100 1 100 1 100 1 100 1 100 1 100 1 100 1 1 1 100 1 1 1 1 1 1 1 1 1 1 1 1 1 1 1 1 1 1 1 1 1 1 1 1 1 1 1 1 1 1 1 1 1 1 1 1 1 1 1 1 1 1 1 1 1 1 1 1 1 1 1 1 1 1 1 1 1 1 1 1 1 1 1 1 1 1 1 1 1 1 1 1 1 1 1 1 1 1 1 1 1 1 1 1
instanceKlass com/sun/tools/javac/tree/JCTree$JCDefaultCaseLabel
instanceKlass com/sun/tools/javac/tree/JCTree$JCPattern
instanceKlass com/sun/tools/javac/tree/JCTree$JCExpression
ciInstanceKlass com/sun/tools/javac/tree/JCTree$JCCaseLabel 1 1 37 10 7 12 1 1 1 10 100 12 1 1 1 100 1 10 100 12 1 1 1 100 1 1 1 1 1 1 1 1 1 1 1 1 1 1 1
instanceKlass com/sun/tools/javac/tree/JCTree$JCAnnotatedType
instanceKlass com/sun/tools/javac/tree/JCTree$JCErroneous
instanceKlass com/sun/tools/javac/tree/JCTree$JCLiteral
instanceKlass com/sun/tools/javac/tree/JCTree$JCNewArray
instanceKlass com/sun/tools/javac/tree/JCTree$JCTypeCast
instanceKlass com/sun/tools/javac/tree/JCTree$JCPrimitiveTypeTree
instanceKlass com/sun/tools/javac/tree/JCTree$JCTypeUnion
instanceKlass com/sun/tools/javac/tree/JCTree$JCTypeApply
instanceKlass com/sun/tools/javac/tree/JCTree$JCFieldAccess
instanceKlass com/sun/tools/javac/tree/JCTree$JCIdent
instanceKlass com/sun/tools/javac/tree/JCTree$LetExpr
instanceKlass com/sun/tools/javac/tree/JCTree$JCArrayTypeTree
instanceKlass com/sun/tools/javac/tree/JCTree$JCArrayAccess
instanceKlass com/sun/tools/javac/tree/JCTree$JCInstanceOf
instanceKlass com/sun/tools/javac/tree/JCTree$JCOperatorExpression
instanceKlass com/sun/tools/javac/tree/JCTree$JCParens
instanceKlass com/sun/tools/javac/tree/JCTree$JCAssign
instanceKlass com/sun/tools/javac/tree/JCTree$JCPolyExpression
instanceKlass com/sun/tools/javac/tree/JCTree$JCAnnotation
instanceKlass com/sun/tools/javac/tree/JCTree$JCTypeIntersection
instanceKlass com/sun/tools/javac/tree/JCTree$JCWildcard
ciInstanceKlass com/sun/tools/javac/tree/JCTree$JCExpression 1 1 47 10 7 12 1 1 1 10 12 1 1 10 12 1 1 10 100 12 1 1 10 12 1 100 1 1 1 1 1 1 1 1 1 1 1 1 1 1 1 1 1 1 100 1 1 1 1
instanceKlass com/sun/tools/javac/code/Type
instanceKlass com/sun/tools/javac/code/Symbol
ciInstanceKlass com/sun/tools/javac/code/AnnoConstruct 1 1 251 10 7 12 1 1 1 10 100 12 1 1 1 10 100 12 1 1 1 10 100 12 1 1 1 11 100 12 1 1 1 11 12 1 1 100 1 9 12 1 1 9 100 12 1 1 1 10 100 12 1 1 1 10 100 12 1 1 10 100 12 1 1 1 10 100 12 1 1 1 100 1 10 12 1 100 1 100 1 10 8 1 10 12 1 1 10 12 1 10 10 12 1 10 12 1 1 10 12 1 1 10 12 1 1 100 1 10 12 1 1 10 12 1 1 10 12 1 1 10 100 12 1 1 1 10 12 1 1 100 1 10 10 12 1 10 12 1 1 10 12 1 1 100 1 10 12 1 1 100 1 10 11 12 1 1 9 12 1 1 9 12 1 1 9 100 12 1 1 1 9 100 12 1 10 12 1 1 100 1 9 12 1 1 100 1 1 1 1 1 1 1 1 1 1 1 1 1 1 1 1 1 1 1 1 1 1 1 1 1 1 1 1 1 1 1 1 1 1 1 1 1 1 1 100 1 1 1 1 1 1 1 1 100 1 1 1 1 1 1 1 1 1 100 1 1 100 1 1 1 1
instanceKlass com/sun/tools/javac/comp/Resolve$ResolveError
instanceKlass com/sun/tools/javac/main/JavaCompiler$1
instanceKlass com/sun/tools/javac/code/Symbol$VarSymbol
instanceKlass com/sun/tools/javac/code/Symbol$MethodSymbol
instanceKlass com/sun/tools/javac/code/Symbol$TypeSymbol
ciInstanceKlass com/sun/tools/javac/code/Symbol 1 1 673 7 1 9 7 12 1 1 1 9 12 1 1 10 7 12 1 1 1 10 7 12 1 1 10 12 1 10 12 1 10 12 1 1 11 7 12 1 1 1 11 12 1 1 7 1 9 12 1 1 9 7 12 1 1 1 10 12 1 10 12 1 10 12 1 1 10 12 1 1 10 12 1 10 12 1 10 12 1 10 12 1 10 12 1 10 12 1 1 10 12 1 10 12 1 10 12 1 9 12 1 1 11 7 12 1 1 10 12 1 10 12 1 10 12 1 1 10 12 1 10 12 1 1 10 12 1 10 7 12 1 1 9 12 1 1 9 9 12 1 1 9 12 1 9 12 1 9 12 1 1 100 1 8 1 10 12 1 10 11 100 12 1 1 1 10 7 12 1 1 1 10 10 12 1 1 5 0 9 7 12 1 1 9 12 1 10 12 1 1 9 7 12 1 1 1 10 12 1 1 10 7 12 1 1 1 10 12 1 1 10 12 1 9 12 1 1 9 7 12 1 1 1 9 7 12 1 1 10 12 1 10 12 1 1 7 1 10 12 1 10 12 1 10 12 1 10 12 1 10 12 1 5 0 5 0 5 0 5 0 9 7 12 1 1 1 10 12 1 1 10 7 12 1 1 1 5 0 5 0 9 12 1 9 12 1 5 0 5 0 5 0 5 0 5 0 5 0 5 0 9 7 12 1 1 1 10 12 1 1 10 12 1 10 12 1 1 5 0 9 12 7 1 7 1 100 1 10 8 1 10 12 1 10 12 1 10 10 7 12 1 1 1 10 12 1 10 12 1 1 10 12 1 1 8 1 10 7 12 1 1 1 10 12 1 1 10 7 12 1 1 1 11 7 1 10 12 1 1 9 10 12 1 1 10 12 1 10 12 1 1 9 12 1 10 12 1 10 12 1 5 0 10 12 1 11 12 1 10 12 100 1 9 12 1 1 10 100 12 1 1 1 9 12 1 1 10 12 1 10 12 1 1 7 1 10 10 12 1 10 9 12 1 10 12 1 7 1 10 12 1 10 12 1 10 12 1 10 12 1 10 12 1 10 12 1 100 1 100 1 1 1 1 1 1 1 1 1 1 1 1 1 1 1 1 1 1 1 1 1 1 1 1 1 1 1 1 1 1 1 1 1 1 1 1 1 1 1 1 1 1 1 1 1 1 1 1 1 1 1 1 1 1 1 1 1 1 1 1 1 1 1 1 1 1 1 1 1 1 1 1 1 1 1 1 1 1 1 1 1 1 1 1 1 1 1 1 1 1 1 1 1 1 1 1 1 1 1 1 1 1 1 1 1 1 1 1 1 1 1 1 1 1 1 1 1 1 1 1 100 1 100 1 100 1 100 1 100 1 100 1 100 1 100 1 100 1 100 1 100 1 100 1 100 1 100 1 100 1 100 1 100 1 100 1 1 100 1 1 1 1 100 1 1 1 1 1 1 1 1 100 1 1 1 1 1 1 1 1 1 1 1 1 1 1 1 1 1 1 100 1 1 1 1 100 1 8 1 1 12 10 1 1
instanceKlass com/sun/tools/javac/code/Symbol$TypeVariableSymbol
instanceKlass com/sun/tools/javac/code/Symtab$6
instanceKlass com/sun/tools/javac/code/Symbol$ModuleSymbol
instanceKlass com/sun/tools/javac/code/Symbol$PackageSymbol
instanceKlass com/sun/tools/javac/code/Symbol$ClassSymbol
ciInstanceKlass com/sun/tools/javac/code/Symbol$TypeSymbol 1 1 262 100 1 10 7 12 1 1 1 9 12 1 1 9 7 12 1 1 9 7 12 1 1 1 10 12 1 1 9 12 1 9 12 1 1 9 7 12 1 1 1 10 7 12 1 1 1 10 12 1 1 9 7 12 1 1 1 9 7 12 1 1 1 9 7 12 1 1 1 10 12 1 1 10 12 1 9 7 1 10 12 1 1 9 12 1 10 7 12 1 1 1 10 10 12 1 1 10 12 1 1 10 7 12 1 1 1 9 10 12 1 1 10 12 1 1 9 7 12 1 1 1 10 7 12 1 1 1 11 7 12 1 1 1 11 7 12 1 1 1 11 12 1 1 10 10 12 1 1 5 0 9 12 1 1 10 12 1 1 8 1 10 100 12 1 1 1 11 100 12 1 1 1 10 12 1 10 12 1 10 12 1 1 10 12 1 10 12 1 1 1 1 1 1 1 1 1 1 1 1 1 1 1 1 1 1 1 1 1 1 1 1 1 1 1 1 1 1 1 1 1 1 1 1 1 1 1 1 1 1 1 1 1 1 1 1 100 1 1 1 1 1 100 1 1 1 1 100 1 100 1 1 1 100 1 8 1 1 12 10 1 1
instanceKlass com/sun/tools/javac/comp/LambdaToMethod$LambdaAnalyzerPreprocessor$LambdaTranslationContext$1
instanceKlass com/sun/tools/javac/code/Symbol$MethodHandleSymbol
instanceKlass com/sun/tools/javac/code/Symbol$MethodSymbol$1
instanceKlass com/sun/tools/javac/code/Symbol$DynamicMethodSymbol
instanceKlass com/sun/tools/javac/comp/Resolve$15
instanceKlass com/sun/tools/javac/comp/Resolve$12
instanceKlass com/sun/tools/javac/code/Symbol$OperatorSymbol
ciInstanceKlass com/sun/tools/javac/code/Symbol$MethodSymbol 1 1 581 7 1 9 7 12 1 1 1 10 7 12 1 1 1 9 7 12 1 1 1 10 7 12 1 1 1 9 12 1 1 9 12 1 9 12 1 9 12 1 1 9 12 1 1 9 7 12 1 1 1 10 7 12 1 1 1 100 1 10 12 1 10 12 1 1 8 1 10 12 1 10 12 1 1 10 7 12 1 1 1 7 1 9 12 1 1 9 12 1 1 9 10 12 1 10 12 1 1 5 0 5 0 10 12 1 1 5 0 9 12 1 1 9 10 7 1 9 12 1 1 9 7 12 1 1 1 9 7 12 1 1 9 12 1 8 1 100 1 10 12 1 8 1 8 1 5 0 10 12 1 1 8 1 10 12 1 1 100 1 7 1 10 12 1 9 7 1 10 7 12 1 1 1 10 12 1 9 12 1 1 9 12 1 1 10 12 1 1 10 12 1 9 12 1 10 12 1 1 10 7 12 1 1 1 11 7 12 1 1 1 11 7 12 1 1 11 12 1 1 10 12 1 1 10 12 1 1 10 12 1 1 10 12 1 1 10 12 1 9 12 1 10 12 1 1 10 12 1 10 12 1 1 5 0 10 12 1 1 10 12 1 1 10 12 1 1 10 12 1 10 12 1 10 12 1 9 12 1 1 10 12 1 1 5 0 5 0 10 5 0 10 12 1 1 10 10 12 1 1 5 0 9 12 1 1 10 12 1 1 10 12 1 10 12 1 1 10 10 12 1 10 12 1 100 1 10 10 12 1 10 8 1 10 12 1 10 12 1 1 100 1 5 0 10 12 1 10 12 1 10 12 1 10 12 1 1 10 9 7 12 1 1 1 9 12 1 9 12 1 10 12 1 9 12 1 9 12 1 10 12 1 1 10 12 11 7 12 1 1 1 11 100 12 1 1 1 10 12 1 10 12 1 9 12 1 1 10 12 1 10 12 1 1 10 12 1 10 12 1 1 10 12 1 1 10 10 12 1 1 10 10 10 12 1 10 10 12 1 10 5 0 18 12 1 1 100 1 1 1 1 1 1 1 1 1 1 1 1 1 1 1 1 1 100 1 1 1 1 1 1 1 1 1 1 1 1 1 1 1 1 1 1 1 1 1 1 1 1 1 1 1 1 1 1 1 1 1 1 1 1 1 1 1 1 1 1 1 1 1 1 1 1 1 1 1 1 1 1 1 1 1 1 1 1 1 1 1 1 1 1 1 1 1 1 1 1 1 1 1 15 10 7 12 1 1 1 16 1 15 10 12 16 1 100 1 1 1 1 1 1 1 100 1 1 100 1 1 1 1 100 1 1 100 1 1 100 1 100 1 1
staticfield com/sun/tools/javac/code/Symbol$MethodSymbol implementation_filter Ljava/util/function/Predicate; com/sun/tools/javac/code/Symbol$MethodSymbol$$Lambda$285+0x000001e44a2e0d50
instanceKlass lombok/javac/Javac$JCNoType
instanceKlass com/sun/tools/javac/comp/DeferredAttr$DeferredType
instanceKlass com/sun/tools/javac/code/Type$UnknownType
instanceKlass com/sun/tools/javac/code/Type$BottomType
instanceKlass com/sun/tools/javac/code/Type$PackageType
instanceKlass com/sun/tools/javac/code/Type$JCVoidType
instanceKlass com/sun/tools/javac/code/Type$JCPrimitiveType
instanceKlass com/sun/tools/javac/code/Type$MethodType
instanceKlass com/sun/tools/javac/jvm/ClassReader$ProxyType
instanceKlass com/sun/tools/javac/code/Type$JCNoType
instanceKlass com/sun/tools/javac/code/Type$TypeVar
instanceKlass com/sun/tools/javac/code/Type$ModuleType
instanceKlass com/sun/tools/javac/code/Type$DelegatedType
instanceKlass com/sun/tools/javac/code/Type$ArrayType
instanceKlass com/sun/tools/javac/code/Type$ClassType
instanceKlass com/sun/tools/javac/code/Type$WildcardType
ciInstanceKlass com/sun/tools/javac/code/Type 1 1 586 100 1 9 7 12 1 1 1 10 7 12 1 1 1 100 1 8 1 10 12 1 1 7 1 10 12 1 10 12 1 1 7 1 10 12 1 10 7 12 1 1 1 11 7 12 1 1 1 11 12 1 1 10 12 1 1 10 12 1 1 10 12 1 1 11 7 12 1 1 1 10 7 1 10 7 12 1 1 1 9 12 1 1 10 7 12 1 1 10 9 12 1 10 12 1 10 12 1 9 12 1 1 10 12 1 1 7 1 10 12 1 10 12 1 1 10 12 1 1 9 7 12 1 1 1 10 12 1 10 12 1 10 12 1 10 12 1 10 100 12 1 1 1 100 1 10 12 1 9 12 1 1 9 12 1 1 10 12 1 1 10 12 1 1 10 12 1 8 1 10 100 12 1 1 10 12 1 10 12 1 10 12 1 1 10 10 12 1 9 7 12 1 1 1 8 1 10 100 12 1 1 1 9 12 1 1 9 100 12 1 1 1 10 12 1 1 10 12 1 1 10 12 1 10 8 1 10 8 1 10 12 1 10 7 1 10 12 1 10 12 1 1 10 10 12 1 10 10 12 1 9 12 1 100 1 9 12 1 1 8 1 10 12 1 10 12 1 1 5 0 5 0 10 12 1 1 10 12 1 10 12 1 1 11 7 12 1 1 9 100 12 1 1 1 7 1 10 9 12 1 1 7 1 10 9 12 1 7 1 10 9 12 1 7 1 10 100 1 100 1 1 1 1 1 1 1 1 1 1 1 100 1 1 1 1 1 1 1 1 1 1 1 1 1 1 1 1 1 1 1 1 1 1 1 1 1 1 1 1 1 1 1 1 1 1 1 1 1 1 1 1 1 1 1 1 1 1 1 1 1 1 1 1 1 1 1 1 1 1 1 1 1 1 1 1 1 1 1 1 1 1 1 1 1 1 1 1 1 1 1 1 1 1 1 1 1 1 1 1 1 1 1 1 1 1 1 1 1 1 1 1 1 1 1 1 1 1 1 1 1 1 1 1 1 1 1 1 1 1 1 1 1 1 1 1 1 1 1 1 1 1 100 1 100 1 100 1 100 1 100 1 100 1 100 1 100 1 100 1 100 1 100 1 100 1 100 1 100 1 100 1 100 1 100 1 100 1 100 1 100 1 100 1 100 1 100 1 100 1 100 1 100 1 100 1 100 1 100 1 100 1 100 1 100 1 100 1 100 1 100 1 100 1 100 1 100 1 100 1 100 1 100 1 100 1 1 1 1 100 1 1 1 100 1 1 1 1 1 1 1 1 1 1 1 1 1 1 1 1 1 1 1 1 1 1 1 1 1 100 1 100 1 1 1 1
staticfield com/sun/tools/javac/code/Type noType Lcom/sun/tools/javac/code/Type$JCNoType; com/sun/tools/javac/code/Type$1
staticfield com/sun/tools/javac/code/Type recoveryType Lcom/sun/tools/javac/code/Type$JCNoType; com/sun/tools/javac/code/Type$2
staticfield com/sun/tools/javac/code/Type stuckType Lcom/sun/tools/javac/code/Type$JCNoType; com/sun/tools/javac/code/Type$3
staticfield com/sun/tools/javac/code/Type stripMetadata Lcom/sun/tools/javac/code/Types$TypeMapping; com/sun/tools/javac/code/Type$4
instanceKlass com/sun/tools/javac/api/JavacTrees$5
instanceKlass com/sun/tools/javac/code/Type$ErasedClassType
instanceKlass com/sun/tools/javac/code/Type$ClassType$2
instanceKlass com/sun/tools/javac/code/Type$ClassType$1
instanceKlass com/sun/tools/javac/code/Type$StructuralTypeMapping$1
instanceKlass com/sun/tools/javac/code/Type$UnionClassType
instanceKlass com/sun/tools/javac/code/Type$IntersectionClassType
instanceKlass com/sun/tools/javac/jvm/ClassReader$1
instanceKlass com/sun/tools/javac/code/Type$ErrorType
ciInstanceKlass com/sun/tools/javac/code/Type$ClassType 1 1 343 100 1 9 7 12 1 1 1 10 7 12 1 1 1 10 7 12 1 1 9 12 1 1 9 12 1 1 9 12 1 1 9 12 1 9 12 1 9 12 1 100 1 7 1 9 12 1 1 10 12 1 9 7 12 1 1 1 11 7 12 1 1 1 7 1 10 12 1 1 9 12 1 10 12 1 7 1 10 12 1 10 12 1 1 9 7 12 1 1 1 9 7 12 1 1 1 9 7 12 1 1 10 12 1 1 10 12 1 1 8 1 10 12 1 1 10 12 1 1 10 12 1 1 10 7 12 1 1 1 10 12 1 10 8 1 10 9 12 1 1 10 7 12 1 1 10 12 1 1 5 0 10 12 1 8 1 9 12 1 1 9 12 1 9 12 1 8 1 100 1 10 100 12 1 1 1 9 12 1 1 10 12 1 1 10 100 12 1 1 1 10 12 1 1 10 10 12 1 10 12 1 10 12 1 10 12 1 10 12 1 1 10 12 1 10 12 1 10 10 10 12 1 1 10 12 1 10 12 1 10 12 1 10 12 1 10 10 12 1 9 9 7 12 1 1 1 9 12 1 11 7 12 1 1 1 10 12 1 1 10 12 1 10 12 1 1 100 1 100 1 100 1 1 1 1 1 1 1 1 1 1 1 1 1 1 1 1 1 1 1 1 1 1 1 1 1 1 1 1 1 1 1 1 1 1 1 1 1 1 1 1 1 1 1 1 1 1 1 1 1 1 1 1 1 1 1 1 1 1 1 1 1 1 1 1 1 100 1 1 100 1 1
instanceKlass com/sun/tools/javac/code/Type$ArrayType$1
instanceKlass com/sun/tools/javac/code/Type$ArrayType$2
instanceKlass com/sun/tools/javac/code/Type$StructuralTypeMapping$3
ciInstanceKlass com/sun/tools/javac/code/Type$ArrayType 1 1 202 9 7 12 1 1 1 10 7 12 1 1 1 10 7 12 1 1 9 12 1 1 9 12 1 1 10 12 1 1 100 1 100 1 10 12 1 9 7 12 1 1 1 11 7 12 1 1 1 100 1 10 12 1 10 12 1 1 9 7 12 1 1 10 12 1 1 10 12 1 1 10 12 1 1 8 1 10 12 1 10 12 1 1 10 12 1 1 10 12 1 1 10 12 1 10 12 1 1 10 12 1 1 10 12 1 10 12 1 100 1 9 12 1 10 10 12 1 1 10 12 1 10 12 1 11 7 12 1 1 1 10 12 1 1 10 12 1 100 1 100 1 1 1 1 1 1 1 1 1 1 1 1 1 1 1 1 1 1 1 1 1 1 1 1 1 1 1 1 1 1 1 1 1 1 1 1 1 1 1 1 1 1 1 1 1 1 1 1 1 1 1 1 100 1 100 1 1 1 100 1 1
instanceKlass com/sun/tools/javac/comp/LambdaToMethod$LambdaAnalyzerPreprocessor$LambdaTranslationContext$4
instanceKlass com/sun/tools/javac/comp/LambdaToMethod$LambdaAnalyzerPreprocessor$LambdaTranslationContext$3
instanceKlass com/sun/tools/javac/comp/LambdaToMethod$LambdaAnalyzerPreprocessor$LambdaTranslationContext$2
instanceKlass com/sun/tools/javac/code/Symbol$RecordComponent
instanceKlass com/sun/tools/javac/code/Symbol$VarSymbol$1
instanceKlass com/sun/tools/javac/code/Symbol$DynamicVarSymbol
instanceKlass com/sun/tools/javac/code/Symbol$BindingSymbol
instanceKlass com/sun/tools/javac/code/Symbol$ParamSymbol
ciInstanceKlass com/sun/tools/javac/code/Symbol$VarSymbol 1 1 289 100 1 9 7 12 1 1 1 10 7 12 1 1 1 100 1 9 7 12 1 1 1 9 12 1 100 1 100 1 10 12 1 7 1 9 12 1 1 9 12 1 1 9 12 1 1 10 12 1 9 12 1 1 10 100 12 1 1 1 10 100 12 1 1 1 9 12 1 1 10 12 1 10 12 1 1 5 0 10 12 1 1 9 7 12 1 1 1 9 12 1 5 0 9 12 1 9 12 1 9 12 1 9 12 1 9 12 1 10 12 1 9 12 1 5 0 9 12 1 9 12 1 11 7 12 1 1 1 10 12 1 1 10 100 12 1 1 1 18 12 1 1 10 12 1 1 7 1 11 12 100 1 100 1 10 12 7 1 10 7 12 1 1 1 11 100 12 1 1 1 10 12 1 1 10 12 1 1 10 12 1 1 10 12 1 1 10 12 1 1 10 7 12 1 1 1 100 1 1 1 1 1 1 1 1 1 1 1 1 1 1 1 1 1 1 1 1 1 1 1 1 1 1 1 1 1 1 1 1 1 1 1 1 1 1 1 1 1 1 1 1 1 1 1 1 1 1 1 1 1 1 1 1 1 1 1 1 1 1 1 15 10 7 12 1 1 1 16 15 10 12 1 100 1 1 1 1 100 1 100 1 1 1 100 1 100 1 1
instanceKlass com/sun/tools/javac/comp/TypeEnter$AbstractHeaderPhase$1
instanceKlass com/sun/tools/javac/comp/AttrRecover$RecoveryErrorType
instanceKlass com/sun/tools/javac/code/Type$ErrorType$1
ciInstanceKlass com/sun/tools/javac/code/Type$ErrorType 1 1 199 100 1 10 7 12 1 1 1 9 7 12 1 1 1 9 7 12 1 1 1 9 12 1 7 1 10 12 1 9 12 1 1 9 12 1 1 10 7 12 1 1 1 10 7 12 1 1 9 12 1 9 12 1 1 10 12 1 100 1 10 12 1 9 7 12 1 1 1 5 0 10 12 1 10 12 1 11 7 12 1 1 1 9 100 1 9 100 12 1 1 11 100 12 1 1 1 10 12 1 1 10 12 1 10 12 1 1 100 1 1 1 1 1 1 1 1 1 100 1 1 1 1 100 1 1 1 1 1 1 1 1 1 1 1 1 1 1 1 1 1 1 1 1 1 1 1 1 1 1 1 1 1 1 1 1 1 1 1 1 1 1 1 1 1 1 1 1 1 1 1 1 1 1 1 1 1 1 1 1 1 100 1 1 1 100 1 1 100 1 1 100 1 1 100 1 1 1 1
ciInstanceKlass com/sun/tools/javac/jvm/Target 1 1 272 7 1 9 12 1 1 9 12 1 9 12 1 9 12 1 9 12 1 9 12 1 9 12 1 9 12 1 9 12 1 9 12 1 9 12 1 9 12 1 9 12 1 9 12 1 9 12 1 9 12 1 9 12 1 9 12 1 1 10 7 12 1 1 10 7 12 1 1 1 9 12 1 1 10 7 12 1 1 1 10 7 12 1 1 1 9 7 12 1 1 1 10 12 1 10 12 1 1 9 12 1 10 12 1 1 10 12 1 1 9 12 1 1 9 12 1 1 9 12 1 9 12 1 1 11 7 12 1 1 9 12 1 10 12 1 1 10 12 1 1 10 7 12 1 1 1 8 8 1 10 12 1 8 8 1 8 8 1 8 8 1 8 8 1 8 8 1 8 8 1 8 8 1 8 8 1 8 8 1 8 8 1 8 8 1 8 8 1 8 8 1 8 8 1 8 8 1 8 8 1 10 12 1 1 7 1 10 12 1 10 12 1 9 12 1 7 1 10 11 12 1 8 1 8 1 8 1 8 1 8 1 8 1 1 1 1 1 1 1 1 1 1 1 1 1 1 100 1 1 1 1 1 1 1 1 1 1 1 1 1 1 1 1 1 1 1 1 1 1 1 1
staticfield com/sun/tools/javac/jvm/Target JDK1_1 Lcom/sun/tools/javac/jvm/Target; com/sun/tools/javac/jvm/Target
staticfield com/sun/tools/javac/jvm/Target JDK1_2 Lcom/sun/tools/javac/jvm/Target; com/sun/tools/javac/jvm/Target
staticfield com/sun/tools/javac/jvm/Target JDK1_3 Lcom/sun/tools/javac/jvm/Target; com/sun/tools/javac/jvm/Target
staticfield com/sun/tools/javac/jvm/Target JDK1_4 Lcom/sun/tools/javac/jvm/Target; com/sun/tools/javac/jvm/Target
staticfield com/sun/tools/javac/jvm/Target JDK1_5 Lcom/sun/tools/javac/jvm/Target; com/sun/tools/javac/jvm/Target
staticfield com/sun/tools/javac/jvm/Target JDK1_6 Lcom/sun/tools/javac/jvm/Target; com/sun/tools/javac/jvm/Target
staticfield com/sun/tools/javac/jvm/Target JDK1_7 Lcom/sun/tools/javac/jvm/Target; com/sun/tools/javac/jvm/Target
staticfield com/sun/tools/javac/jvm/Target JDK1_8 Lcom/sun/tools/javac/jvm/Target; com/sun/tools/javac/jvm/Target
staticfield com/sun/tools/javac/jvm/Target JDK1_9 Lcom/sun/tools/javac/jvm/Target; com/sun/tools/javac/jvm/Target
staticfield com/sun/tools/javac/jvm/Target JDK1_10 Lcom/sun/tools/javac/jvm/Target; com/sun/tools/javac/jvm/Target
staticfield com/sun/tools/javac/jvm/Target JDK1_11 Lcom/sun/tools/javac/jvm/Target; com/sun/tools/javac/jvm/Target
staticfield com/sun/tools/javac/jvm/Target JDK1_12 Lcom/sun/tools/javac/jvm/Target; com/sun/tools/javac/jvm/Target
staticfield com/sun/tools/javac/jvm/Target JDK1_13 Lcom/sun/tools/javac/jvm/Target; com/sun/tools/javac/jvm/Target
staticfield com/sun/tools/javac/jvm/Target JDK1_14 Lcom/sun/tools/javac/jvm/Target; com/sun/tools/javac/jvm/Target
staticfield com/sun/tools/javac/jvm/Target JDK1_15 Lcom/sun/tools/javac/jvm/Target; com/sun/tools/javac/jvm/Target
staticfield com/sun/tools/javac/jvm/Target JDK1_16 Lcom/sun/tools/javac/jvm/Target; com/sun/tools/javac/jvm/Target
staticfield com/sun/tools/javac/jvm/Target JDK1_17 Lcom/sun/tools/javac/jvm/Target; com/sun/tools/javac/jvm/Target
staticfield com/sun/tools/javac/jvm/Target targetKey Lcom/sun/tools/javac/util/Context$Key; com/sun/tools/javac/util/Context$Key
staticfield com/sun/tools/javac/jvm/Target MIN Lcom/sun/tools/javac/jvm/Target; com/sun/tools/javac/jvm/Target
staticfield com/sun/tools/javac/jvm/Target MAX Lcom/sun/tools/javac/jvm/Target; com/sun/tools/javac/jvm/Target
staticfield com/sun/tools/javac/jvm/Target tab Ljava/util/Map; java/util/HashMap
staticfield com/sun/tools/javac/jvm/Target DEFAULT Lcom/sun/tools/javac/jvm/Target; com/sun/tools/javac/jvm/Target
staticfield com/sun/tools/javac/jvm/Target $VALUES [Lcom/sun/tools/javac/jvm/Target; 17 [Lcom/sun/tools/javac/jvm/Target;
ciInstanceKlass com/sun/tools/javac/code/DeferredCompletionFailureHandler 1 1 124 9 7 12 1 1 1 10 7 12 1 1 1 10 12 1 1 10 7 12 1 1 7 1 10 12 1 9 12 1 1 7 1 10 9 12 1 7 1 10 9 12 1 9 12 1 10 12 1 1 11 7 12 1 1 11 12 1 11 12 1 1 11 12 1 1 11 12 1 1 100 1 7 1 10 1 1 1 1 1 1 1 1 1 1 1 1 1 1 1 1 1 1 1 1 1 1 1 1 1 1 1 1 1 100 1 100 1 1 1 1 100 1 100 1 1 100 1 1 100 1 1 1 1
staticfield com/sun/tools/javac/code/DeferredCompletionFailureHandler deferredCompletionFailureHandlerKey Lcom/sun/tools/javac/util/Context$Key; com/sun/tools/javac/util/Context$Key
ciInstanceKlass com/sun/tools/javac/code/Symbol$Completer 1 1 35 7 1 10 12 1 1 9 7 12 1 1 1 100 1 1 1 1 100 1 1 1 1 1 1 1 1 1 1 1 100 1 1 1 1
staticfield com/sun/tools/javac/code/Symbol$Completer NULL_COMPLETER Lcom/sun/tools/javac/code/Symbol$Completer; com/sun/tools/javac/code/Symbol$Completer$1
instanceKlass com/sun/tools/javac/code/ClassFinder$BadClassFile
ciInstanceKlass com/sun/tools/javac/code/Symbol$CompletionFailure 1 1 78 10 7 12 1 1 1 9 7 12 1 1 1 9 12 1 1 9 12 1 1 9 12 1 1 11 100 12 1 1 1 100 1 10 12 1 1 10 12 1 1 10 12 1 1 10 12 1 1 1 1 5 0 1 1 1 1 1 1 1 1 1 1 1 1 1 1 1 1 1 1 1 1 1 100 1 1 1
instanceKlass com/sun/tools/javac/comp/Check$Validator
instanceKlass com/sun/tools/javac/tree/Pretty
instanceKlass com/sun/tools/javac/model/JavacElements$1Vis
instanceKlass com/sun/tools/javac/jvm/Gen$ClassReferenceVisitor
instanceKlass com/sun/tools/javac/jvm/Gen
instanceKlass com/sun/tools/javac/comp/MemberEnter
instanceKlass com/sun/tools/javac/comp/Enter
instanceKlass com/sun/tools/javac/comp/ArgumentAttr
instanceKlass com/sun/tools/javac/comp/DeferredAttr
instanceKlass com/sun/tools/javac/comp/Check$1SpecialTreeVisitor
instanceKlass com/sun/tools/javac/comp/Modules$UsesProvidesVisitor
instanceKlass com/sun/tools/javac/comp/Modules
instanceKlass com/sun/tools/javac/tree/TreeTranslator
instanceKlass com/sun/tools/javac/comp/Attr
instanceKlass com/sun/tools/javac/comp/MemberEnter$InitTreeVisitor
instanceKlass com/sun/tools/javac/tree/TreeScanner
ciInstanceKlass com/sun/tools/javac/tree/JCTree$Visitor 1 1 434 10 7 12 1 1 1 10 7 12 1 1 1 10 100 12 1 1 1 1 1 1 1 1 1 1 1 1 1 1 1 1 1 1 1 1 1 1 1 1 1 1 1 1 1 1 1 1 1 1 1 1 1 1 1 1 1 1 1 1 1 1 1 1 1 1 1 1 1 1 1 1 1 1 1 1 1 1 1 1 1 1 1 1 1 1 1 1 1 1 1 1 1 1 1 1 1 1 1 1 1 1 1 1 1 1 1 1 1 1 1 1 1 1 1 1 1 1 1 1 1 1 1 1 1 1 1 1 1 1 1 1 1 1 1 1 1 1 1 1 1 1 1 1 1 1 1 1 1 1 1 1 1 1 1 1 1 1 1 1 1 1 1 1 1 1 1 1 1 1 1 1 1 1 1 1 1 1 1 1 1 1 1 1 1 1 1 1 1 1 1 1 1 1 1 1 1 1 1 1 1 1 1 1 1 1 1 1 1 1 1 1 1 1 1 1 1 1 1 1 1 1 1 1 1 1 1 1 1 100 1 1 1 100 1 1 100 1 1 100 1 1 100 1 1 100 1 1 100 1 1 100 1 1 100 1 1 100 1 1 100 1 1 100 1 1 100 1 1 100 1 1 100 1 1 100 1 1 100 1 1 100 1 1 100 1 1 100 1 1 100 1 1 100 1 1 100 1 1 100 1 1 100 1 1 100 1 1 100 1 1 100 1 1 100 1 1 100 1 1 100 1 1 100 1 1 100 1 1 100 1 1 100 1 1 100 1 1 100 1 1 100 1 1 100 1 1 100 1 1 100 1 1 100 1 1 100 1 1 100 1 1 100 1 1 100 1 1 100 1 1 100 1 1 100 1 1 100 1 1 100 1 1 100 1 1 100 1 1 100 1 1 100 1 1 100 1 1 100 1 1 100 1 1 100 1 1 100 1 1 100 1 1 100 1 1 100 1 1 100 1 1 100 1 1 100 1 1 100 1 1 100 1 1
ciInstanceKlass com/sun/tools/javac/tree/JCTree$JCMethodInvocation 1 1 118 10 7 12 1 1 1 10 7 12 1 1 1 9 7 12 1 1 1 9 12 1 1 9 12 1 10 7 12 1 1 1 9 100 12 1 1 1 11 7 12 1 1 1 10 12 1 1 9 7 12 1 1 1 10 12 1 10 12 1 10 12 1 1 10 12 1 100 1 1 1 1 1 1 1 1 1 1 1 1 1 100 1 1 1 1 1 1 1 1 1 1 1 1 1 1 1 1 1 1 1 1 1 1 1 1 1 100 1 1 1 1 1 1 100 1 1 1
ciInstanceKlass com/sun/tools/javac/tree/JCTree$JCParens 1 1 80 10 7 12 1 1 1 9 7 12 1 1 1 10 7 12 1 1 1 9 100 12 1 1 1 11 7 12 1 1 1 9 7 12 1 1 1 10 12 1 1 100 1 1 1 1 1 1 1 1 1 1 1 1 1 1 1 1 1 1 1 1 1 1 1 1 1 1 1 1 100 1 1 1 1 1 100 1 1 1
ciInstanceKlass com/sun/tools/javac/tree/JCTree$JCInstanceOf 1 1 120 10 7 12 1 1 1 9 7 12 1 1 1 9 12 1 1 10 7 12 1 1 1 9 100 12 1 1 1 100 1 9 7 12 1 1 1 10 100 12 1 1 1 100 1 9 12 1 1 9 100 12 1 1 11 100 12 1 1 1 9 12 1 10 12 1 1 10 12 1 1 10 12 1 1 100 1 1 1 1 1 1 1 1 1 1 1 1 1 1 1 1 1 1 1 1 1 1 1 1 1 1 1 1 1 1 1 1 1 1 1 1 1 100 1 1 1 1 1 1
ciInstanceKlass com/sun/tools/javac/tree/JCTree$JCIdent 1 1 84 10 7 12 1 1 1 9 7 12 1 1 1 9 12 1 1 10 7 12 1 1 1 9 7 12 1 1 1 11 7 12 1 1 1 9 7 12 1 1 1 10 12 1 1 100 1 1 1 1 1 1 1 1 1 1 1 1 1 1 1 1 1 1 1 1 1 1 1 1 1 1 1 1 100 1 1 1 1 1 100 1 1 1
ciInstanceKlass com/sun/tools/javac/tree/JCTree$JCFieldAccess 1 1 93 10 7 12 1 1 1 9 7 12 1 1 1 9 12 1 1 9 12 1 1 10 7 12 1 1 1 9 7 12 1 1 1 11 7 12 1 1 1 9 7 12 1 1 1 10 12 1 1 10 12 1 1 100 1 1 1 1 1 1 1 1 1 1 1 1 1 1 1 1 1 1 1 1 1 1 1 1 1 1 1 1 1 100 1 1 1 1 1 100 1 1 1
ciInstanceKlass com/sun/tools/javac/tree/JCTree$JCTypeApply 1 1 92 10 7 12 1 1 1 9 7 12 1 1 1 9 12 1 1 10 7 12 1 1 1 9 7 12 1 1 1 11 100 12 1 1 1 9 7 12 1 1 1 10 12 1 1 10 12 1 1 100 1 1 1 1 1 1 1 1 1 1 1 1 1 1 1 1 1 1 1 1 1 1 1 1 1 1 1 1 1 1 1 1 100 1 1 1 1 1 100 1 1 1
instanceKlass com/sun/tools/javac/comp/DeferredAttr$2$1
ciInstanceKlass com/sun/tools/javac/tree/JCTree$JCMemberReference 1 1 149 10 7 12 1 1 1 9 7 12 1 1 1 9 12 1 1 9 12 1 1 9 12 1 1 10 7 12 1 1 1 9 100 12 1 1 1 11 7 12 1 1 1 9 7 12 1 1 1 9 12 1 1 9 12 1 1 10 12 1 1 10 12 1 1 10 12 1 1 100 1 1 1 1 1 1 1 1 1 1 1 1 1 1 1 1 1 1 1 1 1 1 1 1 1 1 1 1 1 1 1 1 1 1 1 1 1 1 1 1 1 1 1 1 1 1 1 1 1 1 1 100 1 1 1 1 100 1 1 100 1 1 1 100 1 1 1 100 1 1 100 1 1 100 1 1 100 1 1
ciInstanceKlass com/sun/tools/javac/tree/JCTree$JCLiteral 1 1 129 10 7 12 1 1 1 9 7 12 1 1 1 9 12 1 1 10 7 12 1 1 1 10 7 12 1 1 1 9 7 12 1 1 1 10 12 1 1 100 1 10 12 1 10 100 12 1 1 1 100 1 8 1 10 12 1 10 100 12 1 1 11 7 12 1 1 10 12 1 1 9 7 12 1 1 1 10 12 1 100 1 1 1 1 1 1 1 1 1 1 1 1 1 1 1 1 1 1 1 1 1 1 1 1 1 1 1 1 1 1 1 1 1 1 1 1 100 1 1 1 1 1 100 1 100 1 1 1
ciInstanceKlass com/sun/tools/javac/tree/JCTree$JCAnnotatedType 1 1 106 10 100 12 1 1 1 10 100 12 1 1 1 10 100 12 1 1 1 9 100 12 1 1 1 9 12 1 1 10 100 12 1 1 1 9 100 12 1 1 1 11 100 12 1 1 9 100 12 1 1 10 12 1 1 10 12 1 1 100 1 1 1 1 1 1 1 1 1 1 1 1 1 1 1 1 1 1 1 1 1 1 1 1 1 1 1 1 1 1 1 1 1 100 1 1 1 1 1 100 1 1 1 100 1 1
ciInstanceKlass com/sun/tools/javac/code/Symbol$ClassSymbol 1 1 651 7 1 9 7 12 1 1 1 10 7 12 1 1 1 10 7 12 1 1 1 9 7 12 1 1 1 9 12 1 1 9 12 1 1 10 12 1 1 9 12 1 1 10 12 1 9 12 1 9 12 1 1 9 12 1 10 7 12 1 1 1 9 12 1 1 9 12 1 7 1 9 7 12 1 1 1 10 12 1 10 12 1 9 12 1 1 9 12 1 1 10 12 1 1 10 12 1 1 9 12 1 1 10 12 1 10 12 1 9 12 1 10 12 1 1 10 7 12 1 1 1 10 12 1 1 10 12 1 9 12 1 10 100 12 1 1 1 8 1 100 1 10 100 12 1 1 1 10 12 1 10 12 1 10 10 12 1 10 12 1 1 11 100 12 1 1 11 12 1 1 100 1 10 12 1 1 10 7 12 1 1 1 5 0 9 7 12 1 1 1 10 12 1 1 10 12 1 1 10 12 1 9 12 1 1 10 12 1 1 9 12 1 10 12 1 9 12 1 1 10 7 1 9 12 1 1 10 7 12 1 1 1 5 0 7 1 10 12 1 10 12 1 9 12 1 9 12 1 10 12 1 1 9 12 1 10 12 1 10 12 1 10 12 1 10 12 1 10 12 1 1 10 12 1 1 10 12 1 10 5 0 9 7 12 1 1 1 9 12 1 5 0 9 12 1 5 0 9 12 1 9 12 5 0 10 12 1 1 9 9 100 1 9 100 1 9 12 1 1 9 10 12 1 1 9 12 1 1 9 12 1 9 12 1 10 12 1 10 12 1 10 12 1 9 12 1 1 9 12 1 9 12 1 9 7 12 1 1 1 9 12 1 9 12 1 9 12 1 9 12 1 10 12 1 1 100 1 10 100 12 1 1 1 10 11 7 12 1 1 1 11 100 12 1 1 1 9 12 1 1 10 7 12 1 1 1 9 12 1 1 9 7 12 1 1 5 0 10 12 1 1 5 0 9 10 12 1 1 9 12 1 9 12 1 9 12 1 10 12 1 9 12 1 1 10 7 12 1 1 1 10 12 1 10 12 1 1 18 12 1 1 10 12 1 1 10 10 12 1 10 12 1 10 12 1 10 12 1 10 12 1 1 9 100 1 1 1 1 1 1 1 1 1 1 1 1 1 1 1 1 1 1 1 1 1 1 1 1 1 1 1 1 1 1 1 1 1 1 100 1 1 1 1 1 1 1 1 1 100 1 1 1 1 1 1 1 1 1 1 1 1 1 1 1 1 1 1 1 1 1 1 1 1 1 1 1 1 1 1 1 100 1 1 1 1 1 1 1 1 1 1 1 1 1 1 1 1 1 1 1 1 1 1 1 1 1 1 1 1 1 1 1 1 1 15 10 100 12 1 1 1 16 15 10 12 16 1 100 1 1 1 1 100 1 100 1 1 100 1 1 1 100 1 1 1 1 1 1 1 100 1 1 100 1 1 1 100 1 1 100 1 1 100 1 1 100 1 100 1 1
instanceKlass com/sun/tools/javac/code/Symbol$RootPackageSymbol
instanceKlass com/sun/tools/javac/code/Symtab$7
ciInstanceKlass com/sun/tools/javac/code/Symbol$PackageSymbol 1 1 200 100 1 9 7 12 1 1 1 10 7 12 1 1 1 9 7 12 1 1 1 10 12 1 1 9 12 1 1 10 12 1 7 1 10 12 1 9 12 1 1 10 100 12 1 1 1 9 12 1 10 12 1 1 9 12 1 1 10 12 1 1 100 1 9 12 1 1 9 12 1 1 10 100 1 10 12 1 10 12 1 1 9 12 1 1 9 100 1 10 12 1 10 12 1 1 5 0 9 7 12 1 1 1 9 12 1 1 10 100 12 1 1 11 100 12 1 1 1 11 100 12 1 1 1 10 12 1 1 10 12 1 1 100 1 1 1 1 1 1 1 1 1 1 1 1 1 1 1 1 1 1 1 1 1 1 100 1 1 1 1 1 1 1 1 1 1 1 1 1 1 1 1 1 1 1 1 1 1 100 1 1 1 1 100 1 100 1 1 100 1 1 1 1 1 100 1 100 1 1
instanceKlass com/sun/tools/javac/code/Type$3
instanceKlass com/sun/tools/javac/code/Type$2
instanceKlass com/sun/tools/javac/code/Type$1
ciInstanceKlass com/sun/tools/javac/code/Type$JCNoType 1 1 85 9 7 12 1 1 1 10 7 12 1 1 1 100 1 8 1 10 12 1 9 7 12 1 1 1 9 7 12 1 1 11 100 12 1 1 1 10 100 12 1 1 1 10 12 1 1 100 1 1 1 1 1 1 1 1 1 1 1 1 1 1 1 1 1 1 1 1 1 1 1 1 1 1 1 1 1 1 1 100 1 100 1 1 1
ciInstanceKlass com/sun/tools/javac/util/Names 1 1 672 9 7 12 1 1 1 10 7 12 1 1 1 10 12 1 1 10 12 1 1 10 7 12 1 1 10 7 12 1 1 1 10 12 1 1 9 12 1 1 8 1 10 12 1 1 9 12 1 1 8 1 9 12 1 8 1 9 12 1 8 1 9 12 1 8 1 9 12 1 8 1 9 12 1 8 1 9 12 1 8 1 9 12 1 8 1 9 12 1 8 1 9 12 8 1 9 12 8 1 9 12 8 1 9 12 8 1 9 12 8 1 9 12 8 1 9 12 8 1 9 12 8 1 9 12 8 1 9 12 8 1 9 12 8 1 9 12 8 1 9 12 1 8 1 9 12 8 1 9 12 1 8 1 9 12 8 1 9 12 1 8 1 9 12 8 1 9 12 8 1 9 12 1 8 1 9 12 8 1 9 12 8 1 9 12 1 8 1 9 12 8 1 9 12 8 1 9 12 8 1 9 12 8 1 9 12 8 1 9 12 8 9 12 1 8 1 9 12 8 1 9 12 8 1 9 12 8 1 9 12 8 1 9 12 8 1 9 12 8 1 9 12 8 1 9 12 8 1 9 12 8 1 9 12 8 1 9 12 8 1 9 12 8 1 9 12 1 8 1 9 12 1 8 1 9 12 1 8 1 9 12 1 8 1 9 12 1 8 1 9 12 1 8 1 9 12 8 1 9 12 8 1 9 12 8 1 9 12 8 1 9 12 1 8 1 9 12 1 8 1 9 12 8 1 9 12 8 1 9 12 8 1 9 12 8 1 9 12 8 1 9 12 8 1 9 12 8 1 9 12 8 1 9 12 8 1 9 12 8 1 9 12 8 1 9 12 8 1 9 12 8 1 9 12 8 1 9 12 8 1 9 12 8 1 9 12 8 1 9 12 8 1 9 12 8 1 9 12 8 1 9 12 8 1 9 12 8 1 9 12 8 1 9 12 8 1 9 12 8 1 9 12 8 1 9 12 8 1 9 12 8 1 9 12 8 1 9 12 8 1 9 12 8 1 9 12 8 1 9 12 8 1 9 12 8 1 9 12 8 1 9 12 8 1 9 12 8 1 9 12 8 1 9 12 8 1 9 12 8 1 9 12 8 1 9 12 8 1 9 12 8 1 9 12 8 1 9 12 8 1 9 12 8 1 9 12 8 1 9 12 8 1 9 12 8 1 9 12 8 1 9 12 8 1 9 12 8 1 9 12 8 1 9 12 8 1 9 12 1 8 1 9 12 1 8 1 9 12 8 1 9 12 1 8 1 9 12 8 1 9 12 8 1 9 12 8 1 9 12 8 1 9 12 8 1 9 12 8 1 9 12 8 1 9 12 8 1 9 12 8 1 9 12 8 1 9 12 8 1 9 12 8 1 9 12 8 1 9 12 8 1 9 12 8 1 10 12 1 1 10 7 12 1 1 1 10 100 12 1 1 10 7 12 1 1 10 12 1 1 10 10 12 1 1 10 12 1 7 1 10 1 1 1 1 1 1 1 1 1 1 1 1 1 1 1 1 1 1 100 1 1
staticfield com/sun/tools/javac/util/Names namesKey Lcom/sun/tools/javac/util/Context$Key; com/sun/tools/javac/util/Context$Key
instanceKlass com/sun/tools/javac/util/UnsharedNameTable
instanceKlass com/sun/tools/javac/util/SharedNameTable
ciInstanceKlass com/sun/tools/javac/util/Name$Table 1 1 65 10 7 12 1 1 1 9 7 12 1 1 1 10 7 12 1 1 1 10 12 1 1 10 12 1 1 1 1 1 1 1 1 1 1 1 1 1 1 1 1 1 1 1 1 1 1 1 1 1 1 1 1 1 1 1 1 1 1 1 1 100 1 1 1
ciInstanceKlass com/sun/tools/javac/util/UnsharedNameTable 1 1 127 7 1 10 12 1 1 10 7 1 9 12 1 1 9 12 1 1 7 1 3 10 12 1 10 7 12 1 1 1 10 12 1 1 10 12 1 1 10 12 1 1 7 1 9 12 1 1 8 1 10 7 12 1 1 1 10 12 1 1 9 12 1 1 10 12 1 1 10 7 12 1 1 1 9 12 1 10 12 1 10 12 1 8 1 10 12 1 1 1 1 1 1 1 1 1 1 1 1 1 1 1 1 1 1 1 1 1 1 1 1 1 1 1 1 100 1 1 1 1 1 1 100 1 1 1 1
instanceKlass com/sun/tools/javac/util/UnsharedNameTable$NameImpl
ciInstanceKlass com/sun/tools/javac/util/Name 1 1 150 10 7 12 1 1 1 9 7 12 1 1 1 10 12 1 1 11 7 1 10 7 12 1 1 1 100 1 10 12 1 1 10 12 1 1 10 12 1 1 10 12 1 10 12 1 1 10 7 12 1 1 1 10 12 1 10 12 1 1 10 12 1 10 7 12 1 1 1 10 7 12 1 1 1 11 7 12 1 1 1 100 1 100 1 1 1 1 1 1 1 1 1 1 1 1 1 1 1 1 1 1 1 1 1 1 1 1 1 1 1 1 1 1 1 1 1 1 1 1 1 1 100 1 1 1 1 1 1 1 1 1 1 1 1 1 1 1 1 1 1 1 1 1 1 1 1 1 1 1
ciInstanceKlass com/sun/tools/javac/util/UnsharedNameTable$NameImpl 1 1 44 10 7 12 1 1 1 9 7 12 1 1 1 9 12 1 1 1 1 1 1 1 1 1 1 1 1 1 1 1 1 1 1 1 1 1 1 100 1 1 100 1 1 1
ciInstanceKlass com/sun/tools/javac/util/UnsharedNameTable$HashEntry 1 1 30 10 7 12 1 1 1 100 1 1 1 1 1 1 1 1 1 1 1 1 1 1 1 100 1 1 1 100 1 1
ciInstanceKlass com/sun/tools/javac/util/Convert 1 1 264 10 100 12 1 1 1 10 7 12 1 1 1 10 7 12 1 1 1 3 10 7 12 1 1 1 100 1 10 10 7 12 1 1 1 5 0 10 7 12 1 1 1 10 100 12 1 1 1 10 12 1 10 12 1 10 12 1 1 10 12 1 1 10 12 1 10 12 1 100 1 10 10 12 1 1 10 12 1 1 10 12 1 1 10 12 1 1 10 12 1 1 8 1 8 1 8 1 8 1 8 1 8 1 8 1 8 1 10 12 1 1 10 12 1 8 1 10 12 1 10 12 1 1 10 12 1 1 8 1 10 12 1 1 10 12 1 10 7 12 1 1 1 10 12 1 10 10 12 1 1 10 12 1 10 12 1 8 1 10 7 12 1 1 1 10 12 1 1 10 10 12 1 1 10 12 1 1 9 12 1 1 9 100 12 1 1 1 10 100 12 1 1 1 10 12 1 1 1 1 1 1 1 1 1 1 1 1 1 1 1 1 1 1 1 100 1 1 1 1 1 1 1 1 1 1 1 1 1 1 1 1 1 1 1 1 1 1 1 1 1 1 1 1 1 1 1 1 1 1 1 1 1 1 1 1 1 1 1 1 1 1 1 1
instanceKlass com/sun/tools/javac/code/Scope$NamedImportScope$SingleEntryScope
instanceKlass com/sun/tools/javac/code/Scope$FilterImportScope
instanceKlass com/sun/tools/javac/code/Scope$CompoundScope
instanceKlass com/sun/tools/javac/code/Scope$WriteableScope
ciInstanceKlass com/sun/tools/javac/code/Scope 1 1 202 10 7 12 1 1 1 7 1 10 9 7 12 1 1 1 9 12 1 1 9 12 1 1 10 12 1 1 9 7 12 1 1 1 10 12 1 10 12 1 1 10 12 1 10 12 1 1 10 12 1 11 7 12 1 1 1 11 7 12 1 1 1 11 12 1 1 100 1 9 12 1 10 12 1 1 9 12 1 1 18 12 1 1 10 12 1 1 1 1 1 1 1 1 1 1 1 1 1 1 1 1 1 1 1 1 1 1 1 1 1 1 1 1 1 1 1 1 1 1 1 1 1 1 1 1 1 1 1 1 1 100 1 100 1 100 1 100 1 100 1 100 1 100 1 100 1 100 1 100 1 100 1 100 1 100 1 100 1 100 1 100 1 100 1 100 1 1 15 10 100 12 1 1 1 16 1 15 10 12 16 1 1 1 1 1 1 1 1 1 1 1 1 1 1 1 1 100 1 100 1 1
staticfield com/sun/tools/javac/code/Scope noFilter Ljava/util/function/Predicate; null
instanceKlass com/sun/tools/javac/code/Scope$ScopeImpl
ciInstanceKlass com/sun/tools/javac/code/Scope$WriteableScope 1 1 40 10 7 12 1 1 1 9 7 12 1 1 1 10 12 1 1 10 12 1 7 1 10 1 1 1 1 1 1 1 1 1 1 1 1 1 1 1 1 1
instanceKlass com/sun/tools/javac/code/Scope$ErrorScope
ciInstanceKlass com/sun/tools/javac/code/Scope$ScopeImpl 1 1 328 10 7 12 1 1 1 9 7 12 1 1 1 9 12 1 9 12 1 1 10 7 12 1 1 1 9 12 1 1 9 12 1 10 12 1 7 1 10 12 1 9 12 1 100 1 10 12 1 10 100 12 1 1 1 11 100 12 1 1 1 9 12 1 1 9 12 1 11 12 1 9 12 1 10 7 12 1 1 9 12 1 9 12 1 1 9 7 12 1 1 1 10 12 1 1 10 12 1 9 12 1 10 12 1 10 12 1 9 12 1 1 10 7 12 1 1 1 18 12 1 1 10 12 1 1 9 12 1 10 12 1 10 12 1 9 12 1 1 10 12 1 10 12 1 9 7 12 1 1 1 11 7 12 1 10 7 12 1 1 1 9 100 12 1 1 1 10 12 1 1 11 100 12 1 1 1 11 100 12 1 1 1 18 12 1 18 12 1 100 1 10 8 1 10 12 1 1 8 1 8 1 10 12 1 8 1 10 12 1 1 7 1 10 12 1 7 1 10 12 1 1 1 3 1 1 1 1 1 1 1 1 1 1 1 1 1 1 1 1 1 1 1 1 1 1 1 1 1 1 1 1 1 1 1 1 1 1 1 1 1 1 1 1 1 1 1 100 1 1 1 1 1 1 1 1 1 1 1 1 1 1 1 1 1 1 1 1 1 1 1 1 1 15 10 7 12 1 1 1 16 15 10 12 16 16 15 10 12 15 10 12 1 1 1 1 1 100 1 100 1 1 1 100 1 100 1 1
staticfield com/sun/tools/javac/code/Scope$ScopeImpl sentinel Lcom/sun/tools/javac/code/Scope$Entry; com/sun/tools/javac/code/Scope$Entry
instanceKlass com/sun/tools/javac/code/Type$JCPrimitiveType$2
instanceKlass com/sun/tools/javac/code/Type$JCPrimitiveType$1
ciInstanceKlass com/sun/tools/javac/code/Type$JCPrimitiveType 1 1 188 9 7 12 1 1 1 10 7 12 1 1 1 10 7 12 1 1 9 12 1 1 9 7 12 1 1 1 10 7 12 1 1 1 100 1 9 12 1 1 10 12 1 9 12 1 9 7 12 1 1 1 10 12 1 1 7 1 9 12 1 10 12 1 10 12 1 1 10 12 1 1 100 1 10 12 1 8 1 8 1 9 12 1 10 100 12 1 1 1 10 100 12 1 1 1 11 7 12 1 1 1 9 7 12 1 1 1 9 12 9 12 1 9 12 1 9 12 1 9 12 1 9 12 1 9 12 100 1 10 12 1 10 12 1 1 10 12 1 1 100 1 1 1 1 1 1 1 1 1 1 1 1 1 1 1 1 1 1 1 1 1 1 1 1 1 1 1 1 1 1 1 1 1 1 1 1 1 1 1 1 1 1 100 1 100 1 1
instanceKlass com/sun/tools/javac/code/Attribute$Enum
instanceKlass com/sun/tools/javac/code/Attribute$Array
instanceKlass com/sun/tools/javac/code/Attribute$Class
instanceKlass com/sun/tools/javac/code/Attribute$Error
instanceKlass com/sun/tools/javac/code/Attribute$Compound
instanceKlass com/sun/tools/javac/jvm/ClassReader$CompoundAnnotationProxy
instanceKlass com/sun/tools/javac/jvm/ClassReader$ArrayAttributeProxy
instanceKlass com/sun/tools/javac/jvm/ClassReader$ClassAttributeProxy
instanceKlass com/sun/tools/javac/jvm/ClassReader$EnumAttributeProxy
instanceKlass com/sun/tools/javac/code/Attribute$Constant
ciInstanceKlass com/sun/tools/javac/code/Attribute 1 1 78 10 7 12 1 1 1 9 7 12 1 1 1 100 1 10 100 1 1 1 1 1 1 1 1 1 1 1 1 1 1 1 1 1 1 1 1 1 1 1 1 1 1 1 1 100 1 100 1 100 1 100 1 100 1 100 1 100 1 100 1 100 1 100 1 100 1 1 1 1 1 1 1 1 1 1 1 1
ciInstanceKlass com/sun/tools/javac/comp/Annotate 1 1 1495 9 7 12 1 1 1 10 7 12 1 1 1 10 12 1 1 10 7 12 1 1 9 12 1 1 7 1 10 9 12 1 1 9 12 1 9 12 1 9 12 1 9 12 1 7 1 10 12 1 9 12 1 1 10 12 1 1 10 7 12 1 1 1 9 12 1 1 10 7 12 1 1 9 12 1 1 10 7 12 1 1 9 12 1 1 10 7 12 1 1 9 12 1 1 10 7 12 1 1 9 12 1 1 10 7 12 1 1 9 12 1 1 10 7 12 1 1 9 12 1 1 10 7 12 1 1 9 12 1 1 10 7 12 1 1 9 12 1 1 10 7 12 1 1 9 12 1 1 10 7 12 1 1 9 12 1 1 10 7 12 1 1 9 12 1 1 10 7 12 1 1 9 12 1 1 7 1 9 12 1 1 10 12 1 9 12 1 1 10 7 12 1 1 9 7 12 1 1 1 10 12 1 1 9 12 1 1 9 12 1 1 9 12 1 10 12 1 10 12 1 10 7 12 1 1 1 10 12 1 1 10 12 1 1 11 7 12 1 1 11 12 1 1 7 1 9 12 1 1 10 7 12 1 1 1 100 1 10 12 1 1 10 12 1 10 12 1 10 12 1 10 12 1 10 12 1 10 7 1 11 12 1 10 12 1 10 7 12 1 1 18 12 1 10 12 1 1 18 12 1 10 12 1 18 12 1 18 12 1 9 7 12 1 1 10 7 12 1 1 1 10 12 1 1 9 12 1 7 1 10 7 1 10 9 12 1 1 9 12 1 10 12 1 1 10 12 1 1 8 1 10 12 1 9 9 12 1 1 10 7 12 1 1 11 7 12 1 1 1 9 100 12 1 1 1 10 12 1 1 10 12 1 1 10 12 1 11 12 11 12 1 10 12 1 9 7 1 10 12 1 9 12 1 1 9 7 12 1 1 9 12 1 1 9 12 1 9 12 1 10 12 1 1 9 12 1 1 100 1 5 0 9 12 1 1 10 12 1 1 10 12 1 1 5 0 9 12 1 5 0 9 12 1 5 0 9 12 1 9 12 1 5 0 9 12 1 1 11 12 1 1 11 7 1 10 12 1 1 10 12 1 10 12 1 1 7 1 10 12 1 10 12 1 1 10 12 1 10 12 1 1 10 12 1 7 1 9 9 12 1 1 9 12 1 100 1 10 12 1 10 12 1 1 10 12 1 9 100 12 1 1 1 10 12 1 9 12 1 9 7 1 10 12 1 1 10 10 12 1 1 10 100 12 1 1 1 10 12 1 9 12 1 10 12 1 7 1 9 7 12 1 1 1 10 12 1 1 9 12 10 12 1 1 9 12 10 12 1 1 10 12 1 1 10 10 12 1 1 9 7 12 1 1 10 9 12 1 1 9 7 1 9 12 1 1 9 12 1 7 1 9 12 1 10 9 12 10 12 1 1 9 12 1 9 9 10 12 1 1 10 12 1 10 12 1 100 1 9 10 100 12 1 1 1 10 12 1 1 10 12 1 1 9 7 12 1 1 1 10 12 1 10 12 1 9 12 1 9 12 1 7 1 9 12 1 9 12 1 9 12 1 9 12 1 9 12 1 10 12 1 7 1 10 10 12 1 1 9 7 12 1 1 9 12 1 10 12 1 9 12 1 9 12 1 10 12 1 9 12 1 10 12 1 9 12 1 10 12 1 1 5 0 10 12 1 10 12 1 1 10 12 1 1 10 12 1 1 10 7 12 1 1 1 10 12 1 1 9 12 1 10 9 12 1 10 12 1 7 1 7 1 10 12 1 10 12 1 9 12 1 7 1 9 12 1 10 12 1 100 1 9 12 1 1 10 12 1 1 10 12 1 9 12 1 7 1 10 12 1 10 12 1 9 12 1 10 12 1 1 10 12 1 1 10 12 1 9 12 1 1 7 1 9 7 12 1 1 1 10 12 1 10 12 1 1 10 12 10 12 1 1 10 12 1 9 7 1 10 7 1 10 12 1 1 7 1 10 12 1 10 12 1 1 10 12 1 1 9 12 1 7 1 10 12 1 1 10 12 1 1 10 12 1 10 12 1 10 9 12 1 9 12 1 10 12 1 1 10 12 1 1 10 12 1 1 10 12 1 1 10 12 1 10 12 1 10 12 1 5 0 10 12 1 1 10 7 12 1 1 10 12 1 1 5 0 9 12 1 1 10 10 12 1 1 10 7 12 1 1 1 10 12 1 10 12 1 1 10 12 1 9 12 10 12 1 1 9 9 12 1 10 12 1 10 12 1 1 10 7 12 1 1 1 11 7 1 10 12 1 1 10 12 1 9 10 12 1 10 12 1 1 10 12 1 1 10 12 1 9 12 1 10 12 1 8 1 9 7 12 1 1 1 9 7 12 1 1 1 10 12 1 1 10 12 1 1 10 12 1 1 18 12 1 18 12 1 10 12 1 18 12 1 9 12 1 7 1 9 12 10 8 1 10 12 1 7 1 10 12 1 10 12 1 1 10 9 12 1 10 12 1 1 9 12 1 10 12 1 7 1 10 12 1 9 9 9 9 10 12 1 1 10 9 100 12 1 1 1 10 12 1 1 100 1 10 12 11 100 12 1 1 1 7 1 10 12 1 10 10 12 1 1 10 12 1 1 10 12 1 1 10 12 1 1 9 12 1 10 12 1 10 12 1 10 12 1 1 10 12 1 9 10 12 1 1 10 12 1 8 1 7 1 10 1 1 1 1 1 1 1 1 1 1 1 1 1 1 1 1 1 1 1 1 1 1 1 1 1 1 1 1 100 1 1 1 1 1 1 1 1 1 1 1 1 1 1 1 1 1 1 1 1 1 1 1 1 1 1 1 1 1 1 1 1 1 1 1 1 1 1 1 1 1 1 1 1 1 1 1 1 1 1 1 1 1 1 1 1 1 1 1 1 1 1 1 1 1 1 1 1 1 1 1 1 1 1 1 1 1 1 1 1 1 1 1 1 1 1 1 1 1 1 1 1 1 1 1 1 100 1 1 1 1 1 1 1 1 100 1 1 1 1 1 1 1 1 1 1 1 1 1 1 1 1 100 1 1 1 1 1 1 1 1 1 1 1 1 1 1 1 1 1 1 1 1 1 1 1 1 1 1 1 1 1 1 1 1 1 1 1 1 1 1 1 1 1 1 1 1 100 1 100 1 1 15 10 7 12 1 1 1 16 15 10 12 15 10 12 15 10 12 15 10 12 15 10 12 15 10 12 15 10 12 1 1 1 1 1 1 1 1 100 1 1 1 1 1 1 1 1 1 100 1 1 100 1 1 1 1 1 1 100 1 1 1 100 1 1 100 1 1 1 1 1 1 1 1 1 1 100 1 1 1 100 1 1 1 100 1 1 1 1 1 1 100 1 1 1 1 100 1 100 1 1
staticfield com/sun/tools/javac/comp/Annotate annotateKey Lcom/sun/tools/javac/util/Context$Key; com/sun/tools/javac/util/Context$Key
ciInstanceKlass com/sun/tools/javac/comp/Attr 1 1 5514 7 1 9 7 12 1 1 1 10 7 12 1 1 1 10 12 1 1 10 7 12 1 1 7 1 10 12 1 9 12 1 1 9 12 1 1 9 7 12 1 1 1 9 12 1 7 1 10 9 12 1 1 7 1 10 9 12 1 1 7 1 10 9 12 1 1 10 12 1 1 10 7 12 1 1 1 9 12 1 1 10 7 12 1 1 9 12 1 1 10 7 12 1 1 9 12 1 1 10 7 12 1 1 9 12 1 1 10 7 12 1 1 9 12 1 1 10 7 12 1 1 9 12 1 1 10 7 12 1 1 9 12 1 1 10 7 12 1 1 9 12 1 1 10 7 12 1 1 9 12 1 1 10 7 12 1 1 9 12 1 1 10 7 12 1 1 9 12 1 1 10 7 12 1 1 9 12 1 1 10 7 12 1 1 9 12 1 1 10 7 12 1 1 9 12 1 1 10 7 12 1 1 9 12 1 1 10 7 12 1 1 9 12 1 1 10 7 12 1 1 9 12 1 1 10 7 12 1 1 9 12 1 1 10 7 12 1 1 9 12 1 1 10 7 12 1 1 9 12 1 1 10 7 12 1 1 9 12 1 1 10 7 12 1 1 9 12 1 1 10 7 12 1 1 9 12 1 1 10 7 12 1 1 9 12 1 1 10 7 12 1 1 9 12 1 1 10 12 1 9 12 1 1 10 7 12 1 1 9 12 1 1 10 7 12 1 1 10 7 12 1 1 9 7 12 1 1 1 10 12 1 1 9 12 1 1 9 12 1 9 12 1 9 12 1 9 12 1 9 12 1 9 12 1 9 12 1 9 12 1 9 12 1 9 12 1 9 12 1 9 12 1 10 12 1 1 9 12 1 10 12 1 1 9 12 1 9 12 1 1 9 12 1 8 1 10 12 1 1 9 12 7 1 9 7 12 1 1 1 9 7 12 1 1 1 10 12 1 9 12 1 1 9 12 1 9 12 1 9 12 1 9 12 1 7 1 10 9 12 1 9 12 1 9 12 1 9 12 1 9 12 1 7 1 9 12 1 1 10 12 1 9 12 1 9 12 1 1 11 7 12 1 1 1 9 7 12 1 1 1 10 12 1 1 9 12 1 1 9 12 1 9 12 1 9 12 1 10 12 1 1 10 7 12 1 1 1 10 12 1 1 10 100 12 1 1 1 10 12 1 1 10 12 1 1 10 7 12 1 1 1 9 12 1 1 10 7 12 1 1 10 7 12 1 1 1 18 12 1 1 10 12 1 1 10 12 1 1 10 12 1 9 12 1 9 7 12 1 1 1 7 1 9 12 1 1 9 7 12 1 1 1 9 7 1 9 7 12 1 1 9 12 1 9 12 1 1 9 7 12 1 1 10 12 1 1 5 0 9 10 5 0 10 12 1 1 9 12 1 1 10 7 12 1 1 1 9 9 12 1 9 12 1 1 5 0 5 0 10 12 1 10 12 1 1 10 12 1 10 12 1 1 10 12 1 9 7 12 1 1 1 10 12 1 7 1 9 12 1 1 10 12 1 1 9 12 9 12 1 1 9 7 12 1 1 1 10 12 1 1 10 12 1 1 10 12 1 1 9 12 1 9 7 1 10 12 1 1 10 12 1 1 10 12 1 1 10 12 1 1 10 12 1 10 12 1 1 10 12 1 10 12 1 1 9 7 12 1 1 9 12 1 9 12 1 10 12 1 1 9 12 1 1 9 7 12 1 1 1 10 12 1 1 9 7 12 1 1 1 10 12 1 1 10 12 1 1 10 12 1 100 1 9 12 1 1 100 1 10 12 1 1 9 12 1 9 10 12 1 10 12 1 1 9 12 1 10 12 1 10 12 1 1 11 12 1 1 9 7 12 1 1 1 9 7 12 1 1 10 12 1 1 10 12 1 1 100 1 9 12 1 10 12 1 1 10 12 9 12 1 10 12 1 1 10 12 1 9 12 1 10 12 1 1 10 12 1 1 10 12 1 1 11 7 12 1 1 1 11 7 12 1 1 11 12 1 1 10 12 1 10 10 12 1 10 12 1 1 10 12 1 1 10 12 1 1 7 1 10 10 12 1 9 12 1 10 12 1 10 12 1 1 9 12 1 1 10 12 1 10 12 1 7 1 10 12 1 9 12 1 9 12 10 12 1 10 12 10 12 1 1 10 12 1 1 7 1 9 7 1 9 12 1 1 9 7 12 1 1 1 5 0 10 12 1 1 9 12 1 10 12 1 10 12 1 10 12 1 1 9 12 1 5 0 10 10 12 1 1 7 1 9 12 1 10 7 1 10 12 1 1 9 12 10 12 1 9 12 1 9 10 12 1 1 9 9 10 12 1 10 10 12 1 1 9 12 1 7 1 9 12 1 10 9 10 12 1 9 12 1 10 12 1 9 12 1 10 12 1 1 9 12 1 10 12 1 1 10 5 0 9 12 1 9 12 1 10 12 1 10 12 1 10 5 0 10 7 12 1 1 10 12 1 9 9 7 1 9 12 9 12 1 9 12 1 10 7 12 1 1 1 9 12 1 10 12 1 10 12 1 9 12 1 10 12 1 1 10 12 1 9 12 1 9 5 0 10 10 12 1 1 9 18 12 1 10 12 1 1 9 7 12 1 1 10 7 1 5 0 9 12 1 1 10 7 12 1 1 1 10 12 1 1 10 12 1 1 10 10 12 1 1 10 12 1 1 10 12 1 1 9 12 1 10 12 1 1 10 12 10 12 1 1 10 12 1 10 12 1 1 10 10 12 1 1 9 10 12 1 1 10 100 12 1 1 1 10 12 1 1 10 12 1 5 0 9 12 1 9 12 1 1 9 12 1 10 12 1 1 10 12 1 9 12 1 9 9 12 1 10 12 10 12 1 9 10 12 1 10 12 1 1 18 12 1 1 11 7 12 1 1 1 11 12 1 1 10 12 1 10 12 1 9 100 12 1 1 1 10 12 1 1 9 10 12 1 10 12 100 1 9 10 12 1 1 10 12 1 1 10 12 1 1 9 7 12 1 1 9 12 1 9 12 1 9 12 1 9 9 5 0 10 12 1 1 9 7 12 1 1 10 12 1 10 12 1 1 10 12 1 5 0 10 12 1 1 5 0 9 12 1 8 1 10 12 1 1 10 12 1 1 10 12 1 1 10 12 1 9 12 1 9 12 1 9 12 1 10 12 1 1 18 12 1 1 10 12 1 1 9 5 0 10 12 1 9 12 1 9 9 12 1 9 12 1 10 12 1 1 10 12 1 1 9 12 1 10 12 1 1 9 12 1 1 9 12 1 9 12 1 5 0 9 12 1 5 0 5 0 10 7 1 9 12 1 9 12 1 9 12 1 1 9 7 12 1 5 0 9 12 1 9 12 1 10 12 1 1 9 12 1 9 12 1 10 12 1 1 10 12 1 1 10 12 1 1 10 12 1 1 10 12 1 1 10 12 1 7 1 10 10 12 1 18 9 18 10 12 1 1 9 12 1 9 12 1 10 12 1 1 10 12 1 1 10 12 10 12 1 1 9 9 12 1 10 12 1 1 5 0 9 12 1 10 12 1 1 10 12 1 1 9 12 1 10 12 1 1 10 12 1 10 12 10 12 1 9 12 7 1 9 12 1 1 9 7 12 1 1 10 12 1 10 12 1 10 12 1 10 12 1 1 9 12 1 10 12 1 1 10 10 12 1 1 10 12 1 10 12 1 18 12 1 10 12 1 1 9 10 12 1 100 1 10 10 12 1 9 12 1 9 12 1 9 5 0 10 12 1 10 12 1 9 12 1 10 12 1 10 12 1 1 10 12 1 10 12 9 100 12 1 1 10 12 1 9 12 1 9 12 1 1 10 12 1 1 9 7 12 1 1 10 7 12 1 1 1 18 12 1 10 12 1 18 9 100 1 9 12 1 10 12 1 1 9 10 12 1 10 12 1 9 7 12 1 9 9 12 1 9 9 7 12 1 1 10 12 10 12 1 10 10 12 1 9 12 1 10 12 1 1 9 12 1 10 12 1 1 10 12 1 10 12 1 10 12 1 1 9 12 10 12 1 1 9 12 1 9 12 1 9 9 12 1 9 12 1 100 1 9 12 1 10 10 12 1 1 9 12 9 9 7 12 1 1 9 12 1 18 12 1 10 12 1 1 10 12 9 12 1 9 12 1 9 12 1 9 7 12 1 1 1 9 12 9 100 12 1 1 9 12 1 10 12 1 1 11 12 1 1 9 10 12 1 1 10 12 1 9 9 18 12 1 10 9 12 1 10 9 12 1 10 12 1 1 10 12 1 100 1 10 12 1 9 12 1 10 12 1 1 9 12 1 10 12 1 10 12 1 1 18 11 12 1 1 18 11 12 1 1 7 1 10 7 1 9 12 1 1 10 9 12 1 9 12 1 7 1 10 12 1 10 12 1 9 12 1 10 9 12 1 9 12 1 10 12 1 10 12 1 1 9 12 1 11 7 12 1 1 10 12 1 1 9 12 1 1 9 12 1 9 12 1 9 12 1 9 12 1 10 12 1 1 10 12 1 9 12 1 10 9 12 1 9 12 1 7 1 10 12 1 1 10 100 12 1 10 12 1 10 12 1 1 10 12 1 10 12 1 10 12 1 9 12 1 10 12 1 1 10 12 1 11 7 12 1 1 9 10 12 1 1 10 12 1 1 9 12 1 9 7 12 1 1 10 12 1 9 12 1 9 12 1 9 12 1 9 12 1 9 9 10 12 1 1 10 12 1 10 12 1 9 12 1 9 12 1 9 10 12 1 9 10 7 1 9 12 1 10 12 1 9 7 12 1 1 1 10 12 1 10 12 1 9 100 12 1 1 1 10 12 1 1 9 5 0 9 7 12 1 1 100 1 10 9 12 9 12 1 10 12 1 10 12 1 1 9 7 12 1 1 1 10 12 1 1 9 9 12 1 7 1 9 12 1 10 12 1 1 5 0 9 9 12 1 10 12 9 9 12 1 9 12 1 100 1 10 12 1 9 12 1 10 12 1 1 10 12 1 1 9 12 1 10 12 1 1 9 12 1 10 12 1 10 12 1 10 12 1 1 9 12 1 10 12 1 1 9 7 1 10 12 1 1 9 9 12 1 9 10 12 1 9 12 1 9 12 1 10 12 1 10 12 1 10 12 1 1 9 7 12 1 1 1 10 10 12 1 1 7 1 9 12 1 9 12 1 10 12 1 9 12 1 9 12 1 7 1 9 10 12 1 10 10 12 1 7 1 9 10 100 12 1 1 1 10 12 1 10 12 1 7 1 10 18 12 1 11 12 1 10 12 1 18 12 1 11 12 10 12 1 1 11 12 1 1 18 10 12 1 9 12 1 10 12 1 18 12 1 18 9 12 1 1 9 12 1 1 10 18 18 18 18 18 12 1 18 18 10 12 1 1 9 7 1 9 12 1 9 12 1 10 12 1 1 7 1 10 10 9 7 1 10 100 1 10 9 10 12 1 1 9 12 9 12 1 9 100 12 1 1 10 10 9 9 12 1 9 12 1 9 12 1 10 7 1 10 9 9 10 12 1 1 9 7 12 1 1 100 1 9 12 1 9 12 1 9 12 1 10 9 12 1 9 12 1 9 12 1 10 12 1 10 12 1 1 10 12 1 9 12 1 9 12 1 9 12 1 9 12 1 10 12 1 9 12 1 9 12 1 9 12 1 10 7 1 9 12 1 9 12 1 9 12 1 9 12 1 9 12 1 9 9 12 1 10 12 1 1 9 7 1 9 100 1 9 12 1 9 12 9 12 1 10 12 1 1 9 12 1 10 12 1 10 12 1 1 10 12 1 9 12 1 10 12 1 10 12 1 1 10 12 1 9 12 1 9 12 1 9 12 1 1 10 12 1 1 10 12 1 1 10 12 1 1 10 12 1 1 9 12 1 1 9 9 12 1 10 12 10 12 1 1 10 12 1 1 9 12 1 7 1 7 1 9 7 12 1 1 1 9 12 1 10 12 1 10 12 1 1 10 12 1 9 12 1 9 12 1 10 12 1 9 12 1 10 10 12 1 9 12 1 10 12 1 7 1 10 12 1 9 9 12 1 9 12 1 100 1 9 12 1 9 12 1 9 10 12 1 1 10 12 1 1 9 12 1 1 10 12 1 1 11 100 12 1 1 1 9 12 1 9 9 12 1 10 12 1 1 10 12 1 1 10 12 1 10 12 1 1 10 12 1 1 9 10 12 1 9 12 1 10 10 12 1 10 10 12 1 9 9 9 9 12 1 10 12 1 9 12 1 5 0 10 12 1 9 12 1 9 12 1 9 10 12 1 10 12 1 10 12 1 10 12 1 9 12 1 10 12 1 1 9 12 1 10 12 1 9 12 1 10 12 1 10 12 1 10 12 1 9 12 1 10 12 1 1 18 12 1 18 12 1 10 12 1 1 10 12 1 1 10 12 1 10 12 1 1 10 12 1 10 12 1 1 10 12 1 1 10 12 1 9 12 1 9 12 1 10 12 1 9 12 10 12 1 9 12 1 1 10 12 1 9 12 1 10 12 1 7 1 10 12 1 9 12 1 10 12 1 1 10 12 1 1 9 7 12 1 1 1 9 9 100 1 9 12 9 12 1 7 1 10 12 1 9 12 1 10 10 12 1 9 12 1 10 12 1 1 10 12 1 9 12 1 10 9 12 1 10 12 1 1 9 12 1 9 12 1 9 10 12 10 12 1 1 9 7 12 1 9 12 1 9 10 12 1 1 10 12 1 1 9 12 1 10 12 1 1 10 12 1 1 9 7 12 1 1 1 10 12 1 1 9 12 10 12 1 10 12 1 1 10 12 1 1 10 12 1 10 12 1 1 10 12 1 1 10 12 1 1 10 12 1 1 100 1 10 12 1 1 7 1 10 7 12 1 1 1 10 12 1 10 12 1 1 10 12 1 10 12 1 100 1 10 12 1 10 10 12 1 1 10 12 1 1 10 7 1 10 12 1 7 1 10 10 10 12 8 1 10 12 1 1 10 12 1 18 12 1 7 1 10 12 1 7 1 10 10 12 1 9 12 9 12 1 10 12 1 10 12 1 10 12 1 1 11 100 12 1 1 9 12 1 11 12 5 0 9 12 1 11 12 1 10 7 1 9 12 1 9 9 10 12 1 1 10 12 1 1 9 7 12 1 1 1 10 12 1 10 12 1 9 10 12 1 9 12 1 10 12 1 1 10 12 1 1 9 12 1 1 100 1 10 12 1 10 12 1 9 9 12 1 1 10 12 1 1 10 12 1 7 1 9 12 1 10 100 1 10 8 1 10 12 1 10 12 1 10 12 1 100 1 9 100 12 1 1 1 10 12 1 10 12 1 1 10 12 1 10 12 1 10 12 1 10 12 1 10 12 1 9 10 12 1 1 9 12 1 10 12 1 1 9 12 1 9 12 1 10 7 12 1 1 9 12 1 10 12 1 10 9 12 1 9 12 1 10 12 1 10 12 1 1 10 12 1 8 1 10 12 1 1 9 12 1 10 11 12 1 1 10 12 1 1 10 12 1 1 10 12 1 18 12 1 9 12 1 18 12 1 10 12 1 18 12 1 18 12 1 10 18 18 11 18 12 1 9 7 1 10 12 1 1 10 12 1 1 10 12 1 10 12 1 10 9 12 1 9 7 12 1 1 10 12 1 9 12 1 9 7 1 9 10 10 12 1 10 12 1 1 9 9 12 1 10 12 1 1 10 12 1 10 10 12 1 9 12 1 7 1 9 12 1 10 12 1 1 10 12 1 9 7 1 10 9 10 12 1 9 9 10 12 1 1 100 1 7 1 10 10 12 10 12 1 10 12 1 9 7 12 1 9 10 12 1 1 9 12 1 100 1 10 10 12 1 1 9 7 1 10 12 1 9 12 1 9 12 1 9 12 1 10 10 12 1 10 12 1 1 9 7 1 9 100 12 1 1 1 10 12 1 10 12 1 10 9 12 1 9 12 1 10 12 1 10 12 1 9 7 1 10 9 9 10 12 1 1 10 12 1 1 9 10 10 12 1 1 10 12 1 9 100 12 1 1 9 9 9 100 12 1 1 9 9 10 12 1 1 9 7 1 9 12 1 9 12 1 10 10 12 1 10 10 12 1 1 10 12 1 1 9 9 12 1 10 12 1 1 10 12 1 1 10 12 1 1 10 12 1 1 10 12 1 10 12 1 9 9 12 1 9 12 9 12 10 9 12 1 10 12 1 9 9 10 12 1 1 9 12 1 10 12 1 10 12 1 10 12 1 1 10 100 1 9 12 1 10 12 1 100 1 10 12 1 10 12 1 1 10 9 12 1 10 12 1 10 12 1 1 10 12 1 1 9 12 1 10 12 1 1 10 12 1 10 12 1 10 12 1 1 10 12 1 1 5 0 100 1 10 12 1 10 12 1 10 12 1 10 12 1 1 10 12 1 10 12 1 1 10 12 1 10 12 1 1 9 12 1 10 12 1 10 12 1 10 12 1 10 12 1 1 10 12 1 10 12 1 10 12 1 1 10 12 1 10 12 1 1 8 1 8 1 10 12 1 1 10 12 1 10 12 1 10 12 1 10 12 1 9 9 9 12 1 10 12 1 1 9 12 1 10 12 1 1 10 12 1 10 12 10 12 1 1 10 12 1 10 12 1 9 12 1 10 12 1 10 12 10 12 1 10 10 12 1 10 12 1 1 10 12 1 1 10 12 1 1 10 10 12 1 1 10 12 1 10 9 12 1 10 12 1 10 12 1 7 1 10 12 1 10 12 1 10 12 1 1 10 10 12 1 1 10 12 1 10 12 9 12 1 10 12 1 10 12 1 1 10 12 1 100 1 10 100 1 10 100 1 10 12 1 100 1 10 12 1 9 12 10 100 1 10 12 1 1 9 12 9 7 1 9 7 1 9 10 12 1 10 12 1 10 12 1 8 1 10 10 100 12 1 1 10 12 1 10 12 1 9 7 12 1 1 10 12 1 10 10 12 1 10 12 1 1 7 1 10 12 1 9 9 100 1 10 12 1 1 9 9 10 12 1 1 10 9 12 1 10 12 1 1 10 12 1 5 0 5 0 9 10 12 1 1 10 12 1 10 12 1 9 7 12 1 1 9 7 12 1 9 12 1 9 12 1 10 8 1 10 12 1 9 100 12 1 1 10 12 1 10 12 1 1 9 7 12 1 1 9 12 9 10 100 1 9 12 1 10 12 1 1 10 12 1 100 1 9 12 1 1 10 12 1 1 10 10 12 1 9 12 1 10 12 1 9 5 0 10 12 1 10 12 9 12 1 9 12 1 10 12 1 1 9 12 1 10 12 1 9 100 12 1 1 9 12 1 9 12 1 10 12 1 10 12 1 1 10 9 12 1 10 12 1 11 12 9 12 1 18 12 1 11 12 1 1 10 12 1 100 1 10 12 1 10 10 12 1 10 12 1 1 10 12 1 10 12 1 9 12 1 10 12 1 10 12 1 18 12 1 10 12 1 18 18 5 0 18 10 12 1 10 12 1 10 9 12 1 10 12 1 10 10 12 1 10 12 1 10 12 1 10 9 12 1 9 12 1 5 0 9 12 1 9 12 1 10 12 1 1 10 12 1 10 12 1 1 10 12 1 1 10 100 12 1 1 10 12 1 1 10 9 10 12 1 1 10 12 1 9 12 1 10 12 1 10 12 1 1 10 7 12 1 1 1 9 100 1 10 12 1 1 10 12 1 1 10 12 1 10 12 1 10 12 1 9 10 12 1 9 12 1 10 12 1 9 12 1 10 12 1 5 0 10 12 1 10 12 1 10 12 1 9 12 1 5 0 10 12 1 1 10 12 1 10 12 1 9 10 9 12 1 10 10 9 12 1 10 12 1 10 12 1 5 0 10 12 1 9 12 1 10 12 1 10 12 1 10 100 1 7 1 10 12 1 100 1 10 10 100 1 10 12 1 10 9 10 10 12 1 10 12 1 100 1 10 12 1 9 12 1 18 12 1 10 12 1 10 12 1 10 12 1 1 10 12 1 10 12 1 100 1 10 12 1 10 12 9 12 1 10 12 1 7 1 10 9 12 1 9 12 1 9 12 1 9 12 1 1 1 1 1 1 1 1 1 1 1 1 1 1 1 1 1 1 1 1 1 1 1 1 1 1 1 1 1 1 1 1 1 1 1 1 1 1 1 1 1 1 1 1 1 1 1 1 1 1 1 1 1 1 1 1 1 1 1 1 100 1 1 1 1 1 1 1 1 1 1 1 1 1 1 1 1 1 1 1 1 1 1 1 1 1 1 1 1 1 1 1 1 1 1 1 1 1 1 1 1 1 1 1 1 1 1 1 1 1 1 1 1 1 1 1 1 1 1 1 1 1 1 1 1 1 1 1 1 1 7 1 1 1 1 1 1 1 1 1 1 1 1 1 1 1 1 1 1 1 1 100 1 100 1 1 1 1 1 1 1 1 1 1 1 1 1 1 1 1 1 1 1 1 1 1 1 1 1 1 1 1 1 1 1 1 1 1 1 1 1 1 1 1 1 1 1 1 1 1 1 1 1 1 1 1 1 1 1 1 1 1 1 1 1 1 1 1 1 1 1 1 1 1 1 1 1 1 1 1 1 1 1 1 1 1 100 1 1 1 1 1 1 1 1 1 1 1 1 1 1 1 1 1 1 1 1 1 1 1 1 1 1 1 100 1 1 1 1 1 1 1 1 1 1 1 1 1 1 1 1 1 1 1 1 1 1 1 1 1 1 1 1 1 1 100 1 1 1 1 1 1 1 1 1 1 1 1 1 1 1 1 1 1 1 1 1 1 1 1 1 1 1 1 1 1 1 1 1 1 1 1 1 1 1 1 1 1 1 1 1 1 1 1 1 1 1 1 1 1 1 1 1 1 1 1 1 1 1 1 1 1 1 1 1 1 1 1 1 1 1 1 1 1 1 1 1 1 1 1 1 1 1 1 1 1 1 1 1 1 1 1 1 1 1 1 1 1 1 1 1 1 1 1 1 100 1 1 1 1 1 1 1 1 1 1 1 1 1 1 1 1 1 1 1 1 1 1 1 1 1 1 1 1 1 1 1 1 1 1 1 1 1 100 1 100 1 100 1 1 1 1 1 1 1 1 1 1 1 1 1 1 1 1 1 1 1 1 1 1 1 1 1 1 1 1 1 1 1 1 1 1 1 1 1 1 1 1 1 1 1 1 1 1 1 1 1 1 1 1 1 1 1 1 1 1 1 1 1 1 1 1 1 1 1 1 1 1 1 1 1 1 1 1 1 1 1 1 1 1 1 1 1 1 1 1 1 1 1 1 100 1 1 1 1 1 1 1 1 1 1 1 1 1 1 1 1 1 1 1 1 1 1 1 1 1 1 1 1 1 1 1 1 1 1 1 1 1 1 1 1 1 1 1 1 1 1 1 1 1 1 1 1 1 1 1 1 1 1 1 1 1 1 1 1 1 1 1 1 1 1 1 1 1 1 1 1 1 1 1 1 1 1 1 1 1 1 1 1 1 1 1 1 1 1 1 1 1 1 1 1 1 1 1 1 1 1 1 1 1 1 1 1 1 1 1 1 1 1 1 1 1 1 1 1 1 1 1 1 1 1 1 1 1 1 1 1 1 1 1 1 1 1 1 1 1 1 1 1 1 1 1 1 1 1 1 1 1 1 1 1 1 1 1 1 1 1 1 100 1 100 1 100 1 1 15 10 7 12 1 1 1 16 1 15 10 12 16 15 10 12 16 1 16 15 10 12 16 1 16 15 10 12 16 15 10 12 16 15 10 12 16 15 10 12 16 15 16 1 15 10 12 1 16 15 10 12 16 15 10 12 15 10 12 16 15 10 12 16 15 10 12 16 15 10 12 16 15 10 12 15 10 12 15 10 12 15 10 12 15 10 12 15 10 12 15 10 12 15 10 12 15 10 12 15 10 12 15 10 12 15 10 12 15 10 12 15 10 12 15 10 12 15 10 12 15 10 12 16 15 10 12 15 10 12 15 10 12 15 10 12 16 1 15 10 12 15 10 12 15 10 12 16 15 10 12 15 10 12 1 1 1 1 1 1 1 1 1 1 100 1 1 1 1 1 1 1 100 1 1 1 1 100 1 1 100 1 1 1 1 1 1 1 1 1 1 1 1 1 1 1 1 1 1 1 1 1 1 1 1 1 1 100 1 1 1 1 1 1 1 1 1 1 1 1 1 1 1 100 1 1 1 1 1 1 1 1 1 1 1 100 1 1 1 1 1 1 1 1 1 1 1 1 1 1 1 1 1 1 1 1 1 1 1 1 1 100 1 1 100 1 1 1 1 1 1 100 1 1 1 1 1 1 1 1 100 1 1 1 1 1 1 1 100 1 1 1 1 100 1 1 1 1 1 1 1 1 1 1 1 1 1 1 1 1 1 1 1 1 1 1 1 100 1 1 1 1 1 1 1 1 1 1 1 100 1 1 1 1 1 1 1 100 1 1 1 1 1 100 1 1 100 1 1 100 1 100 1 1
staticfield com/sun/tools/javac/comp/Attr attrKey Lcom/sun/tools/javac/util/Context$Key; com/sun/tools/javac/util/Context$Key
staticfield com/sun/tools/javac/comp/Attr primitiveTags [Lcom/sun/tools/javac/code/TypeTag; 8 [Lcom/sun/tools/javac/code/TypeTag;
ciInstanceKlass com/sun/tools/javac/comp/Attr$TypeAnnotationsValidator 1 1 538 9 7 12 1 1 1 10 7 12 1 1 1 9 12 1 1 9 7 12 1 1 1 10 7 12 1 1 1 10 12 1 1 9 100 12 1 1 1 9 7 12 1 1 1 10 7 12 1 1 1 10 12 1 1 9 7 12 1 1 1 10 12 1 1 9 12 1 10 12 1 1 9 7 12 1 1 1 9 7 12 1 1 9 12 1 1 9 100 1 9 12 1 1 10 12 1 1 9 12 1 10 12 1 1 9 10 12 1 9 12 1 9 12 1 9 12 1 9 12 1 9 12 1 1 9 7 1 10 12 1 9 12 1 9 7 12 1 1 1 9 7 1 10 12 1 1 9 7 12 1 1 7 1 10 12 1 1 9 7 12 1 9 7 12 1 1 1 10 12 1 1 9 9 12 1 1 9 12 1 1 9 7 1 10 12 1 1 9 7 12 1 1 10 12 1 1 9 9 12 1 9 12 1 9 12 1 10 7 12 1 1 1 11 7 12 1 1 11 12 1 1 9 12 1 10 9 7 12 1 1 10 12 1 9 12 1 10 12 1 1 7 1 10 10 12 1 1 10 12 1 1 9 9 12 1 7 1 10 12 1 1 9 7 12 1 1 1 10 12 1 10 12 1 1 10 12 1 10 12 1 9 12 1 1 10 12 1 1 9 12 1 1 100 1 9 12 1 1 10 100 12 1 1 1 10 100 12 1 1 1 100 1 10 10 12 1 1 10 12 1 10 12 1 1 9 12 1 9 12 1 7 1 10 12 1 1 9 7 12 1 1 1 9 12 1 10 12 1 1 9 12 1 7 1 10 12 1 9 9 12 1 7 1 10 12 1 9 12 1 100 1 10 12 1 10 9 12 1 9 12 1 100 1 10 8 1 10 12 1 1 10 12 1 8 1 8 1 10 12 1 1 10 100 12 1 1 9 9 12 1 1 10 100 12 1 1 1 9 100 12 1 1 1 10 10 12 1 1 1 1 1 1 1 1 1 1 1 1 1 1 1 1 1 1 1 1 1 1 1 1 1 1 1 1 1 1 1 1 1 1 1 1 1 1 1 1 1 1 1 1 1 1 1 1 1 1 1 1 1 1 1 1 1 1 1 1 1 1 1 1 1 1 1 1 1 1 1 100 1 1 1 1 1 1 1 1 100 1 1 1 1 1 1 100 1 100 1 1 100 1 100 1 1 100 1 1 100 1 1 1 100 1 1 1 1 1 1
instanceKlass com/sun/tools/javac/comp/LambdaToMethod$1LambdaBodyTranslator
instanceKlass com/sun/tools/javac/comp/LambdaToMethod$LambdaAnalyzerPreprocessor
instanceKlass com/sun/tools/javac/comp/LambdaToMethod
instanceKlass com/sun/tools/javac/comp/TransPatterns
instanceKlass com/sun/tools/javac/comp/TransTypes
instanceKlass com/sun/tools/javac/comp/Lower
instanceKlass com/sun/tools/javac/comp/Attr$4
ciInstanceKlass com/sun/tools/javac/tree/TreeTranslator 1 1 725 10 7 12 1 1 1 10 7 12 1 1 1 9 7 12 1 1 1 10 7 12 1 1 1 9 12 1 1 10 12 1 1 9 12 1 1 7 1 100 1 7 1 7 1 7 1 9 100 12 1 1 10 12 1 9 100 12 1 1 9 12 1 1 7 1 9 100 12 1 1 9 7 12 1 1 1 7 1 9 12 1 10 12 1 9 12 1 9 12 1 9 9 7 1 9 12 1 9 9 12 1 1 9 12 1 10 12 1 9 12 1 9 12 1 1 7 1 9 9 12 1 9 12 1 9 12 1 9 12 1 9 100 12 1 1 7 1 9 12 1 9 100 1 9 9 7 12 1 9 9 12 1 9 9 7 12 1 1 9 12 1 9 9 100 1 9 7 12 1 1 9 12 1 10 12 1 9 12 1 9 9 100 1 9 9 7 12 1 1 9 9 7 12 1 1 9 9 12 1 10 12 1 9 12 1 9 12 1 9 9 7 1 9 12 1 9 12 1 9 7 1 9 12 1 9 12 1 9 7 1 9 100 12 1 1 9 7 1 9 7 1 9 100 1 9 12 1 9 7 12 1 1 9 12 1 9 7 12 1 1 9 12 1 9 9 12 1 1 9 7 1 9 12 9 7 1 10 12 1 1 9 12 1 10 12 1 1 11 7 12 1 1 11 12 1 1 10 12 1 1 9 12 1 9 12 1 9 12 1 9 7 1 9 7 12 1 1 9 12 1 9 7 1 9 9 7 12 1 1 9 7 1 9 9 7 12 1 9 9 7 1 9 12 1 9 100 1 9 100 12 1 1 100 1 9 100 12 1 1 9 9 7 12 1 1 9 12 1 9 7 12 1 1 9 7 1 9 7 1 9 7 1 9 12 1 9 7 12 1 1 9 100 12 1 1 9 9 9 100 12 1 1 1 100 1 9 12 1 9 100 1 9 9 10 12 1 9 12 1 9 9 100 1 9 12 1 100 1 10 12 1 1 1 1 1 1 1 1 1 1 1 1 1 1 1 1 1 1 1 1 1 1 1 1 1 1 1 1 1 1 1 1 1 1 1 1 1 1 1 1 1 1 1 1 1 1 1 1 1 1 1 1 1 1 1 1 1 1 1 1 1 1 1 1 1 1 1 1 1 1 1 1 1 1 1 1 1 1 1 1 1 1 1 1 1 1 1 1 1 1 1 1 1 1 1 1 1 1 1 1 1 1 1 1 1 1 1 1 1 1 1 1 1 1 1 1 1 1 1 1 1 1 1 1 1 1 1 1 1 1 1 1 1 1 1 1 1 1 1 1 1 1 1 1 1 1 1 1 1 1 1 1 1 1 1 1 1 1 1 1 1 1 1 1 1 1 1 1 1 1 1 1 1 1 1 1 1 1 1 1 1 1 1 1 1 1 1 1 1 1 1 1 1 1 1 1 1 1 1 1 1 1 1 1 1 1 1 1 1 1 1 1 1 1 1 1 1 1 1 1 1 1 1 1 1 1 1 1 1 1 1 1 1 1 1 1 1 1 1 1 1 1 1 1 1 1 1 1 1 1 1 1 1 1 1 1 1 1 1 1 1 1 1 1 1 1 1 1 1 1 100 1 1 100 1 1 100 1 1 100 1 1 100 1 1 100 1 1 100 1 1 100 1 1
ciInstanceKlass com/sun/tools/javac/code/TypeTag 1 1 268 100 1 7 1 9 12 1 1 9 12 1 9 12 1 9 12 1 9 12 1 9 12 1 9 12 1 9 12 1 9 12 1 9 12 1 9 12 1 9 12 1 9 12 1 9 12 1 9 12 1 9 12 1 9 12 1 9 12 1 9 12 1 9 12 1 9 12 1 9 12 1 9 12 1 9 12 1 9 12 1 9 12 1 1 10 7 12 1 1 10 7 12 1 1 1 10 12 1 1 10 12 1 9 12 1 1 9 12 1 9 12 1 1 10 12 1 1 9 7 12 1 1 1 9 100 12 1 1 1 9 12 1 9 12 1 9 12 1 9 12 1 9 12 1 9 12 1 9 12 1 100 1 100 1 10 12 1 8 1 10 12 1 1 10 12 1 10 12 1 1 10 12 1 9 100 12 1 1 9 12 9 12 9 12 9 12 9 12 9 12 9 12 9 12 8 1 100 1 100 1 3 100 1 10 8 8 8 8 8 8 8 8 8 10 8 8 8 8 8 8 8 8 8 8 8 8 8 8 8 8 10 12 1 1 1 1 1 1 1 1 1 1 1 1 1 1 1 1 1 1 1 1 1 1 1 1 1 1 1 1 1 1 1 1 100 1 1
staticfield com/sun/tools/javac/code/TypeTag BYTE Lcom/sun/tools/javac/code/TypeTag; com/sun/tools/javac/code/TypeTag
staticfield com/sun/tools/javac/code/TypeTag CHAR Lcom/sun/tools/javac/code/TypeTag; com/sun/tools/javac/code/TypeTag
staticfield com/sun/tools/javac/code/TypeTag SHORT Lcom/sun/tools/javac/code/TypeTag; com/sun/tools/javac/code/TypeTag
staticfield com/sun/tools/javac/code/TypeTag LONG Lcom/sun/tools/javac/code/TypeTag; com/sun/tools/javac/code/TypeTag
staticfield com/sun/tools/javac/code/TypeTag FLOAT Lcom/sun/tools/javac/code/TypeTag; com/sun/tools/javac/code/TypeTag
staticfield com/sun/tools/javac/code/TypeTag INT Lcom/sun/tools/javac/code/TypeTag; com/sun/tools/javac/code/TypeTag
staticfield com/sun/tools/javac/code/TypeTag DOUBLE Lcom/sun/tools/javac/code/TypeTag; com/sun/tools/javac/code/TypeTag
staticfield com/sun/tools/javac/code/TypeTag BOOLEAN Lcom/sun/tools/javac/code/TypeTag; com/sun/tools/javac/code/TypeTag
staticfield com/sun/tools/javac/code/TypeTag VOID Lcom/sun/tools/javac/code/TypeTag; com/sun/tools/javac/code/TypeTag
staticfield com/sun/tools/javac/code/TypeTag CLASS Lcom/sun/tools/javac/code/TypeTag; com/sun/tools/javac/code/TypeTag
staticfield com/sun/tools/javac/code/TypeTag ARRAY Lcom/sun/tools/javac/code/TypeTag; com/sun/tools/javac/code/TypeTag
staticfield com/sun/tools/javac/code/TypeTag METHOD Lcom/sun/tools/javac/code/TypeTag; com/sun/tools/javac/code/TypeTag
staticfield com/sun/tools/javac/code/TypeTag PACKAGE Lcom/sun/tools/javac/code/TypeTag; com/sun/tools/javac/code/TypeTag
staticfield com/sun/tools/javac/code/TypeTag MODULE Lcom/sun/tools/javac/code/TypeTag; com/sun/tools/javac/code/TypeTag
staticfield com/sun/tools/javac/code/TypeTag TYPEVAR Lcom/sun/tools/javac/code/TypeTag; com/sun/tools/javac/code/TypeTag
staticfield com/sun/tools/javac/code/TypeTag WILDCARD Lcom/sun/tools/javac/code/TypeTag; com/sun/tools/javac/code/TypeTag
staticfield com/sun/tools/javac/code/TypeTag FORALL Lcom/sun/tools/javac/code/TypeTag; com/sun/tools/javac/code/TypeTag
staticfield com/sun/tools/javac/code/TypeTag DEFERRED Lcom/sun/tools/javac/code/TypeTag; com/sun/tools/javac/code/TypeTag
staticfield com/sun/tools/javac/code/TypeTag BOT Lcom/sun/tools/javac/code/TypeTag; com/sun/tools/javac/code/TypeTag
staticfield com/sun/tools/javac/code/TypeTag NONE Lcom/sun/tools/javac/code/TypeTag; com/sun/tools/javac/code/TypeTag
staticfield com/sun/tools/javac/code/TypeTag ERROR Lcom/sun/tools/javac/code/TypeTag; com/sun/tools/javac/code/TypeTag
staticfield com/sun/tools/javac/code/TypeTag UNKNOWN Lcom/sun/tools/javac/code/TypeTag; com/sun/tools/javac/code/TypeTag
staticfield com/sun/tools/javac/code/TypeTag UNDETVAR Lcom/sun/tools/javac/code/TypeTag; com/sun/tools/javac/code/TypeTag
staticfield com/sun/tools/javac/code/TypeTag UNINITIALIZED_THIS Lcom/sun/tools/javac/code/TypeTag; com/sun/tools/javac/code/TypeTag
staticfield com/sun/tools/javac/code/TypeTag UNINITIALIZED_OBJECT Lcom/sun/tools/javac/code/TypeTag; com/sun/tools/javac/code/TypeTag
staticfield com/sun/tools/javac/code/TypeTag $VALUES [Lcom/sun/tools/javac/code/TypeTag; 25 [Lcom/sun/tools/javac/code/TypeTag;
ciInstanceKlass com/sun/tools/javac/code/Symtab 1 1 1373 100 1 9 7 12 1 1 1 10 7 12 1 1 1 10 12 1 1 9 12 1 1 7 1 10 12 1 18 12 1 1 11 7 12 1 1 1 7 1 9 7 12 1 1 1 9 12 1 1 10 12 1 1 10 7 12 1 1 1 7 1 9 12 1 1 10 7 12 1 1 1 9 12 1 1 10 12 1 10 12 1 1 10 12 1 9 12 1 1 7 1 10 12 1 8 1 10 12 1 1 10 12 1 1 9 12 1 1 10 12 1 1 9 12 1 1 9 7 12 1 1 1 7 1 10 12 1 9 7 1 10 12 1 7 1 9 9 7 12 1 1 5 0 9 12 1 1 9 12 1 10 7 12 1 1 1 9 12 1 1 10 7 12 1 1 1 9 12 1 1 9 12 1 9 12 1 9 12 1 9 12 1 10 7 1 7 1 9 12 1 1 10 12 1 9 12 1 1 9 12 1 9 12 1 9 12 1 9 12 1 9 12 1 9 12 1 9 12 1 9 12 1 9 12 1 9 12 1 9 12 1 9 12 1 9 12 1 9 12 1 7 1 10 9 12 1 7 1 10 9 12 1 1 10 12 1 7 1 7 1 10 9 12 1 9 12 1 7 1 10 9 12 1 10 12 1 1 10 12 1 1 7 1 10 9 12 1 10 7 12 1 1 9 12 1 1 10 7 12 1 1 10 7 12 1 1 7 1 9 12 1 1 10 12 1 1 10 12 1 7 1 10 12 1 9 12 1 10 12 1 1 9 7 12 1 1 9 12 1 10 12 1 1 7 1 10 9 12 1 7 1 10 9 12 1 7 1 9 7 12 1 1 1 9 12 1 1 10 12 1 9 12 1 5 0 9 12 1 9 12 1 1 7 1 10 12 1 9 12 1 8 1 9 12 1 7 1 10 12 1 8 1 8 1 10 12 1 8 1 8 1 8 1 8 1 8 1 8 1 8 1 8 1 8 1 8 1 8 1 8 1 8 1 8 1 8 1 8 1 8 1 5 0 9 12 1 10 12 1 9 12 1 9 12 1 9 12 1 9 12 1 9 12 1 9 12 1 10 7 12 1 1 10 12 1 1 9 12 1 9 7 1 9 10 12 1 10 7 12 1 1 9 7 12 1 1 1 10 12 1 1 9 12 10 12 1 1 9 10 7 12 1 1 1 9 12 1 10 7 12 1 1 10 9 12 1 8 1 10 12 1 9 12 1 8 1 9 12 1 8 1 9 12 1 8 1 9 12 1 8 1 9 12 1 8 1 9 12 1 8 1 9 12 1 8 1 9 12 1 8 1 9 12 1 8 1 9 12 1 8 1 9 12 1 8 1 9 12 1 8 1 9 12 1 8 1 9 12 1 8 1 9 12 1 8 1 9 12 1 8 1 9 12 1 8 1 9 12 1 8 1 9 12 1 8 1 9 12 1 8 1 9 12 1 8 1 9 12 1 8 1 9 12 1 8 1 9 12 1 8 1 9 12 1 8 1 9 12 1 8 1 8 1 9 12 1 9 12 1 9 12 1 7 1 5 0 9 12 1 7 1 10 12 1 10 9 12 1 1 8 1 9 12 1 8 1 9 12 1 8 1 9 12 1 8 1 9 12 1 8 1 9 12 1 8 1 9 12 1 8 1 9 12 1 8 1 9 12 1 8 1 9 12 1 8 1 9 12 1 8 1 9 12 1 8 1 9 12 1 8 1 9 12 1 8 1 9 12 1 8 1 9 12 1 8 1 9 12 1 8 1 9 12 1 8 1 9 12 1 8 1 9 12 1 9 12 1 10 12 1 9 12 1 8 1 9 12 1 8 1 9 12 1 8 1 9 12 1 8 1 9 12 1 8 1 9 12 1 8 1 9 12 1 8 1 10 12 1 9 12 1 8 1 9 12 1 8 1 9 12 1 8 1 9 12 1 8 1 9 12 1 8 1 9 12 1 10 12 1 1 10 12 1 8 1 9 12 1 8 1 9 12 1 5 0 9 12 1 10 12 1 1 10 12 1 5 0 9 12 1 10 9 12 1 1 10 9 12 1 9 12 1 10 7 12 1 1 1 18 12 1 1 10 7 12 1 1 10 12 1 1 10 12 1 10 12 1 1 10 12 1 1 9 12 1 9 12 1 1 9 12 1 9 12 1 9 7 1 9 12 1 10 10 12 1 10 12 1 9 12 1 18 12 1 10 12 1 11 12 1 1 11 12 10 12 1 1 10 12 1 10 12 1 1 10 12 10 12 1 10 12 1 9 12 1 10 12 1 1 18 12 1 11 7 12 1 1 1 18 12 1 1 11 12 1 1 9 11 12 10 9 12 1 11 12 18 12 1 1 9 12 1 18 10 7 12 1 1 1 10 12 9 12 1 10 12 1 18 12 1 10 12 1 1 10 12 1 9 10 12 1 1 18 7 1 10 18 12 1 9 5 0 9 12 1 10 12 1 18 11 12 1 1 11 7 12 1 1 11 7 12 1 1 11 12 1 1 7 1 11 12 1 10 10 11 12 1 11 12 1 1 11 12 8 1 10 12 1 18 10 7 12 1 1 1 11 7 1 9 7 12 1 1 9 12 1 9 12 1 10 7 12 1 1 1 10 12 1 10 12 1 1 100 1 10 12 1 10 12 1 1 10 12 1 5 0 9 12 1 7 1 10 1 1 1 1 1 1 1 1 1 1 1 1 1 1 1 1 1 1 1 1 1 1 1 1 1 1 1 1 1 1 1 1 1 1 1 1 100 1 1 1 1 1 1 1 1 1 1 1 1 1 1 1 1 1 1 1 1 1 1 1 1 1 1 1 1 1 1 1 1 1 1 1 1 1 1 1 1 1 1 1 1 1 1 1 1 1 1 1 1 1 1 1 1 1 1 1 1 1 1 1 1 1 1 1 1 1 1 1 15 10 7 12 1 1 1 16 15 10 12 16 1 16 15 16 15 10 16 15 10 12 16 16 1 15 10 12 16 16 15 10 12 15 10 12 16 15 10 12 15 10 12 15 10 12 15 10 12 15 10 12 16 1 1 1 1 1 1 1 1 1 1 100 1 1 1 1 1 1 1 100 1 1 100 1 1 1 1 1 1 1 1 100 1 1 1 100 1 100 1 1
staticfield com/sun/tools/javac/code/Symtab symtabKey Lcom/sun/tools/javac/util/Context$Key; com/sun/tools/javac/util/Context$Key
staticfield com/sun/tools/javac/code/Symtab EMPTY Ljava/util/Map; java/util/HashMap
ciInstanceKlass com/sun/tools/javac/code/Symbol$RootPackageSymbol 1 1 35 10 7 12 1 1 1 9 7 12 1 1 1 9 12 1 1 1 1 1 1 1 1 1 1 1 1 1 1 1 100 1 1 1 1
ciInstanceKlass com/sun/tools/javac/code/Type$1 1 1 26 10 7 12 1 1 1 8 1 100 1 1 1 1 1 1 1 1 1 1 1 100 1 1 1 1
ciInstanceKlass com/sun/tools/javac/code/Type$StructuralTypeMapping$1 1 1 50 9 7 12 1 1 1 10 7 12 1 1 1 1 1 1 1 1 1 1 1 1 1 1 1 1 1 1 1 1 1 1 1 1 100 1 12 1 1 1 100 1 1 1 1 100 1 100 1 1
ciInstanceKlass com/sun/tools/javac/code/Kinds$Kind 1 1 244 7 1 9 12 1 1 9 12 1 9 12 1 9 12 1 9 12 1 9 12 1 9 12 1 9 12 1 9 12 1 9 12 1 9 12 1 9 12 1 9 12 1 9 12 1 9 12 1 9 12 1 9 12 1 9 12 1 9 12 1 1 10 7 12 1 1 10 7 12 1 1 1 10 12 1 1 10 12 1 9 12 1 1 9 12 1 1 9 12 1 9 12 1 1 10 7 12 1 1 1 9 7 12 1 1 9 12 1 9 12 1 10 12 1 1 100 1 100 1 10 12 1 8 1 10 12 1 1 10 12 1 10 12 1 1 10 12 1 8 9 12 10 12 1 8 9 7 12 1 1 9 12 10 12 1 8 9 12 1 9 12 8 9 12 9 12 8 9 12 1 9 12 8 9 12 8 9 12 8 9 12 1 9 12 8 10 12 1 8 8 8 8 8 10 12 1 8 8 8 8 10 12 1 1 1 1 1 1 1 1 1 1 1 1 1 1 1 1 1 1 1 1 1 1 1 1 1 1 1 1 1 1 1 1 1 1 100 1 1 1 1 1 1
staticfield com/sun/tools/javac/code/Kinds$Kind NIL Lcom/sun/tools/javac/code/Kinds$Kind; com/sun/tools/javac/code/Kinds$Kind
staticfield com/sun/tools/javac/code/Kinds$Kind PCK Lcom/sun/tools/javac/code/Kinds$Kind; com/sun/tools/javac/code/Kinds$Kind
staticfield com/sun/tools/javac/code/Kinds$Kind TYP Lcom/sun/tools/javac/code/Kinds$Kind; com/sun/tools/javac/code/Kinds$Kind
staticfield com/sun/tools/javac/code/Kinds$Kind VAR Lcom/sun/tools/javac/code/Kinds$Kind; com/sun/tools/javac/code/Kinds$Kind
staticfield com/sun/tools/javac/code/Kinds$Kind MTH Lcom/sun/tools/javac/code/Kinds$Kind; com/sun/tools/javac/code/Kinds$Kind
staticfield com/sun/tools/javac/code/Kinds$Kind POLY Lcom/sun/tools/javac/code/Kinds$Kind; com/sun/tools/javac/code/Kinds$Kind
staticfield com/sun/tools/javac/code/Kinds$Kind MDL Lcom/sun/tools/javac/code/Kinds$Kind; com/sun/tools/javac/code/Kinds$Kind
staticfield com/sun/tools/javac/code/Kinds$Kind ERR Lcom/sun/tools/javac/code/Kinds$Kind; com/sun/tools/javac/code/Kinds$Kind
staticfield com/sun/tools/javac/code/Kinds$Kind AMBIGUOUS Lcom/sun/tools/javac/code/Kinds$Kind; com/sun/tools/javac/code/Kinds$Kind
staticfield com/sun/tools/javac/code/Kinds$Kind HIDDEN Lcom/sun/tools/javac/code/Kinds$Kind; com/sun/tools/javac/code/Kinds$Kind
staticfield com/sun/tools/javac/code/Kinds$Kind STATICERR Lcom/sun/tools/javac/code/Kinds$Kind; com/sun/tools/javac/code/Kinds$Kind
staticfield com/sun/tools/javac/code/Kinds$Kind MISSING_ENCL Lcom/sun/tools/javac/code/Kinds$Kind; com/sun/tools/javac/code/Kinds$Kind
staticfield com/sun/tools/javac/code/Kinds$Kind BAD_RESTRICTED_TYPE Lcom/sun/tools/javac/code/Kinds$Kind; com/sun/tools/javac/code/Kinds$Kind
staticfield com/sun/tools/javac/code/Kinds$Kind ABSENT_VAR Lcom/sun/tools/javac/code/Kinds$Kind; com/sun/tools/javac/code/Kinds$Kind
staticfield com/sun/tools/javac/code/Kinds$Kind WRONG_MTHS Lcom/sun/tools/javac/code/Kinds$Kind; com/sun/tools/javac/code/Kinds$Kind
staticfield com/sun/tools/javac/code/Kinds$Kind WRONG_MTH Lcom/sun/tools/javac/code/Kinds$Kind; com/sun/tools/javac/code/Kinds$Kind
staticfield com/sun/tools/javac/code/Kinds$Kind ABSENT_MTH Lcom/sun/tools/javac/code/Kinds$Kind; com/sun/tools/javac/code/Kinds$Kind
staticfield com/sun/tools/javac/code/Kinds$Kind ABSENT_TYP Lcom/sun/tools/javac/code/Kinds$Kind; com/sun/tools/javac/code/Kinds$Kind
staticfield com/sun/tools/javac/code/Kinds$Kind $VALUES [Lcom/sun/tools/javac/code/Kinds$Kind; 18 [Lcom/sun/tools/javac/code/Kinds$Kind;
ciInstanceKlass com/sun/tools/javac/code/Kinds$KindSelector 1 1 127 10 7 12 1 1 1 9 7 12 1 1 1 10 12 1 100 1 10 100 12 1 1 1 9 12 1 1 9 12 1 9 12 1 10 12 1 1 9 12 9 12 1 9 12 1 9 12 1 9 12 1 9 12 1 9 12 1 9 12 1 9 12 1 9 12 1 9 12 1 9 12 1 9 12 1 10 12 1 1 9 12 1 9 12 1 9 12 1 9 12 1 9 12 1 1 1 1 1 1 1 1 1 1 1 100 1 1 1 1 1 1 1 1 1 1 1 1 1 1 1 1 100 1 1 1 1
staticfield com/sun/tools/javac/code/Kinds$KindSelector NIL Lcom/sun/tools/javac/code/Kinds$KindSelector; com/sun/tools/javac/code/Kinds$KindSelector
staticfield com/sun/tools/javac/code/Kinds$KindSelector PCK Lcom/sun/tools/javac/code/Kinds$KindSelector; com/sun/tools/javac/code/Kinds$KindSelector
staticfield com/sun/tools/javac/code/Kinds$KindSelector TYP Lcom/sun/tools/javac/code/Kinds$KindSelector; com/sun/tools/javac/code/Kinds$KindSelector
staticfield com/sun/tools/javac/code/Kinds$KindSelector VAR Lcom/sun/tools/javac/code/Kinds$KindSelector; com/sun/tools/javac/code/Kinds$KindSelector
staticfield com/sun/tools/javac/code/Kinds$KindSelector VAL Lcom/sun/tools/javac/code/Kinds$KindSelector; com/sun/tools/javac/code/Kinds$KindSelector
staticfield com/sun/tools/javac/code/Kinds$KindSelector MTH Lcom/sun/tools/javac/code/Kinds$KindSelector; com/sun/tools/javac/code/Kinds$KindSelector
staticfield com/sun/tools/javac/code/Kinds$KindSelector POLY Lcom/sun/tools/javac/code/Kinds$KindSelector; com/sun/tools/javac/code/Kinds$KindSelector
staticfield com/sun/tools/javac/code/Kinds$KindSelector MDL Lcom/sun/tools/javac/code/Kinds$KindSelector; com/sun/tools/javac/code/Kinds$KindSelector
staticfield com/sun/tools/javac/code/Kinds$KindSelector ERR Lcom/sun/tools/javac/code/Kinds$KindSelector; com/sun/tools/javac/code/Kinds$KindSelector
staticfield com/sun/tools/javac/code/Kinds$KindSelector ASG Lcom/sun/tools/javac/code/Kinds$KindSelector; com/sun/tools/javac/code/Kinds$KindSelector
staticfield com/sun/tools/javac/code/Kinds$KindSelector TYP_PCK Lcom/sun/tools/javac/code/Kinds$KindSelector; com/sun/tools/javac/code/Kinds$KindSelector
staticfield com/sun/tools/javac/code/Kinds$KindSelector VAL_MTH Lcom/sun/tools/javac/code/Kinds$KindSelector; com/sun/tools/javac/code/Kinds$KindSelector
staticfield com/sun/tools/javac/code/Kinds$KindSelector VAL_POLY Lcom/sun/tools/javac/code/Kinds$KindSelector; com/sun/tools/javac/code/Kinds$KindSelector
staticfield com/sun/tools/javac/code/Kinds$KindSelector VAL_TYP Lcom/sun/tools/javac/code/Kinds$KindSelector; com/sun/tools/javac/code/Kinds$KindSelector
staticfield com/sun/tools/javac/code/Kinds$KindSelector VAL_TYP_PCK Lcom/sun/tools/javac/code/Kinds$KindSelector; com/sun/tools/javac/code/Kinds$KindSelector
ciInstanceKlass com/sun/tools/javac/code/Type$ClassType$2 1 1 80 9 7 12 1 1 1 9 12 1 1 10 7 12 1 1 1 9 12 1 1 9 7 12 1 1 1 10 12 1 1 10 12 1 1 10 12 1 1 10 12 1 10 12 1 1 1 1 1 1 1 1 1 1 1 1 1 1 1 1 1 1 1 1 1 1 1 1 1 12 1 1 1 100 1 1 1 100 1 1
ciInstanceKlass com/sun/tools/javac/code/Scope$Entry 1 1 62 10 7 12 1 1 1 9 7 12 1 1 1 9 12 1 1 9 12 1 9 12 1 1 9 12 1 11 7 12 1 1 1 10 12 1 1 1 1 1 1 1 1 100 1 100 1 1 1 1 1 1 1 1 1 1 1 7 1 1 1 1
instanceKlass com/sun/tools/javac/code/Types$Rewriter
instanceKlass com/sun/tools/javac/util/RichDiagnosticFormatter$1
instanceKlass com/sun/tools/javac/code/Types$HashCodeVisitor
instanceKlass com/sun/tools/javac/code/Types$18
instanceKlass com/sun/tools/javac/code/Types$17
instanceKlass com/sun/tools/javac/code/Types$16
instanceKlass com/sun/tools/javac/code/Types$15
instanceKlass com/sun/tools/javac/code/Types$10
instanceKlass com/sun/tools/javac/code/Types$1
instanceKlass com/sun/tools/javac/comp/Check$3
ciInstanceKlass com/sun/tools/javac/code/Types$UnaryVisitor 1 1 40 10 7 12 1 1 1 10 7 12 1 1 1 100 1 1 1 1 1 1 1 1 1 1 1 1 1 1 1 1 1 1 100 1 1 1 100 1 1 1
ciInstanceKlass com/sun/tools/javac/code/Scope$NamedImportScope 1 1 211 10 7 12 1 1 1 7 1 10 12 1 9 7 12 1 1 1 100 1 10 12 1 10 12 1 1 7 1 9 7 12 1 1 1 10 12 1 9 7 12 1 1 1 10 12 1 1 11 7 12 1 1 1 7 1 10 7 12 1 1 1 11 12 1 1 10 7 12 1 1 1 18 12 1 1 10 12 1 11 12 1 1 11 7 12 1 1 11 7 12 1 1 1 11 12 1 1 10 12 1 1 10 12 1 1 18 12 1 1 10 7 12 1 1 1 10 12 1 1 11 7 1 1 1 1 1 1 1 1 1 1 1 1 1 1 1 1 1 1 1 1 1 1 1 1 1 1 1 1 1 1 1 1 1 1 1 1 1 1 1 1 1 1 1 1 1 1 1 1 15 10 7 12 1 1 1 16 15 10 12 16 15 10 12 16 1 1 1 1 1 100 1 1 100 1 100 1 1 1 100 1 1 100 1 1 100 1 100 1 1
instanceKlass com/sun/tools/javac/comp/AttrContextEnv
ciInstanceKlass com/sun/tools/javac/comp/Env 1 1 127 10 7 12 1 1 1 9 7 12 1 1 1 9 12 1 1 9 12 1 9 12 1 1 9 12 1 1 9 12 1 1 9 12 1 1 9 12 1 1 10 12 1 10 12 1 1 10 12 1 1 10 7 12 1 1 1 100 1 10 8 1 10 12 1 1 10 12 1 8 1 8 1 10 12 1 1 100 1 10 12 1 100 1 1 1 1 1 1 1 1 1 1 1 1 1 1 1 1 1 1 1 1 1 1 1 1 1 1 1 1 1 1 1 1 100 1 1 100 1 1 100 1 1 100 1 1
ciInstanceKlass com/sun/tools/javac/tree/TreeMaker 1 1 1641 100 1 9 7 12 1 1 1 10 7 12 1 1 1 10 12 1 1 10 7 12 1 1 100 1 9 12 1 1 7 1 10 12 1 9 12 1 1 10 12 1 1 9 12 1 1 10 7 12 1 1 1 9 12 1 1 10 7 12 1 1 9 12 1 1 10 7 12 1 1 9 12 1 1 10 12 1 11 7 12 1 1 1 10 7 12 1 1 1 11 7 12 1 1 1 11 12 1 1 7 1 7 1 7 1 7 1 100 1 100 1 7 1 7 1 9 12 1 1 18 12 1 10 7 12 1 1 1 7 1 10 12 1 9 10 12 1 1 10 12 1 9 10 12 1 9 10 12 1 1 10 12 1 1 10 12 1 9 10 12 1 1 7 1 10 12 1 9 7 1 10 12 1 9 10 12 1 10 12 1 10 9 7 1 10 12 1 9 100 1 10 12 1 9 100 1 10 12 1 9 7 1 10 12 1 9 7 1 10 12 1 9 100 1 10 12 1 9 7 1 10 12 1 9 7 1 10 12 1 9 100 1 10 9 7 1 10 12 1 9 10 12 1 1 7 1 10 12 1 9 7 1 10 12 1 9 7 1 10 12 1 9 7 1 10 12 1 9 10 12 1 9 7 1 10 12 1 9 100 1 10 12 1 9 7 1 10 9 7 1 10 9 7 1 10 9 100 1 10 12 1 9 7 1 10 12 1 9 10 12 1 1 100 1 10 12 1 7 1 10 12 1 9 7 1 10 12 1 9 7 1 10 12 1 9 7 1 10 9 7 1 10 9 7 1 10 12 1 9 7 1 10 12 1 9 7 1 10 12 1 9 7 1 10 12 1 9 7 1 10 9 7 1 10 12 1 9 7 1 10 9 100 1 10 12 1 9 100 1 10 12 1 9 7 1 10 9 7 1 10 12 1 9 7 1 10 12 1 9 7 1 10 12 1 9 7 1 10 12 1 9 7 1 10 12 1 9 7 1 10 9 7 1 10 9 7 1 10 9 100 1 10 9 10 12 1 1 7 1 10 12 1 9 7 1 10 12 1 9 7 1 10 12 1 9 7 1 9 7 12 1 1 1 10 12 1 9 9 12 1 7 1 10 5 0 10 12 1 9 10 12 1 1 10 12 1 9 100 1 10 9 100 1 10 9 100 1 10 9 100 1 10 12 1 9 100 1 10 9 100 1 10 9 10 12 1 1 10 9 7 1 10 9 9 12 1 1 10 12 1 10 12 1 1 9 7 12 1 1 10 12 1 1 10 12 1 1 9 12 1 1 10 7 12 1 1 1 10 10 12 1 1 10 12 1 1 9 12 1 1 10 12 1 1 10 12 1 1 9 12 1 1 7 1 10 10 12 1 9 12 1 1 10 12 1 10 12 1 1 9 12 1 1 10 12 1 7 1 5 0 9 12 1 9 7 12 1 1 1 10 12 1 10 12 1 9 100 1 10 12 1 5 0 9 12 1 9 12 1 10 12 1 1 9 10 12 1 1 10 12 1 10 12 1 1 10 12 1 1 9 12 1 10 9 7 12 1 1 1 10 12 1 1 10 7 12 1 1 10 12 1 1 100 1 9 12 1 1 10 12 1 1 9 100 12 1 1 9 10 12 1 1 9 12 1 10 12 1 1 10 7 1 100 1 10 12 1 1 11 7 1 10 12 1 1 10 12 1 1 100 1 10 12 1 10 12 1 1 10 12 1 9 12 1 1 10 12 1 1 9 100 1 9 12 1 9 7 12 1 1 10 12 1 10 12 1 1 10 12 1 1 10 12 1 1 10 12 1 1 9 12 1 100 1 100 1 10 8 1 10 12 1 10 12 1 10 12 1 1 10 12 1 10 12 1 1 10 12 1 10 12 1 9 9 10 12 1 10 7 12 1 1 100 1 10 12 1 1 7 1 10 12 1 1 9 12 1 10 12 1 1 10 12 1 100 1 9 12 1 9 12 1 1 10 7 1 100 1 9 12 1 9 12 1 7 1 9 12 1 9 12 1 100 1 10 10 12 1 1 9 12 1 10 12 1 1 9 12 1 100 1 9 12 1 9 12 1 100 1 9 12 1 9 12 1 7 1 9 12 1 9 12 1 100 1 10 12 1 9 12 1 9 12 1 7 1 10 12 1 1 100 1 10 12 1 9 7 1 10 12 1 10 10 9 9 12 1 10 12 1 10 12 1 10 12 1 1 10 12 1 10 12 1 10 12 1 10 12 1 1 10 12 1 10 9 100 1 10 12 1 1 5 0 10 12 1 1 9 12 1 9 12 1 10 12 1 10 12 1 1 10 12 1 1 9 12 1 10 12 1 1 10 12 1 1 10 12 1 1 10 7 1 9 12 9 10 12 1 1 10 9 12 1 1 9 12 1 9 12 1 1 10 7 12 1 1 1 9 12 1 10 7 12 1 1 1 10 7 1 9 12 1 1 10 7 1 8 1 10 12 1 10 12 1 1 8 1 10 12 1 1 10 100 12 1 1 7 1 10 100 1 1 1 1 1 1 1 1 1 1 1 1 1 1 1 1 1 1 1 1 1 1 1 1 1 1 1 1 1 1 1 1 1 1 1 1 1 1 1 1 1 1 1 1 1 1 1 1 1 1 1 1 1 1 1 1 1 1 1 1 1 1 1 1 1 1 1 1 1 1 1 1 1 1 1 1 1 1 1 1 1 1 1 1 1 1 1 1 1 1 1 1 1 1 1 1 1 1 1 1 1 1 1 1 1 1 1 1 1 1 1 1 1 1 1 1 1 1 1 1 1 1 1 1 1 1 1 1 1 1 1 1 1 1 1 1 1 1 1 1 1 1 1 1 1 1 1 1 1 1 1 1 1 1 1 1 1 1 1 1 1 1 1 1 1 1 1 1 1 1 1 1 1 1 1 1 1 1 1 1 1 1 1 1 1 1 1 1 1 1 1 1 1 1 1 1 1 1 1 1 1 1 1 1 1 1 1 1 1 1 1 1 1 1 1 1 1 1 1 1 1 1 1 1 1 1 1 1 1 1 1 1 1 1 1 1 1 1 1 1 1 1 1 1 1 1 1 1 1 1 1 1 1 1 1 1 1 1 1 1 1 1 1 1 1 1 1 1 1 1 1 1 1 1 1 1 1 1 1 1 1 1 1 1 1 1 1 1 1 1 1 1 1 1 1 1 1 1 1 1 1 1 1 1 1 1 1 1 1 1 1 1 1 1 100 1 1 1 1 1 1 1 1 1 1 1 1 1 1 1 1 1 1 1 1 1 1 1 1 1 1 1 1 1 1 1 1 1 1 1 1 1 1 1 1 1 1 1 1 1 1 1 1 1 1 1 1 1 1 1 1 1 1 1 1 1 1 1 1 1 1 1 1 1 1 1 1 1 1 1 1 1 1 1 1 1 1 1 1 1 15 10 7 12 1 1 1 16 15 10 12 16 1 1 1 1 100 1 1 1 1 1 1 1 1 1 1 1 1 1 1 1 1 1 1 1 1 1 1 1 1 1 100 1 100 1 1 1 1 1 1 1 1 1 1 1 1 1 1 1 1 1 1 1 1 1 1 100 1 1 1 1 1 1 1 1 1 100 1 1 1 1 1 1 100 1 100 1 1 1 1 1 1 1 1 1 1 1 1 100 1 100 1 1 1 1 1 1 1 1 1 1 1 1 100 1 1 1 1 1 1 1 1 100 1 1 1 1 1 100 1 1 100 1 1 100 1 100 1 1
staticfield com/sun/tools/javac/tree/TreeMaker treeMakerKey Lcom/sun/tools/javac/util/Context$Key; com/sun/tools/javac/util/Context$Key
ciInstanceKlass com/sun/tools/javac/code/Types 1 1 2270 100 1 9 7 12 1 1 1 10 7 12 1 1 1 10 12 1 1 10 7 12 1 1 10 7 12 1 1 1 9 12 1 1 7 1 10 12 1 9 12 1 1 7 1 10 9 12 1 1 7 1 10 9 12 1 1 7 1 10 9 12 1 1 7 1 10 9 12 1 1 7 1 10 9 12 1 7 1 10 9 12 1 7 1 10 9 12 1 7 1 10 9 12 1 7 1 10 9 12 1 1 7 1 10 9 12 1 7 1 10 9 12 1 7 1 10 9 12 1 7 1 10 9 12 1 7 1 10 9 12 1 7 1 10 9 12 1 7 1 10 9 12 1 7 1 10 9 12 1 7 1 10 9 12 1 1 7 1 10 9 12 1 7 1 10 9 12 1 1 7 1 10 9 12 1 1 7 1 10 9 12 1 1 7 1 10 12 1 9 12 1 9 12 1 7 1 10 9 12 1 1 7 1 10 9 12 1 7 1 10 9 12 1 9 12 1 18 12 1 1 9 12 1 1 7 1 10 9 12 1 1 10 12 1 1 10 7 12 1 1 1 9 12 1 1 10 7 12 1 1 9 12 1 1 10 7 12 1 1 9 7 12 1 1 1 10 12 1 1 9 12 1 1 9 12 1 9 12 1 10 7 12 1 1 9 12 1 1 10 7 12 1 1 9 12 1 1 8 1 10 12 1 1 9 12 1 1 10 7 12 1 1 9 12 1 1 10 7 12 1 1 9 12 1 1 7 1 10 12 1 9 12 1 1 9 7 12 1 1 1 10 7 12 1 1 1 7 1 10 12 1 1 9 12 1 1 9 12 1 1 10 7 12 1 1 1 9 12 1 10 12 1 1 9 12 1 10 12 1 10 12 1 10 12 1 9 12 1 10 12 1 10 12 1 10 12 1 10 10 12 1 100 1 10 12 1 9 100 12 1 1 1 10 12 1 1 100 1 10 10 12 1 1 10 12 1 1 10 7 12 1 1 7 1 10 12 1 10 7 1 9 12 1 10 12 1 10 12 1 1 9 12 1 10 12 1 10 12 1 10 12 1 1 9 7 1 10 12 1 10 12 1 10 12 1 10 7 12 1 1 1 9 12 1 1 10 12 1 10 12 1 1 7 1 10 12 1 10 12 1 10 12 1 1 18 12 1 11 7 12 1 1 1 9 7 1 7 1 10 10 12 1 1 11 7 12 1 1 11 12 1 1 9 12 1 1 10 12 1 1 10 12 1 1 9 7 12 1 1 1 9 12 1 1 10 7 12 1 1 1 10 12 1 1 8 1 10 7 12 1 1 1 9 12 1 10 12 1 10 12 1 1 9 12 1 9 7 12 1 1 1 9 7 12 1 1 1 10 12 1 1 10 12 1 9 7 12 1 1 1 9 12 1 10 7 12 1 1 1 9 12 1 1 7 1 10 7 12 1 1 1 9 12 1 10 12 1 10 12 1 7 1 9 12 1 1 10 12 1 9 12 1 10 12 1 10 12 1 10 12 1 1 9 12 1 9 12 1 1 9 12 1 1 10 12 1 1 10 12 1 1 10 12 1 1 10 7 12 1 1 1 11 7 1 10 12 1 1 10 10 12 1 10 12 1 10 12 10 12 1 1 9 10 12 1 1 9 12 1 11 100 12 1 1 1 9 100 12 1 1 1 10 12 1 1 10 12 10 12 1 1 10 12 1 1 9 12 1 7 1 9 12 1 10 12 10 12 1 10 12 1 10 12 1 10 12 1 9 100 12 1 1 1 10 12 1 1 10 12 1 9 12 1 10 12 1 1 10 10 12 1 9 12 1 10 12 1 10 12 1 10 12 1 10 12 1 10 12 10 12 1 9 12 1 10 7 1 10 12 1 7 1 9 12 1 9 7 12 1 1 1 10 12 1 1 9 10 12 1 9 12 1 1 5 0 9 9 12 1 9 12 1 10 12 1 9 12 1 10 12 10 12 1 7 1 9 12 1 1 10 12 1 1 10 12 1 10 12 10 12 1 1 9 12 9 12 1 9 7 12 1 1 1 10 7 12 1 1 1 10 12 1 10 12 1 1 10 12 10 12 1 10 12 1 10 9 12 1 18 12 1 11 12 1 10 12 10 12 1 10 12 1 10 12 1 1 7 1 9 9 12 1 9 12 1 100 1 10 8 1 10 12 1 1 10 12 1 1 10 9 12 1 10 12 1 9 10 12 1 9 5 0 10 12 1 9 12 1 10 12 1 10 12 1 7 1 10 12 1 10 12 1 1 10 12 1 10 12 9 12 1 10 12 1 1 10 7 1 10 12 1 10 10 12 1 1 5 0 9 12 1 10 9 12 1 9 12 1 10 7 1 10 12 1 9 12 1 11 7 12 1 1 10 12 1 11 12 1 10 12 1 10 12 1 10 12 10 12 1 1 10 12 1 1 9 12 1 1 9 12 1 10 5 0 10 12 1 10 12 1 10 12 10 12 1 1 10 12 1 5 0 10 12 1 1 10 100 12 1 1 9 12 1 10 100 12 1 1 1 10 12 10 12 1 10 12 10 12 1 10 12 1 10 12 1 10 12 1 1 10 12 1 100 1 10 12 1 1 10 12 1 10 12 1 10 18 12 1 10 12 1 1 7 1 10 7 12 1 1 10 12 1 10 12 1 1 100 1 9 12 1 1 10 100 12 1 1 1 10 12 1 1 10 5 0 10 9 7 12 1 1 1 10 7 12 1 1 1 9 9 12 1 5 0 10 12 1 1 10 12 1 1 10 7 1 10 12 1 10 12 1 7 1 10 12 1 10 12 1 10 10 12 1 10 12 1 10 12 1 10 12 1 10 12 1 7 1 10 12 1 10 12 1 10 12 1 1 10 12 1 9 10 9 12 1 9 12 1 10 12 1 1 7 1 9 12 1 10 10 12 1 10 12 1 9 9 10 12 1 1 9 12 1 10 12 1 1 100 1 10 10 100 12 1 1 1 10 12 1 10 12 1 10 12 1 1 10 12 1 8 1 10 12 1 8 1 10 12 1 1 8 1 10 12 1 10 12 1 1 10 12 1 18 12 1 18 12 1 18 12 1 1 18 12 1 7 1 11 7 12 1 1 11 7 12 1 1 10 12 1 1 10 12 1 10 12 1 10 10 12 1 10 12 1 10 100 1 10 12 1 11 7 1 10 12 1 1 9 12 1 9 12 1 10 12 1 11 12 1 9 12 1 10 12 1 10 10 12 1 10 12 1 11 10 12 1 10 10 12 1 1 10 12 1 1 7 1 9 12 1 10 12 10 12 1 10 12 1 10 12 10 12 1 1 10 12 9 12 9 12 1 9 12 1 10 12 1 10 12 1 1 10 12 10 12 1 10 12 1 10 12 10 12 1 1 9 12 1 1 10 7 1 7 1 9 12 1 10 10 12 1 10 12 1 10 12 1 9 12 1 1 9 12 1 1 10 12 1 1 9 12 1 10 12 1 10 10 10 12 1 1 10 12 1 10 12 1 10 9 12 1 10 12 1 10 12 1 10 10 10 12 1 10 12 1 10 12 1 1 10 12 1 10 12 1 5 0 10 12 10 12 10 12 1 10 12 7 1 10 12 1 10 12 1 1 10 12 1 100 1 10 12 1 7 1 10 12 1 10 10 12 1 9 12 1 9 7 1 10 12 1 1 9 7 12 1 1 9 12 1 10 12 1 1 9 12 1 10 12 1 1 7 1 9 12 1 9 7 1 9 12 1 9 12 9 12 9 12 1 9 12 11 7 12 1 1 9 12 1 9 12 1 1 9 12 1 9 12 1 9 12 1 9 12 1 100 1 9 8 1 10 12 1 9 12 1 1 10 7 12 1 1 11 9 9 12 7 1 10 12 1 8 1 7 1 10 7 1 10 10 7 1 10 1 1 1 1 1 1 1 1 1 1 1 1 1 1 1 1 1 1 1 1 1 1 1 1 1 1 1 1 1 1 1 1 1 1 1 1 1 1 1 1 1 1 1 1 1 1 1 1 1 1 1 1 1 1 1 1 1 1 1 1 1 1 1 1 1 1 1 1 1 1 1 1 1 100 1 1 1 1 1 1 1 1 1 1 1 1 1 1 1 1 1 1 1 1 1 1 1 1 1 1 1 1 1 1 1 1 1 1 1 1 100 1 1 1 1 1 1 1 1 1 1 1 1 1 1 1 1 1 1 1 1 1 1 1 1 1 1 1 1 1 1 1 1 1 1 1 1 1 1 1 1 1 1 1 1 1 1 1 1 1 1 1 1 1 1 1 100 1 1 1 1 1 1 1 1 1 1 1 1 1 1 1 1 1 1 1 1 1 1 1 1 100 1 1 1 1 1 1 1 1 1 1 1 1 1 1 1 1 1 1 1 1 1 1 1 1 1 1 1 1 1 1 1 1 1 1 1 1 1 1 1 1 1 1 1 1 1 1 1 1 1 1 1 1 1 1 1 1 1 1 1 1 1 1 1 1 1 1 1 1 1 1 1 1 1 1 1 1 1 1 1 1 1 1 1 1 1 1 1 1 1 1 1 1 1 1 1 100 1 1 1 1 1 1 1 1 1 1 1 1 1 1 1 1 1 1 1 1 1 1 1 1 1 1 1 1 1 1 1 1 1 1 1 1 1 1 1 1 1 1 1 1 1 1 1 1 1 1 1 1 1 1 1 1 1 1 1 1 100 1 1 1 1 1 1 1 1 1 1 1 1 1 1 1 1 100 1 100 1 100 1 100 1 100 1 100 1 100 1 100 1 100 1 100 1 100 1 100 1 100 1 100 1 100 1 100 1 100 1 100 1 100 1 100 1 100 1 100 1 1 15 10 7 12 1 1 1 16 15 10 12 16 16 15 10 12 16 15 10 12 16 1 16 15 10 12 16 15 10 12 16 1 16 1 15 10 12 16 1 16 15 10 12 1 16 1 16 15 10 12 16 1 1 1 1 1 1 1 1 1 1 1 1 1 1 100 1 1 100 1 1 1 1 1 1 1 1 1 1 1 1 1 1 1 1 100 1 1 1 1 1 100 1 1 1 1 1 100 1 1 1 1 1 1 1 1 1 1 1 100 1 1 1 1 1 1 100 1 1 1 1 1 1 1 1 1 100 1 1 100 1 1 1 1 1 1 1 1 1 1 1 100 1 100 1 1
staticfield com/sun/tools/javac/code/Types typesKey Lcom/sun/tools/javac/util/Context$Key; com/sun/tools/javac/util/Context$Key
staticfield com/sun/tools/javac/code/Types newInstanceFun Lcom/sun/tools/javac/code/Types$TypeMapping; com/sun/tools/javac/code/Types$20
staticfield com/sun/tools/javac/code/Types hashCodeVisitor Lcom/sun/tools/javac/code/Types$HashCodeVisitor; com/sun/tools/javac/code/Types$HashCodeVisitor
staticfield com/sun/tools/javac/code/Types hashCodeStrictVisitor Lcom/sun/tools/javac/code/Types$HashCodeVisitor; com/sun/tools/javac/code/Types$24
ciInstanceKlass com/sun/tools/javac/code/Type$ErasedClassType 1 1 42 10 7 12 1 1 1 10 7 12 1 1 1 100 1 1 1 1 1 1 1 1 1 1 1 1 1 1 1 1 1 1 100 1 1 1 100 1 100 1 1 1
ciInstanceKlass com/sun/tools/javac/comp/Lower 1 1 3373 100 1 100 1 9 7 12 1 1 1 10 7 12 1 1 1 10 12 1 1 10 7 12 1 1 7 1 10 9 12 1 1 9 12 1 7 1 10 12 1 9 12 1 1 7 1 10 9 12 1 7 1 10 9 12 1 1 10 12 1 1 10 7 12 1 1 1 9 12 1 1 10 7 12 1 1 9 12 1 1 10 7 12 1 1 9 12 1 1 10 7 12 1 1 9 12 1 1 10 7 12 1 1 9 12 1 1 10 7 12 1 1 9 12 1 1 10 7 12 1 1 9 12 1 1 10 7 12 1 1 9 12 1 1 10 7 12 1 1 9 12 1 1 10 7 12 1 1 9 12 1 1 10 7 12 1 1 9 12 1 1 7 1 10 10 12 1 1 10 12 1 1 8 1 10 12 1 10 12 1 1 10 12 1 1 9 12 1 1 10 7 12 1 1 9 12 1 1 10 7 12 1 1 8 1 10 12 1 1 9 12 1 1 10 7 12 1 1 9 12 1 1 8 1 9 12 9 12 1 11 7 12 1 1 7 1 9 12 1 1 10 12 1 1 9 12 1 1 10 7 12 1 1 1 9 12 1 1 9 7 1 9 12 1 1 9 7 12 1 1 1 10 7 12 1 1 1 10 9 12 1 10 12 1 1 9 12 1 7 1 7 1 10 12 1 10 12 1 1 10 9 12 1 1 11 12 1 10 12 1 1 10 12 1 1 7 1 10 12 1 9 12 1 1 10 12 1 1 10 7 12 1 1 1 10 12 1 1 10 12 1 1 10 7 12 1 1 1 9 12 1 1 10 12 1 1 9 12 1 1 10 12 1 1 10 12 1 1 9 12 1 1 10 7 12 1 1 10 12 1 1 9 7 12 1 1 9 12 1 10 12 1 1 9 7 1 10 12 1 1 9 7 12 1 1 1 9 7 1 10 12 1 1 9 10 12 1 1 10 12 1 1 9 7 1 9 10 12 1 1 10 7 12 1 1 10 7 12 1 1 9 7 1 9 9 10 12 1 10 12 1 1 9 12 1 9 12 1 10 12 1 1 10 12 1 1 10 12 1 1 10 12 1 1 9 12 1 10 12 1 1 9 12 1 10 12 1 1 9 12 1 1 9 7 12 1 1 1 9 12 1 10 7 12 1 1 1 9 12 1 1 9 12 1 1 9 7 1 9 12 1 9 12 1 9 12 1 10 10 12 1 1 10 12 1 1 10 12 1 1 10 12 1 1 10 12 1 1 9 12 1 1 9 9 12 1 10 12 1 10 12 1 1 10 7 12 1 1 10 12 1 1 10 12 1 1 11 7 12 1 1 11 12 1 1 10 12 1 1 10 7 12 1 1 1 10 12 1 1 5 0 10 12 1 1 9 12 1 10 12 1 9 12 1 1 10 12 1 1 5 0 10 12 1 1 10 12 1 1 9 12 1 1 10 7 12 1 1 9 12 1 10 9 12 1 1 10 12 1 1 9 12 1 11 12 1 1 11 7 1 7 1 9 9 7 12 1 1 1 10 12 1 10 7 12 1 1 1 7 1 9 12 1 10 12 1 10 12 1 1 10 12 1 1 9 100 12 1 1 1 9 12 1 1 9 12 1 7 1 9 12 1 1 10 12 1 1 9 12 10 10 12 1 10 12 1 100 1 9 100 12 1 1 1 10 12 1 1 9 10 12 1 1 18 12 1 1 10 12 1 1 9 12 1 9 12 1 9 12 1 9 12 1 9 12 1 9 12 1 9 12 1 9 12 1 9 12 1 9 12 1 9 12 1 9 12 1 100 1 10 8 1 10 12 1 7 1 9 12 1 10 12 1 1 10 12 1 1 9 12 1 9 12 1 7 1 9 12 1 10 12 1 1 10 12 1 9 12 1 9 12 1 9 7 12 1 1 1 10 12 1 10 12 1 1 9 12 1 10 12 1 1 10 10 9 10 12 1 5 0 100 1 10 12 1 10 12 1 10 12 1 1 9 12 1 10 12 1 10 12 1 10 11 7 12 1 1 10 12 1 10 12 10 12 1 1 10 12 1 5 0 9 12 1 9 12 1 9 12 1 9 5 0 5 0 10 12 1 1 10 9 12 1 10 12 1 9 12 1 10 7 1 10 10 12 1 9 12 1 9 12 1 7 1 10 12 1 9 12 10 12 1 1 9 12 1 5 0 10 9 12 1 10 12 1 1 10 7 12 1 1 1 10 12 1 1 9 12 1 7 1 9 9 9 12 10 12 1 1 10 12 1 1 9 12 1 10 12 1 1 10 12 1 10 12 1 1 10 12 1 1 10 12 1 1 10 12 1 10 12 1 1 10 12 1 5 0 9 12 1 1 10 12 1 10 12 9 100 12 1 1 1 8 1 10 12 1 10 12 1 10 12 1 1 10 12 1 10 12 1 8 1 8 1 10 12 1 1 9 10 12 1 1 10 12 1 1 10 12 1 1 9 7 12 1 1 10 12 1 7 1 10 12 1 10 12 1 1 10 12 10 12 1 1 9 12 1 10 10 12 1 1 9 12 1 10 12 1 9 12 1 10 12 1 1 10 12 1 1 10 12 1 1 10 12 1 1 9 12 1 1 9 12 1 9 12 1 9 12 1 10 12 1 10 12 1 9 12 1 10 12 1 9 12 9 10 12 1 8 1 10 12 10 12 1 1 5 0 7 1 10 9 10 12 1 1 11 100 12 1 1 1 10 10 10 12 1 1 10 12 1 9 12 1 8 1 10 10 10 12 1 1 9 12 1 10 10 12 1 10 10 12 1 10 12 1 10 12 1 3 5 0 10 12 1 1 9 12 1 10 12 1 1 10 12 1 1 10 10 12 1 10 12 1 1 10 7 1 10 12 1 9 12 1 10 12 1 9 12 1 9 10 12 1 1 9 12 1 10 12 1 9 12 1 10 12 1 1 9 12 1 10 12 1 1 10 12 1 10 9 12 1 10 9 12 9 12 1 10 8 1 10 12 1 1 9 12 1 9 12 1 9 12 1 1 9 10 12 1 1 10 12 1 10 12 1 10 12 1 1 5 0 8 1 9 12 1 10 12 1 1 9 12 1 10 12 1 1 10 12 1 1 10 12 1 1 9 12 1 10 12 1 1 10 12 1 10 12 1 10 12 1 1 10 12 1 1 9 12 1 9 12 1 10 12 1 1 10 12 1 10 100 12 1 1 1 10 12 1 10 12 9 9 9 10 12 1 10 12 1 1 10 12 1 10 9 7 12 1 1 1 10 12 1 1 11 7 1 5 0 10 12 1 10 12 1 1 9 12 1 10 10 12 1 1 9 12 1 9 12 10 12 1 1 10 12 1 5 0 9 12 1 9 12 1 10 12 1 9 12 1 10 12 1 5 0 9 12 1 9 12 1 9 12 1 10 12 1 10 12 1 1 9 12 1 10 10 11 100 12 1 1 10 100 12 1 1 10 12 1 1 10 12 1 1 18 12 1 10 12 1 7 1 9 12 1 18 12 1 7 1 9 12 1 10 12 1 10 12 1 10 12 1 10 9 12 1 1 11 7 12 1 1 10 12 1 9 12 1 10 12 10 12 1 1 5 0 9 100 12 1 1 9 12 1 10 12 1 9 12 1 10 12 1 1 9 12 1 10 10 12 1 10 12 1 100 1 10 12 1 1 9 100 12 1 1 1 9 100 12 1 9 100 12 1 1 5 0 10 12 1 9 10 12 1 1 7 1 10 12 1 9 12 1 1 9 7 12 1 10 10 12 1 1 5 0 10 12 1 10 10 12 1 1 10 12 1 1 10 12 1 9 12 1 9 12 1 10 12 9 12 1 5 0 10 9 10 12 1 1 10 12 1 10 12 1 1 18 12 1 11 7 12 1 1 1 18 12 1 1 11 12 1 1 10 12 1 1 11 12 1 1 9 12 1 9 10 12 1 1 8 1 10 12 1 1 7 1 9 12 1 10 12 1 5 0 10 12 1 1 9 7 1 5 0 8 9 12 10 12 1 9 12 1 10 12 1 1 8 9 12 1 9 12 1 5 0 8 1 10 12 1 9 12 1 1 9 12 1 10 12 1 10 12 1 9 100 12 1 1 1 8 1 10 100 12 1 1 10 9 9 12 1 8 1 10 12 1 1 10 9 12 100 1 9 12 1 9 9 12 1 18 10 12 1 10 12 1 1 10 12 1 100 1 9 10 12 1 1 10 12 1 10 12 9 12 10 12 1 1 9 12 9 12 1 9 12 1 100 1 18 12 1 8 1 10 100 12 1 1 1 100 1 11 12 1 1 9 12 1 9 12 1 9 12 1 9 12 1 10 12 1 1 10 12 1 1 9 12 1 9 9 7 1 100 1 10 10 12 1 1 10 10 12 1 1 9 12 9 100 1 9 12 1 10 12 1 1 10 12 1 10 12 1 9 9 10 8 1 8 9 12 10 12 1 1 8 10 9 12 1 9 12 1 1 10 12 1 1 9 10 12 1 10 12 1 9 7 12 1 1 7 1 9 12 1 10 12 1 1 9 10 12 1 1 10 12 1 1 10 12 1 9 9 12 1 10 12 1 1 10 12 1 1 10 12 1 9 10 12 1 18 12 1 11 12 1 10 100 12 1 5 0 10 9 12 1 9 10 12 1 9 12 1 10 12 1 1 10 10 12 1 1 10 12 1 1 9 12 1 10 12 1 10 12 1 9 12 1 9 12 10 12 1 10 12 1 1 10 100 12 1 1 10 12 1 9 12 1 7 1 9 9 9 12 1 10 12 1 1 10 12 1 9 12 1 9 7 12 1 1 10 12 9 12 1 9 10 12 9 12 1 10 12 1 10 12 1 10 12 1 1 9 7 1 9 12 1 1 9 12 1 9 100 1 10 10 12 1 1 9 12 1 9 12 1 9 12 1 10 12 1 1 9 12 1 9 9 10 10 12 1 1 9 12 1 9 10 9 12 1 10 10 12 1 10 12 1 1 10 12 1 10 12 10 12 1 9 9 12 1 9 12 1 10 12 1 9 9 7 1 10 12 1 9 10 9 12 1 18 12 1 10 12 1 9 12 1 9 12 1 18 12 1 10 9 12 1 10 10 12 1 10 12 1 1 10 12 1 1 10 9 7 1 10 12 1 10 12 1 1 10 12 1 8 1 8 1 8 1 9 12 1 10 7 1 9 9 12 1 10 12 1 1 10 9 12 1 1 10 12 1 10 12 1 9 12 10 12 1 1 10 12 1 1 7 1 10 12 1 10 10 12 1 9 12 1 10 12 1 10 12 1 1 10 12 1 9 12 9 12 1 9 12 9 12 9 12 1 5 0 9 10 12 1 1 9 100 1 9 9 100 1 9 9 7 12 1 9 9 12 1 9 9 7 1 9 7 12 1 1 9 12 1 10 12 1 9 12 1 10 12 1 1 9 100 1 9 18 11 12 1 18 11 12 1 1 9 12 1 9 7 12 1 1 1 10 12 1 1 10 12 1 1 9 12 1 10 7 1 9 12 1 9 12 1 9 12 1 9 10 12 1 10 12 1 1 9 100 12 1 10 12 1 10 12 1 9 12 1 9 12 1 10 12 1 1 10 12 1 10 12 1 10 12 1 1 9 12 18 11 12 1 8 1 9 9 12 1 10 12 1 10 12 1 1 10 10 7 1 10 12 1 10 12 1 10 12 1 1 10 12 1 1 10 12 1 1 10 12 1 10 12 1 10 12 1 10 100 1 10 8 1 10 12 1 11 12 1 1 11 100 1 11 12 1 11 12 1 11 10 10 9 12 1 18 10 9 12 1 10 9 11 11 12 1 9 100 12 1 1 9 9 12 9 12 1 9 12 1 10 12 1 10 12 1 1 10 12 1 1 10 9 9 9 10 12 1 1 10 12 1 10 12 1 1 9 7 12 1 1 1 9 7 12 1 1 10 12 1 10 12 10 12 1 10 12 1 11 12 1 18 12 1 9 12 1 10 12 10 12 1 1 18 12 1 11 12 1 9 100 12 1 1 9 5 0 18 12 1 9 7 1 10 1 1 1 1 1 1 1 1 1 1 1 1 1 1 1 1 1 1 1 1 1 1 1 1 1 1 1 1 1 1 1 1 1 1 1 1 1 1 1 1 1 1 1 1 1 1 1 1 1 1 1 1 1 1 1 1 1 1 1 1 1 1 1 1 1 1 1 1 1 1 1 1 1 1 1 1 1 1 1 1 1 1 1 1 1 1 1 1 1 1 1 1 1 1 1 1 1 1 1 1 1 1 1 1 1 1 1 1 1 1 1 1 1 1 1 1 1 1 1 1 1 1 1 1 1 1 1 1 1 1 1 1 1 1 1 1 1 1 1 1 1 1 1 1 1 1 1 1 1 1 1 1 1 1 1 1 1 1 1 1 1 1 1 1 1 1 1 1 1 1 1 1 1 1 1 1 1 1 1 1 1 1 1 1 1 1 1 1 1 1 1 1 1 1 1 1 1 1 1 1 1 1 1 1 1 1 1 1 1 1 1 1 1 1 1 1 1 1 1 1 1 1 1 1 1 1 1 1 1 1 1 1 1 1 1 1 1 1 100 1 1 1 1 1 1 1 1 1 1 1 100 1 1 1 1 1 1 1 1 1 1 1 1 1 1 1 1 1 1 1 1 100 1 1 1 1 1 1 1 1 1 1 1 1 1 1 1 1 1 1 1 1 1 1 1 1 1 1 1 1 1 1 1 1 1 1 1 1 1 1 1 1 1 1 1 1 1 1 1 1 1 1 1 1 1 1 1 1 1 1 1 1 1 1 1 1 1 1 1 1 1 1 1 1 1 1 1 1 1 1 1 1 1 1 1 1 1 1 1 1 1 1 1 1 1 1 1 1 1 1 1 1 1 1 1 1 1 1 1 1 1 1 1 1 1 1 1 1 1 1 1 1 1 1 1 1 1 1 1 1 1 1 1 1 1 1 1 1 1 1 1 1 1 1 1 1 1 1 1 1 1 1 1 1 1 1 1 1 1 1 1 1 1 1 1 1 100 1 1 1 1 1 1 1 1 1 1 1 1 1 1 1 1 1 1 1 1 1 1 1 1 1 1 1 1 1 1 1 1 1 1 1 1 1 1 1 1 1 1 1 1 1 1 1 1 1 1 1 1 1 1 1 1 1 1 1 1 1 1 1 1 1 1 1 1 1 1 1 1 1 1 1 1 1 1 1 100 1 1 15 10 7 12 1 1 1 16 15 10 12 16 1 16 15 10 12 15 10 12 15 10 12 16 16 15 10 12 16 1 15 10 12 16 15 10 12 16 15 10 12 16 1 15 10 12 15 10 12 15 10 12 16 15 10 12 16 15 10 12 16 15 10 12 15 10 12 15 10 12 15 10 12 1 1 1 100 1 1 100 1 1 1 1 100 1 1 1 1 1 100 1 1 1 1 1 1 1 1 1 1 1 1 1 1 1 1 1 1 1 1 1 1 1 1 1 1 1 1 1 1 1 1 1 1 1 100 1 1 100 1 1 100 1 1 100 1 1 100 1 1 1 100 1 1 1 1 1 1 100 1 1 1 1 1 1 100 1 1 1 1 100 1 1 1 1 1 1 1 1 1 1 1 1 1 1 1 1 100 1 1 100 1 1 1 1 1 1 1 1 1 100 1 1 100 1 100 1 1
staticfield com/sun/tools/javac/comp/Lower lowerKey Lcom/sun/tools/javac/util/Context$Key; com/sun/tools/javac/util/Context$Key
ciInstanceKlass com/sun/tools/javac/tree/JCTree$Tag 1 1 498 7 1 9 12 1 1 9 12 1 9 12 1 9 12 1 9 12 1 9 12 1 9 12 1 9 12 1 9 12 1 9 12 1 9 12 1 9 12 1 9 12 1 9 12 1 9 12 1 9 12 1 9 12 1 9 12 1 9 12 1 9 12 1 9 12 1 9 12 1 9 12 1 9 12 1 9 12 1 9 12 1 9 12 1 9 12 1 9 12 1 9 12 1 9 12 1 9 12 1 9 12 1 9 12 1 9 12 1 9 12 1 9 12 1 9 12 1 9 12 1 9 12 1 9 12 1 9 12 1 9 12 1 9 12 1 9 12 1 9 12 1 9 12 1 9 12 1 9 12 1 9 12 1 9 12 1 9 12 1 9 12 1 9 12 1 9 12 1 9 12 1 9 12 1 9 12 1 9 12 1 9 12 1 9 12 1 9 12 1 9 12 1 9 12 1 9 12 1 9 12 1 9 12 1 9 12 1 9 12 1 9 12 1 9 12 1 9 12 1 9 12 1 9 12 1 9 12 1 9 12 1 9 12 1 9 12 1 9 12 1 9 12 1 9 12 1 9 12 1 9 12 1 9 12 1 9 12 1 9 12 1 9 12 1 9 12 1 9 12 1 9 12 1 9 12 1 9 12 1 9 12 1 9 12 1 9 12 1 9 12 1 9 12 1 9 12 1 9 12 1 9 12 1 9 12 1 9 12 1 9 12 1 9 12 1 9 12 1 9 12 1 1 10 7 12 1 1 10 7 12 1 1 1 10 12 1 1 9 12 1 10 12 1 9 12 1 1 100 1 8 1 10 12 1 10 12 1 1 8 10 8 8 8 8 8 8 8 8 8 8 8 8 8 8 8 8 8 8 8 8 8 8 8 8 8 8 8 8 8 8 8 8 8 8 8 8 8 8 8 8 8 8 8 8 8 8 8 8 8 8 8 8 8 8 8 8 8 8 8 8 8 8 8 8 8 8 8 8 8 8 8 8 8 8 8 8 8 8 8 8 8 8 8 8 8 8 8 8 8 8 8 8 8 8 8 8 8 8 8 8 8 8 8 8 10 12 1 1 1 1 1 1 1 1 1 1 1 1 1 1 1 1 1 1 1 1 1 1 1 1 1 1 1 100 1 1 1
staticfield com/sun/tools/javac/tree/JCTree$Tag NO_TAG Lcom/sun/tools/javac/tree/JCTree$Tag; com/sun/tools/javac/tree/JCTree$Tag
staticfield com/sun/tools/javac/tree/JCTree$Tag TOPLEVEL Lcom/sun/tools/javac/tree/JCTree$Tag; com/sun/tools/javac/tree/JCTree$Tag
staticfield com/sun/tools/javac/tree/JCTree$Tag PACKAGEDEF Lcom/sun/tools/javac/tree/JCTree$Tag; com/sun/tools/javac/tree/JCTree$Tag
staticfield com/sun/tools/javac/tree/JCTree$Tag IMPORT Lcom/sun/tools/javac/tree/JCTree$Tag; com/sun/tools/javac/tree/JCTree$Tag
staticfield com/sun/tools/javac/tree/JCTree$Tag CLASSDEF Lcom/sun/tools/javac/tree/JCTree$Tag; com/sun/tools/javac/tree/JCTree$Tag
staticfield com/sun/tools/javac/tree/JCTree$Tag METHODDEF Lcom/sun/tools/javac/tree/JCTree$Tag; com/sun/tools/javac/tree/JCTree$Tag
staticfield com/sun/tools/javac/tree/JCTree$Tag VARDEF Lcom/sun/tools/javac/tree/JCTree$Tag; com/sun/tools/javac/tree/JCTree$Tag
staticfield com/sun/tools/javac/tree/JCTree$Tag SKIP Lcom/sun/tools/javac/tree/JCTree$Tag; com/sun/tools/javac/tree/JCTree$Tag
staticfield com/sun/tools/javac/tree/JCTree$Tag BLOCK Lcom/sun/tools/javac/tree/JCTree$Tag; com/sun/tools/javac/tree/JCTree$Tag
staticfield com/sun/tools/javac/tree/JCTree$Tag DOLOOP Lcom/sun/tools/javac/tree/JCTree$Tag; com/sun/tools/javac/tree/JCTree$Tag
staticfield com/sun/tools/javac/tree/JCTree$Tag WHILELOOP Lcom/sun/tools/javac/tree/JCTree$Tag; com/sun/tools/javac/tree/JCTree$Tag
staticfield com/sun/tools/javac/tree/JCTree$Tag FORLOOP Lcom/sun/tools/javac/tree/JCTree$Tag; com/sun/tools/javac/tree/JCTree$Tag
staticfield com/sun/tools/javac/tree/JCTree$Tag FOREACHLOOP Lcom/sun/tools/javac/tree/JCTree$Tag; com/sun/tools/javac/tree/JCTree$Tag
staticfield com/sun/tools/javac/tree/JCTree$Tag LABELLED Lcom/sun/tools/javac/tree/JCTree$Tag; com/sun/tools/javac/tree/JCTree$Tag
staticfield com/sun/tools/javac/tree/JCTree$Tag SWITCH Lcom/sun/tools/javac/tree/JCTree$Tag; com/sun/tools/javac/tree/JCTree$Tag
staticfield com/sun/tools/javac/tree/JCTree$Tag CASE Lcom/sun/tools/javac/tree/JCTree$Tag; com/sun/tools/javac/tree/JCTree$Tag
staticfield com/sun/tools/javac/tree/JCTree$Tag SWITCH_EXPRESSION Lcom/sun/tools/javac/tree/JCTree$Tag; com/sun/tools/javac/tree/JCTree$Tag
staticfield com/sun/tools/javac/tree/JCTree$Tag SYNCHRONIZED Lcom/sun/tools/javac/tree/JCTree$Tag; com/sun/tools/javac/tree/JCTree$Tag
staticfield com/sun/tools/javac/tree/JCTree$Tag TRY Lcom/sun/tools/javac/tree/JCTree$Tag; com/sun/tools/javac/tree/JCTree$Tag
staticfield com/sun/tools/javac/tree/JCTree$Tag CATCH Lcom/sun/tools/javac/tree/JCTree$Tag; com/sun/tools/javac/tree/JCTree$Tag
staticfield com/sun/tools/javac/tree/JCTree$Tag CONDEXPR Lcom/sun/tools/javac/tree/JCTree$Tag; com/sun/tools/javac/tree/JCTree$Tag
staticfield com/sun/tools/javac/tree/JCTree$Tag IF Lcom/sun/tools/javac/tree/JCTree$Tag; com/sun/tools/javac/tree/JCTree$Tag
staticfield com/sun/tools/javac/tree/JCTree$Tag EXEC Lcom/sun/tools/javac/tree/JCTree$Tag; com/sun/tools/javac/tree/JCTree$Tag
staticfield com/sun/tools/javac/tree/JCTree$Tag BREAK Lcom/sun/tools/javac/tree/JCTree$Tag; com/sun/tools/javac/tree/JCTree$Tag
staticfield com/sun/tools/javac/tree/JCTree$Tag YIELD Lcom/sun/tools/javac/tree/JCTree$Tag; com/sun/tools/javac/tree/JCTree$Tag
staticfield com/sun/tools/javac/tree/JCTree$Tag CONTINUE Lcom/sun/tools/javac/tree/JCTree$Tag; com/sun/tools/javac/tree/JCTree$Tag
staticfield com/sun/tools/javac/tree/JCTree$Tag RETURN Lcom/sun/tools/javac/tree/JCTree$Tag; com/sun/tools/javac/tree/JCTree$Tag
staticfield com/sun/tools/javac/tree/JCTree$Tag THROW Lcom/sun/tools/javac/tree/JCTree$Tag; com/sun/tools/javac/tree/JCTree$Tag
staticfield com/sun/tools/javac/tree/JCTree$Tag ASSERT Lcom/sun/tools/javac/tree/JCTree$Tag; com/sun/tools/javac/tree/JCTree$Tag
staticfield com/sun/tools/javac/tree/JCTree$Tag APPLY Lcom/sun/tools/javac/tree/JCTree$Tag; com/sun/tools/javac/tree/JCTree$Tag
staticfield com/sun/tools/javac/tree/JCTree$Tag NEWCLASS Lcom/sun/tools/javac/tree/JCTree$Tag; com/sun/tools/javac/tree/JCTree$Tag
staticfield com/sun/tools/javac/tree/JCTree$Tag NEWARRAY Lcom/sun/tools/javac/tree/JCTree$Tag; com/sun/tools/javac/tree/JCTree$Tag
staticfield com/sun/tools/javac/tree/JCTree$Tag LAMBDA Lcom/sun/tools/javac/tree/JCTree$Tag; com/sun/tools/javac/tree/JCTree$Tag
staticfield com/sun/tools/javac/tree/JCTree$Tag PARENS Lcom/sun/tools/javac/tree/JCTree$Tag; com/sun/tools/javac/tree/JCTree$Tag
staticfield com/sun/tools/javac/tree/JCTree$Tag ASSIGN Lcom/sun/tools/javac/tree/JCTree$Tag; com/sun/tools/javac/tree/JCTree$Tag
staticfield com/sun/tools/javac/tree/JCTree$Tag TYPECAST Lcom/sun/tools/javac/tree/JCTree$Tag; com/sun/tools/javac/tree/JCTree$Tag
staticfield com/sun/tools/javac/tree/JCTree$Tag TYPETEST Lcom/sun/tools/javac/tree/JCTree$Tag; com/sun/tools/javac/tree/JCTree$Tag
staticfield com/sun/tools/javac/tree/JCTree$Tag BINDINGPATTERN Lcom/sun/tools/javac/tree/JCTree$Tag; com/sun/tools/javac/tree/JCTree$Tag
staticfield com/sun/tools/javac/tree/JCTree$Tag DEFAULTCASELABEL Lcom/sun/tools/javac/tree/JCTree$Tag; com/sun/tools/javac/tree/JCTree$Tag
staticfield com/sun/tools/javac/tree/JCTree$Tag GUARDPATTERN Lcom/sun/tools/javac/tree/JCTree$Tag; com/sun/tools/javac/tree/JCTree$Tag
staticfield com/sun/tools/javac/tree/JCTree$Tag PARENTHESIZEDPATTERN Lcom/sun/tools/javac/tree/JCTree$Tag; com/sun/tools/javac/tree/JCTree$Tag
staticfield com/sun/tools/javac/tree/JCTree$Tag INDEXED Lcom/sun/tools/javac/tree/JCTree$Tag; com/sun/tools/javac/tree/JCTree$Tag
staticfield com/sun/tools/javac/tree/JCTree$Tag SELECT Lcom/sun/tools/javac/tree/JCTree$Tag; com/sun/tools/javac/tree/JCTree$Tag
staticfield com/sun/tools/javac/tree/JCTree$Tag REFERENCE Lcom/sun/tools/javac/tree/JCTree$Tag; com/sun/tools/javac/tree/JCTree$Tag
staticfield com/sun/tools/javac/tree/JCTree$Tag IDENT Lcom/sun/tools/javac/tree/JCTree$Tag; com/sun/tools/javac/tree/JCTree$Tag
staticfield com/sun/tools/javac/tree/JCTree$Tag LITERAL Lcom/sun/tools/javac/tree/JCTree$Tag; com/sun/tools/javac/tree/JCTree$Tag
staticfield com/sun/tools/javac/tree/JCTree$Tag TYPEIDENT Lcom/sun/tools/javac/tree/JCTree$Tag; com/sun/tools/javac/tree/JCTree$Tag
staticfield com/sun/tools/javac/tree/JCTree$Tag TYPEARRAY Lcom/sun/tools/javac/tree/JCTree$Tag; com/sun/tools/javac/tree/JCTree$Tag
staticfield com/sun/tools/javac/tree/JCTree$Tag TYPEAPPLY Lcom/sun/tools/javac/tree/JCTree$Tag; com/sun/tools/javac/tree/JCTree$Tag
staticfield com/sun/tools/javac/tree/JCTree$Tag TYPEUNION Lcom/sun/tools/javac/tree/JCTree$Tag; com/sun/tools/javac/tree/JCTree$Tag
staticfield com/sun/tools/javac/tree/JCTree$Tag TYPEINTERSECTION Lcom/sun/tools/javac/tree/JCTree$Tag; com/sun/tools/javac/tree/JCTree$Tag
staticfield com/sun/tools/javac/tree/JCTree$Tag TYPEPARAMETER Lcom/sun/tools/javac/tree/JCTree$Tag; com/sun/tools/javac/tree/JCTree$Tag
staticfield com/sun/tools/javac/tree/JCTree$Tag WILDCARD Lcom/sun/tools/javac/tree/JCTree$Tag; com/sun/tools/javac/tree/JCTree$Tag
staticfield com/sun/tools/javac/tree/JCTree$Tag TYPEBOUNDKIND Lcom/sun/tools/javac/tree/JCTree$Tag; com/sun/tools/javac/tree/JCTree$Tag
staticfield com/sun/tools/javac/tree/JCTree$Tag ANNOTATION Lcom/sun/tools/javac/tree/JCTree$Tag; com/sun/tools/javac/tree/JCTree$Tag
staticfield com/sun/tools/javac/tree/JCTree$Tag TYPE_ANNOTATION Lcom/sun/tools/javac/tree/JCTree$Tag; com/sun/tools/javac/tree/JCTree$Tag
staticfield com/sun/tools/javac/tree/JCTree$Tag MODIFIERS Lcom/sun/tools/javac/tree/JCTree$Tag; com/sun/tools/javac/tree/JCTree$Tag
staticfield com/sun/tools/javac/tree/JCTree$Tag ANNOTATED_TYPE Lcom/sun/tools/javac/tree/JCTree$Tag; com/sun/tools/javac/tree/JCTree$Tag
staticfield com/sun/tools/javac/tree/JCTree$Tag ERRONEOUS Lcom/sun/tools/javac/tree/JCTree$Tag; com/sun/tools/javac/tree/JCTree$Tag
staticfield com/sun/tools/javac/tree/JCTree$Tag POS Lcom/sun/tools/javac/tree/JCTree$Tag; com/sun/tools/javac/tree/JCTree$Tag
staticfield com/sun/tools/javac/tree/JCTree$Tag NEG Lcom/sun/tools/javac/tree/JCTree$Tag; com/sun/tools/javac/tree/JCTree$Tag
staticfield com/sun/tools/javac/tree/JCTree$Tag NOT Lcom/sun/tools/javac/tree/JCTree$Tag; com/sun/tools/javac/tree/JCTree$Tag
staticfield com/sun/tools/javac/tree/JCTree$Tag COMPL Lcom/sun/tools/javac/tree/JCTree$Tag; com/sun/tools/javac/tree/JCTree$Tag
staticfield com/sun/tools/javac/tree/JCTree$Tag PREINC Lcom/sun/tools/javac/tree/JCTree$Tag; com/sun/tools/javac/tree/JCTree$Tag
staticfield com/sun/tools/javac/tree/JCTree$Tag PREDEC Lcom/sun/tools/javac/tree/JCTree$Tag; com/sun/tools/javac/tree/JCTree$Tag
staticfield com/sun/tools/javac/tree/JCTree$Tag POSTINC Lcom/sun/tools/javac/tree/JCTree$Tag; com/sun/tools/javac/tree/JCTree$Tag
staticfield com/sun/tools/javac/tree/JCTree$Tag POSTDEC Lcom/sun/tools/javac/tree/JCTree$Tag; com/sun/tools/javac/tree/JCTree$Tag
staticfield com/sun/tools/javac/tree/JCTree$Tag NULLCHK Lcom/sun/tools/javac/tree/JCTree$Tag; com/sun/tools/javac/tree/JCTree$Tag
staticfield com/sun/tools/javac/tree/JCTree$Tag OR Lcom/sun/tools/javac/tree/JCTree$Tag; com/sun/tools/javac/tree/JCTree$Tag
staticfield com/sun/tools/javac/tree/JCTree$Tag AND Lcom/sun/tools/javac/tree/JCTree$Tag; com/sun/tools/javac/tree/JCTree$Tag
staticfield com/sun/tools/javac/tree/JCTree$Tag BITOR Lcom/sun/tools/javac/tree/JCTree$Tag; com/sun/tools/javac/tree/JCTree$Tag
staticfield com/sun/tools/javac/tree/JCTree$Tag BITXOR Lcom/sun/tools/javac/tree/JCTree$Tag; com/sun/tools/javac/tree/JCTree$Tag
staticfield com/sun/tools/javac/tree/JCTree$Tag BITAND Lcom/sun/tools/javac/tree/JCTree$Tag; com/sun/tools/javac/tree/JCTree$Tag
staticfield com/sun/tools/javac/tree/JCTree$Tag EQ Lcom/sun/tools/javac/tree/JCTree$Tag; com/sun/tools/javac/tree/JCTree$Tag
staticfield com/sun/tools/javac/tree/JCTree$Tag NE Lcom/sun/tools/javac/tree/JCTree$Tag; com/sun/tools/javac/tree/JCTree$Tag
staticfield com/sun/tools/javac/tree/JCTree$Tag LT Lcom/sun/tools/javac/tree/JCTree$Tag; com/sun/tools/javac/tree/JCTree$Tag
staticfield com/sun/tools/javac/tree/JCTree$Tag GT Lcom/sun/tools/javac/tree/JCTree$Tag; com/sun/tools/javac/tree/JCTree$Tag
staticfield com/sun/tools/javac/tree/JCTree$Tag LE Lcom/sun/tools/javac/tree/JCTree$Tag; com/sun/tools/javac/tree/JCTree$Tag
staticfield com/sun/tools/javac/tree/JCTree$Tag GE Lcom/sun/tools/javac/tree/JCTree$Tag; com/sun/tools/javac/tree/JCTree$Tag
staticfield com/sun/tools/javac/tree/JCTree$Tag SL Lcom/sun/tools/javac/tree/JCTree$Tag; com/sun/tools/javac/tree/JCTree$Tag
staticfield com/sun/tools/javac/tree/JCTree$Tag SR Lcom/sun/tools/javac/tree/JCTree$Tag; com/sun/tools/javac/tree/JCTree$Tag
staticfield com/sun/tools/javac/tree/JCTree$Tag USR Lcom/sun/tools/javac/tree/JCTree$Tag; com/sun/tools/javac/tree/JCTree$Tag
staticfield com/sun/tools/javac/tree/JCTree$Tag PLUS Lcom/sun/tools/javac/tree/JCTree$Tag; com/sun/tools/javac/tree/JCTree$Tag
staticfield com/sun/tools/javac/tree/JCTree$Tag MINUS Lcom/sun/tools/javac/tree/JCTree$Tag; com/sun/tools/javac/tree/JCTree$Tag
staticfield com/sun/tools/javac/tree/JCTree$Tag MUL Lcom/sun/tools/javac/tree/JCTree$Tag; com/sun/tools/javac/tree/JCTree$Tag
staticfield com/sun/tools/javac/tree/JCTree$Tag DIV Lcom/sun/tools/javac/tree/JCTree$Tag; com/sun/tools/javac/tree/JCTree$Tag
staticfield com/sun/tools/javac/tree/JCTree$Tag MOD Lcom/sun/tools/javac/tree/JCTree$Tag; com/sun/tools/javac/tree/JCTree$Tag
staticfield com/sun/tools/javac/tree/JCTree$Tag BITOR_ASG Lcom/sun/tools/javac/tree/JCTree$Tag; com/sun/tools/javac/tree/JCTree$Tag
staticfield com/sun/tools/javac/tree/JCTree$Tag BITXOR_ASG Lcom/sun/tools/javac/tree/JCTree$Tag; com/sun/tools/javac/tree/JCTree$Tag
staticfield com/sun/tools/javac/tree/JCTree$Tag BITAND_ASG Lcom/sun/tools/javac/tree/JCTree$Tag; com/sun/tools/javac/tree/JCTree$Tag
staticfield com/sun/tools/javac/tree/JCTree$Tag SL_ASG Lcom/sun/tools/javac/tree/JCTree$Tag; com/sun/tools/javac/tree/JCTree$Tag
staticfield com/sun/tools/javac/tree/JCTree$Tag SR_ASG Lcom/sun/tools/javac/tree/JCTree$Tag; com/sun/tools/javac/tree/JCTree$Tag
staticfield com/sun/tools/javac/tree/JCTree$Tag USR_ASG Lcom/sun/tools/javac/tree/JCTree$Tag; com/sun/tools/javac/tree/JCTree$Tag
staticfield com/sun/tools/javac/tree/JCTree$Tag PLUS_ASG Lcom/sun/tools/javac/tree/JCTree$Tag; com/sun/tools/javac/tree/JCTree$Tag
staticfield com/sun/tools/javac/tree/JCTree$Tag MINUS_ASG Lcom/sun/tools/javac/tree/JCTree$Tag; com/sun/tools/javac/tree/JCTree$Tag
staticfield com/sun/tools/javac/tree/JCTree$Tag MUL_ASG Lcom/sun/tools/javac/tree/JCTree$Tag; com/sun/tools/javac/tree/JCTree$Tag
staticfield com/sun/tools/javac/tree/JCTree$Tag DIV_ASG Lcom/sun/tools/javac/tree/JCTree$Tag; com/sun/tools/javac/tree/JCTree$Tag
staticfield com/sun/tools/javac/tree/JCTree$Tag MOD_ASG Lcom/sun/tools/javac/tree/JCTree$Tag; com/sun/tools/javac/tree/JCTree$Tag
staticfield com/sun/tools/javac/tree/JCTree$Tag MODULEDEF Lcom/sun/tools/javac/tree/JCTree$Tag; com/sun/tools/javac/tree/JCTree$Tag
staticfield com/sun/tools/javac/tree/JCTree$Tag EXPORTS Lcom/sun/tools/javac/tree/JCTree$Tag; com/sun/tools/javac/tree/JCTree$Tag
staticfield com/sun/tools/javac/tree/JCTree$Tag OPENS Lcom/sun/tools/javac/tree/JCTree$Tag; com/sun/tools/javac/tree/JCTree$Tag
staticfield com/sun/tools/javac/tree/JCTree$Tag PROVIDES Lcom/sun/tools/javac/tree/JCTree$Tag; com/sun/tools/javac/tree/JCTree$Tag
staticfield com/sun/tools/javac/tree/JCTree$Tag REQUIRES Lcom/sun/tools/javac/tree/JCTree$Tag; com/sun/tools/javac/tree/JCTree$Tag
staticfield com/sun/tools/javac/tree/JCTree$Tag USES Lcom/sun/tools/javac/tree/JCTree$Tag; com/sun/tools/javac/tree/JCTree$Tag
staticfield com/sun/tools/javac/tree/JCTree$Tag LETEXPR Lcom/sun/tools/javac/tree/JCTree$Tag; com/sun/tools/javac/tree/JCTree$Tag
staticfield com/sun/tools/javac/tree/JCTree$Tag numberOfOperators I 28
staticfield com/sun/tools/javac/tree/JCTree$Tag $VALUES [Lcom/sun/tools/javac/tree/JCTree$Tag; 105 [Lcom/sun/tools/javac/tree/JCTree$Tag;
ciInstanceKlass com/sun/tools/javac/tree/TreeInfo$2 1 1 290 10 7 12 1 1 1 9 7 12 1 1 1 9 12 1 1 10 12 1 1 100 1 9 12 1 9 12 1 9 12 1 9 12 1 9 12 1 9 12 1 9 12 1 9 12 1 9 12 1 9 12 1 9 12 1 9 12 1 9 12 1 9 12 1 9 12 1 9 12 1 9 12 1 9 12 1 9 12 1 9 12 1 9 12 1 9 12 1 9 12 1 9 12 1 9 12 1 9 12 1 9 12 1 9 12 1 9 12 1 9 12 1 9 12 1 9 12 1 9 12 1 9 12 1 9 12 1 9 12 1 9 12 1 9 12 1 9 12 1 9 12 1 9 12 1 9 12 1 9 12 1 9 12 1 9 12 1 9 12 1 9 12 1 9 12 1 9 12 1 9 12 1 9 12 1 9 12 1 9 12 1 9 12 1 9 12 1 9 12 1 9 12 1 9 12 1 9 12 1 9 12 1 9 12 1 9 12 1 9 12 1 9 12 1 9 12 1 9 12 1 9 12 1 9 12 1 9 12 1 9 12 1 9 12 1 9 12 1 9 12 1 9 12 1 9 12 1 9 12 1 9 12 1 9 12 1 9 12 1 9 12 1 9 12 1 9 12 1 9 12 1 100 1 1 1 1 1 1 1 1 1 1 100 1 1 1 100 1 1
staticfield com/sun/tools/javac/tree/TreeInfo$2 $SwitchMap$com$sun$tools$javac$tree$JCTree$Tag [I 105
ciInstanceKlass com/sun/tools/javac/tree/TreeInfo 1 1 1384 100 1 10 100 12 1 1 1 9 7 12 1 1 1 10 7 12 1 1 1 10 7 12 1 1 1 7 1 9 12 1 1 7 1 9 9 12 1 1 10 12 1 1 7 1 9 12 1 1 9 7 12 1 1 1 9 7 12 1 1 1 9 7 12 1 1 10 7 12 1 1 1 9 12 1 1 9 7 12 1 1 1 5 0 10 12 1 5 0 9 12 1 7 1 9 12 1 1 10 7 12 1 1 1 9 12 1 1 9 12 1 10 12 1 1 11 7 12 1 1 11 12 1 1 9 12 1 7 1 9 12 1 9 12 1 10 7 1 9 12 1 10 12 1 9 12 1 9 12 1 9 12 1 9 7 12 1 1 1 9 12 1 9 12 1 9 12 1 7 1 9 12 1 9 12 1 7 1 9 12 1 10 7 12 1 1 1 5 0 9 12 1 10 12 1 10 12 1 1 10 12 1 7 1 9 10 12 1 9 7 12 1 1 10 12 1 1 18 12 1 1 11 100 12 1 1 1 18 12 1 1 11 12 1 1 18 10 12 1 1 11 12 1 1 10 12 1 1 18 10 12 1 1 9 12 1 1 9 7 12 1 1 10 12 1 10 12 1 7 1 10 7 1 10 12 1 1 9 12 1 10 12 1 100 1 9 12 1 9 12 1 1 9 7 12 1 5 0 9 12 1 1 9 100 1 9 12 1 100 1 100 1 10 8 1 10 12 1 1 10 12 1 10 12 1 1 10 12 1 9 12 1 1 9 9 10 9 12 1 9 12 1 10 12 1 10 12 1 1 10 12 1 1 9 12 1 1 9 7 12 1 1 9 12 1 9 12 1 7 1 9 12 1 1 9 7 12 1 1 9 100 12 1 1 1 10 100 12 1 1 1 10 100 1 11 12 1 1 9 100 12 1 1 1 9 12 1 7 1 9 12 1 1 11 100 12 1 1 1 11 12 1 1 9 12 1 1 9 9 12 1 100 1 9 12 1 7 1 9 10 12 1 1 9 12 1 7 1 9 12 1 9 12 1 10 12 1 9 9 9 12 1 100 1 9 9 12 1 100 1 9 100 1 9 9 12 1 9 100 1 9 100 1 9 9 10 12 1 7 1 9 7 12 1 1 1 10 12 1 1 9 9 7 1 9 12 1 100 1 9 12 1 9 9 12 1 9 12 1 9 9 7 1 9 12 1 100 1 9 9 9 12 1 9 12 1 9 12 1 9 9 7 1 9 12 1 100 1 9 12 1 1 100 1 9 12 1 11 7 12 1 1 9 12 1 10 12 1 100 1 9 9 12 1 100 1 9 12 1 100 1 9 100 1 9 12 1 9 12 1 100 1 9 9 100 1 9 12 1 1 100 1 9 9 12 1 100 1 9 100 1 9 12 9 7 1 10 12 1 10 7 12 1 1 1 10 7 12 1 1 10 10 12 1 1 10 12 1 1 100 1 10 12 1 10 12 1 1 9 12 1 10 12 1 18 12 1 18 11 12 1 1 10 100 12 1 1 100 1 7 1 10 9 10 12 1 1 10 12 1 1 100 1 8 1 10 12 1 100 1 10 12 1 10 12 1 100 1 9 12 1 10 12 1 9 12 1 9 12 1 7 1 9 10 12 1 7 1 10 9 12 1 10 12 1 10 12 1 9 10 12 1 10 12 1 10 12 1 10 12 1 1 10 12 1 1 10 12 1 1 10 12 1 9 12 1 1 9 12 1 9 9 12 1 9 12 1 9 9 9 12 1 9 7 12 1 1 1 9 5 0 10 12 1 10 100 12 1 1 9 12 1 9 12 1 9 12 1 9 12 1 9 12 1 9 12 1 9 12 1 9 12 1 9 12 1 9 12 1 9 12 1 9 12 1 9 12 1 9 12 1 9 12 1 9 12 1 9 12 1 9 12 1 9 12 1 9 12 1 9 12 1 9 12 1 9 12 1 9 12 1 9 12 1 9 12 1 9 12 1 9 12 1 9 12 1 9 12 1 9 12 1 9 12 1 9 12 1 9 12 1 9 12 1 9 12 1 9 12 1 9 12 1 9 12 1 9 12 1 9 12 1 9 12 1 8 1 100 1 10 10 9 12 1 1 9 12 1 1 8 1 9 7 12 1 1 1 11 7 12 1 1 1 9 12 1 8 1 9 9 7 1 9 12 1 18 11 12 1 18 11 12 1 1 10 7 1 7 1 9 10 12 1 10 12 1 1 10 12 1 9 12 1 10 12 1 10 12 1 100 1 10 12 1 10 12 1 10 12 1 1 9 12 1 10 100 1 9 12 1 10 12 1 9 10 12 1 1 1 1 3 1 3 1 3 1 3 1 3 1 3 1 3 1 3 1 3 1 3 1 3 1 3 1 3 1 3 1 3 1 3 1 3 1 3 1 1 1 1 1 1 1 1 1 1 1 1 1 1 1 1 1 1 1 1 1 1 1 1 1 1 1 1 1 1 1 1 1 1 1 1 1 1 1 1 1 1 1 1 1 1 1 1 1 1 1 1 1 1 1 1 1 1 1 1 1 1 1 1 1 1 1 1 1 1 1 1 1 1 1 1 100 1 1 1 1 1 1 1 1 1 1 1 1 1 1 1 1 1 1 1 1 1 1 1 1 1 1 1 1 1 1 1 1 1 1 1 1 1 1 1 1 1 1 1 1 1 1 1 1 1 1 1 1 1 1 1 1 1 1 1 1 1 1 1 1 1 1 1 1 1 1 1 1 1 1 1 1 1 1 1 1 1 1 1 1 1 1 1 1 1 1 1 1 1 1 1 1 1 1 1 1 1 1 1 1 1 1 1 1 1 1 1 1 1 1 1 15 10 100 12 1 1 1 16 1 15 10 12 16 16 15 10 12 16 15 10 12 16 15 10 12 16 15 10 12 16 15 10 12 16 15 10 12 16 15 10 12 16 1 1 1 1 1 1 1 1 1 1 1 1 1 1 1 1 1 1 1 1 100 1 1 100 1 1 1 100 1 1 1 1 100 1 1 1 1 1 1 1 1 1 1 1 1 1 1 1 1 1 1 1 1 1 1 1 1 1 1 1 1 1 100 1 1 1 100 1 1 1 1 1 1 100 1 1 100 1 1 100 1 1 100 1 1 1 1 1 1 100 1 100 1 1
ciInstanceKlass com/sun/tools/javac/code/Scope$ScopeImpl$$Lambda$360+0x000001e44a3135d0 1 1 38 1 7 1 7 1 100 1 1 1 1 1 1 1 1 1 1 1 12 10 12 9 12 9 12 9 12 9 1 1 1 7 1 1 12 10 1 1
ciInstanceKlass com/sun/tools/javac/code/Scope$ScopeImpl$2 1 1 111 9 7 12 1 1 1 9 12 1 1 9 12 1 1 9 12 1 1 10 7 12 1 1 1 10 7 12 1 1 1 9 12 1 1 9 7 12 1 1 9 12 1 1 9 12 1 9 12 1 1 10 12 1 1 10 12 1 1 9 7 12 1 1 10 12 1 1 100 1 10 10 12 1 1 100 1 10 10 12 100 1 1 1 1 1 1 1 1 100 1 100 1 1 1 1 1 1 1 1 1 12 1 1 1 100 1 1 1 1 1
ciInstanceKlass com/sun/tools/javac/code/Scope$LookupKind 1 1 55 7 1 9 12 1 1 9 12 1 9 12 1 1 10 100 12 1 1 10 7 12 1 1 1 10 12 1 1 8 10 8 10 12 1 1 1 1 1 1 1 1 1 1 1 1 1 1 1 1 1 100 1 1 1
staticfield com/sun/tools/javac/code/Scope$LookupKind RECURSIVE Lcom/sun/tools/javac/code/Scope$LookupKind; com/sun/tools/javac/code/Scope$LookupKind
staticfield com/sun/tools/javac/code/Scope$LookupKind NON_RECURSIVE Lcom/sun/tools/javac/code/Scope$LookupKind; com/sun/tools/javac/code/Scope$LookupKind
staticfield com/sun/tools/javac/code/Scope$LookupKind $VALUES [Lcom/sun/tools/javac/code/Scope$LookupKind; 2 [Lcom/sun/tools/javac/code/Scope$LookupKind;
ciInstanceKlass com/sun/tools/javac/code/Scope$ScopeImpl$$Lambda$377+0x000001e44a31a060 1 1 28 1 7 1 7 1 100 1 1 1 1 1 12 10 12 9 1 1 1 7 1 7 1 1 12 10 1 1
ciInstanceKlass com/sun/tools/javac/code/Symbol$VarSymbol$$Lambda$397+0x000001e44a322030 1 1 38 1 7 1 7 1 100 1 1 1 1 1 1 1 1 1 1 1 12 10 12 9 12 9 12 9 12 9 1 1 1 7 1 1 12 10 1 1
ciInstanceKlass javax/lang/model/element/ElementKind 1 1 131 7 1 9 12 1 1 9 12 1 9 12 1 9 12 1 9 12 1 9 12 1 9 12 1 9 12 1 9 12 1 9 12 1 9 12 1 9 12 1 9 12 1 9 12 1 9 12 1 9 12 1 9 12 1 9 12 1 9 12 1 9 12 1 9 12 1 9 12 1 1 10 7 12 1 1 10 7 12 1 1 1 10 12 1 1 8 10 8 8 8 8 8 8 8 8 8 8 8 8 8 8 8 8 8 8 8 8 10 12 1 1 1 1 1 1 1 1 1 1 1 1 1 1 1 1 1 1 1 1 1
staticfield javax/lang/model/element/ElementKind PACKAGE Ljavax/lang/model/element/ElementKind; javax/lang/model/element/ElementKind
staticfield javax/lang/model/element/ElementKind ENUM Ljavax/lang/model/element/ElementKind; javax/lang/model/element/ElementKind
staticfield javax/lang/model/element/ElementKind CLASS Ljavax/lang/model/element/ElementKind; javax/lang/model/element/ElementKind
staticfield javax/lang/model/element/ElementKind ANNOTATION_TYPE Ljavax/lang/model/element/ElementKind; javax/lang/model/element/ElementKind
staticfield javax/lang/model/element/ElementKind INTERFACE Ljavax/lang/model/element/ElementKind; javax/lang/model/element/ElementKind
staticfield javax/lang/model/element/ElementKind ENUM_CONSTANT Ljavax/lang/model/element/ElementKind; javax/lang/model/element/ElementKind
staticfield javax/lang/model/element/ElementKind FIELD Ljavax/lang/model/element/ElementKind; javax/lang/model/element/ElementKind
staticfield javax/lang/model/element/ElementKind PARAMETER Ljavax/lang/model/element/ElementKind; javax/lang/model/element/ElementKind
staticfield javax/lang/model/element/ElementKind LOCAL_VARIABLE Ljavax/lang/model/element/ElementKind; javax/lang/model/element/ElementKind
staticfield javax/lang/model/element/ElementKind EXCEPTION_PARAMETER Ljavax/lang/model/element/ElementKind; javax/lang/model/element/ElementKind
staticfield javax/lang/model/element/ElementKind METHOD Ljavax/lang/model/element/ElementKind; javax/lang/model/element/ElementKind
staticfield javax/lang/model/element/ElementKind CONSTRUCTOR Ljavax/lang/model/element/ElementKind; javax/lang/model/element/ElementKind
staticfield javax/lang/model/element/ElementKind STATIC_INIT Ljavax/lang/model/element/ElementKind; javax/lang/model/element/ElementKind
staticfield javax/lang/model/element/ElementKind INSTANCE_INIT Ljavax/lang/model/element/ElementKind; javax/lang/model/element/ElementKind
staticfield javax/lang/model/element/ElementKind TYPE_PARAMETER Ljavax/lang/model/element/ElementKind; javax/lang/model/element/ElementKind
staticfield javax/lang/model/element/ElementKind OTHER Ljavax/lang/model/element/ElementKind; javax/lang/model/element/ElementKind
staticfield javax/lang/model/element/ElementKind RESOURCE_VARIABLE Ljavax/lang/model/element/ElementKind; javax/lang/model/element/ElementKind
staticfield javax/lang/model/element/ElementKind MODULE Ljavax/lang/model/element/ElementKind; javax/lang/model/element/ElementKind
staticfield javax/lang/model/element/ElementKind RECORD Ljavax/lang/model/element/ElementKind; javax/lang/model/element/ElementKind
staticfield javax/lang/model/element/ElementKind RECORD_COMPONENT Ljavax/lang/model/element/ElementKind; javax/lang/model/element/ElementKind
staticfield javax/lang/model/element/ElementKind BINDING_VARIABLE Ljavax/lang/model/element/ElementKind; javax/lang/model/element/ElementKind
staticfield javax/lang/model/element/ElementKind $VALUES [Ljavax/lang/model/element/ElementKind; 21 [Ljavax/lang/model/element/ElementKind;
ciInstanceKlass com/sun/tools/javac/comp/Resolve$LookupFilter 1 1 69 100 1 9 7 12 1 1 1 10 7 12 1 1 1 9 12 1 1 10 7 12 1 1 1 9 12 1 1 9 7 12 1 1 5 0 5 0 5 0 10 12 1 1 100 1 1 1 1 1 1 1 1 1 1 1 1 1 1 1 1 1 100 1 1 1 100 1 1
ciInstanceKlass com/sun/tools/javac/comp/Lower$2 1 1 194 10 7 12 1 1 1 9 7 12 1 1 1 9 12 1 1 10 12 1 1 100 1 9 12 1 9 12 1 10 7 12 1 1 9 12 1 9 12 1 1 10 9 12 1 9 12 1 9 12 1 9 12 1 9 12 1 9 12 1 9 12 1 9 12 1 9 12 1 9 12 1 9 12 1 9 12 1 10 7 12 1 1 9 12 1 9 12 1 1 10 9 12 1 9 12 1 9 12 1 9 12 1 9 12 1 9 12 1 9 12 1 9 12 1 9 12 1 9 12 1 10 7 12 1 1 9 12 1 9 12 1 1 10 9 12 1 9 12 9 12 9 12 9 12 10 7 12 1 1 9 12 1 9 12 1 1 10 9 12 1 9 12 1 100 1 1 1 1 1 1 1 1 1 1 100 1 1 1 100 1 1 100 1 1 100 1 100 1 1 1 100 1 1
staticfield com/sun/tools/javac/comp/Lower$2 $SwitchMap$com$sun$tools$javac$code$Kinds$Kind [I 18
staticfield com/sun/tools/javac/comp/Lower$2 $SwitchMap$com$sun$tools$javac$code$Symbol$OperatorSymbol$AccessCode [I 8
staticfield com/sun/tools/javac/comp/Lower$2 $SwitchMap$com$sun$tools$javac$code$TypeTag [I 25
staticfield com/sun/tools/javac/comp/Lower$2 $SwitchMap$com$sun$tools$javac$tree$JCTree$Tag [I 105
staticfield com/sun/tools/javac/comp/Lower$2 $SwitchMap$com$sun$tools$javac$main$Option$PkgInfo [I 3
ciInstanceKlass com/sun/tools/javac/comp/LambdaToMethod$LambdaAnalyzerPreprocessor$LambdaTranslationContext$1 1 1 60 9 7 12 1 1 1 9 12 1 1 9 12 1 1 10 7 12 1 1 1 1 1 1 1 1 1 1 1 1 1 1 1 1 1 1 1 1 1 1 100 1 12 1 1 100 1 1 100 1 1 1 100 1 1 100 1 100 1 1
ciInstanceKlass com/sun/tools/javac/comp/LambdaToMethod$LambdaAnalyzerPreprocessor$LambdaTranslationContext$2 1 1 54 9 7 12 1 1 1 9 12 1 1 10 7 12 1 1 1 1 1 1 1 1 1 1 1 1 1 1 1 1 1 1 1 1 1 100 1 12 1 1 1 100 1 1 100 1 1 1 100 1 1 100 1 1
ciMethodData java/lang/Object <init> ()V 2 3428955 orig 80 1 0 0 0 0 0 0 0 0 0 0 0 176 45 0 0 0 0 0 0 0 0 0 0 0 0 0 0 0 0 0 0 0 0 0 0 0 0 0 0 0 0 0 0 0 0 0 0 0 0 0 0 0 0 0 0 0 0 0 0 0 0 0 0 0 0 0 0 0 0 0 0 0 0 0 0 0 0 0 0 data 4 0x0 0x9 0x1 0x0 oops 0 methods 0
ciMethodData java/util/AbstractCollection <init> ()V 2 754731 orig 80 0 0 0 0 0 0 0 0 0 0 0 0 176 45 0 0 0 0 0 0 0 0 0 0 0 0 0 0 0 0 0 0 0 0 0 0 0 0 0 0 0 0 0 0 0 0 0 0 0 0 0 0 0 0 0 0 0 0 0 0 0 0 0 0 0 0 0 0 0 0 0 0 0 0 0 0 0 0 0 0 data 7 0x10002 0xb829d 0x0 0x0 0x9 0x1 0x0 oops 0 methods 0
ciMethodData java/lang/String coder ()B 2 1672309 orig 80 0 0 0 0 0 0 0 0 0 0 0 0 176 45 0 0 0 0 0 0 0 0 0 0 0 0 0 0 0 0 0 0 0 0 0 0 0 0 0 0 0 0 0 0 0 0 0 0 0 0 0 0 0 0 0 0 0 0 0 0 0 0 0 0 0 0 0 0 0 0 0 0 0 0 0 0 0 0 0 0 data 14 0x30007 0x0 0x38 0x198279 0xa0003 0x198279 0x18 0x0 0x0 0x0 0x0 0x9 0x1 0x0 oops 0 methods 0
ciMethodData java/lang/String length ()I 2 1454814 orig 80 0 0 0 0 0 0 0 0 0 0 0 0 176 45 0 0 0 0 0 0 0 0 0 0 0 0 0 0 0 0 0 0 0 0 0 0 0 0 0 0 0 0 0 0 0 0 0 0 0 0 0 0 0 0 0 0 0 0 0 0 0 0 0 0 0 0 0 0 0 0 0 0 0 0 0 0 0 0 0 0 data 16 0x60005 0x163139 0x0 0x0 0x0 0x0 0x0 0x0 0x0 0x0 0x0 0x0 0x0 0x9 0x1 0x0 oops 0 methods 0
ciMethodData java/util/HashMap get (Ljava/lang/Object;)Ljava/lang/Object; 2 28749 orig 80 2 0 0 0 0 0 0 0 0 0 0 0 176 45 0 0 0 0 0 0 0 0 0 0 0 0 0 0 0 0 0 0 0 0 0 0 0 0 0 0 0 0 0 0 0 0 0 0 0 0 0 0 0 0 0 0 0 0 0 0 0 0 0 0 0 0 0 0 0 0 0 0 0 0 0 0 0 0 0 0 data 24 0x20005 0x6e4e 0x0 0x0 0x0 0x0 0x0 0x70007 0x1b2d 0x38 0x5323 0xb0003 0x5323 0x18 0x0 0x0 0x0 0x0 0x0 0x0 0x9 0x2 0x0 0xffffffffffffffff oops 0 methods 0
ciMethodData java/util/HashMap getNode (Ljava/lang/Object;)Ljava/util/HashMap$Node; 2 25889 orig 80 3 0 0 0 1 0 0 0 0 0 0 0 176 45 0 0 0 0 0 0 0 0 0 4 0 0 0 0 0 0 0 0 0 0 0 0 0 0 0 3 0 0 0 0 0 0 0 0 0 0 0 0 0 0 0 0 0 0 0 0 0 0 0 0 0 0 0 0 0 0 0 0 0 0 0 0 0 0 0 0 data 103 0x60007 0xb64 0x2e8 0x57be 0xe0007 0x0 0x2c8 0x57be 0x170002 0x57be 0x210007 0x2c86 0x298 0x2b3c 0x2a0007 0x1213 0xb8 0x1929 0x350007 0x1611 0x98 0x318 0x390007 0x56 0x78 0x2c2 0x3f0005 0x20 0x0 0x1e4481058c0 0x224 0x1e48ee3eb80 0x7e 0x8000000600420007 0x14 0x20 0x2b0 0x4e0007 0xca2 0x1c0 0x5db 0x520004 0xfffffffffffffa25 0x0 0x1e48ebe2320 0xd2 0x1e48ee3ec30 0x3 0x550007 0x5db 0x90 0x0 0x590004 0x0 0x0 0x0 0x0 0x0 0x0 0x5f0005 0x0 0x0 0x0 0x0 0x0 0x0 0x6a0007 0x4ae 0xb8 0x1e6 0x760007 0x166 0x98 0x80 0x7a0007 0x0 0x78 0x80 0x8000000700800005 0x40 0x0 0x1e4481058c0 0x23 0x1e48ee3eb80 0x21 0x8000000600830007 0x32 0x20 0x53 0x910007 0xb9 0xffffffffffffff48 0x427 0x0 0x0 0x0 0x0 0x0 0x0 0x9 0x2 0x0 0xffffffffffffffff oops 6 29 java/lang/String 31 java/util/zip/ZipFile$Source$Key 44 java/util/HashMap$Node 46 java/util/LinkedHashMap$Entry 81 java/lang/String 83 java/util/zip/ZipFile$Source$Key methods 0
ciMethod java/util/concurrent/Callable call ()Ljava/lang/Object; 0 0 1 0 -1
ciMethod java/lang/invoke/MethodHandle invokeBasic (Ljava/lang/Object;Ljava/lang/Object;Ljava/lang/Object;Ljava/lang/Object;)Ljava/lang/Object; 0 0 1 0 -1
ciMethod java/lang/invoke/MethodHandle linkToSpecial (Ljava/lang/Object;Ljava/lang/Object;Ljava/lang/Object;Ljava/lang/Object;Ljava/lang/Object;Ljava/lang/invoke/MemberName;)V 0 0 1 0 -1
ciMethodData java/lang/invoke/DirectMethodHandle allocateInstance (Ljava/lang/Object;)Ljava/lang/Object; 2 354733 orig 80 0 0 0 0 0 0 0 0 0 0 0 0 176 45 0 0 0 0 0 0 0 0 0 0 0 0 0 0 0 0 0 0 0 0 0 0 0 0 0 0 0 0 0 0 0 0 0 0 0 0 0 0 0 0 0 0 0 0 0 0 0 0 0 0 0 0 0 0 0 0 0 0 0 0 0 0 0 0 0 0 data 23 0x10004 0x0 0x0 0x1e48f68c4e0 0x2e97 0x0 0x0 0xc0005 0x568ad 0x0 0x0 0x0 0x0 0x0 0x0 0x0 0x0 0x0 0x0 0x0 0x9 0x1 0x0 oops 1 3 java/lang/invoke/DirectMethodHandle$Constructor methods 0
ciMethodData java/lang/invoke/DirectMethodHandle constructorMethod (Ljava/lang/Object;)Ljava/lang/Object; 2 354733 orig 80 0 0 0 0 0 0 0 0 0 0 0 0 176 45 0 0 0 0 0 0 0 0 0 0 0 0 0 0 0 0 0 0 0 0 0 0 0 0 0 0 0 0 0 0 0 0 0 0 0 0 0 0 0 0 0 0 0 0 0 0 0 0 0 0 0 0 0 0 0 0 0 0 0 0 0 0 0 0 0 0 data 16 0x10004 0x0 0x0 0x1e48f68c4e0 0x2e97 0x0 0x0 0x0 0x0 0x0 0x0 0x0 0x0 0x9 0x1 0x0 oops 1 3 java/lang/invoke/DirectMethodHandle$Constructor methods 0
ciMethodData java/lang/invoke/Invokers$Holder linkToTargetMethod (Ljava/lang/Object;Ljava/lang/Object;Ljava/lang/Object;Ljava/lang/Object;Ljava/lang/Object;)Ljava/lang/Object; 2 55455 orig 80 0 0 0 0 0 0 0 0 0 0 0 0 176 45 0 0 0 0 0 0 0 0 0 0 0 0 0 0 0 0 0 0 0 0 0 0 0 0 0 0 0 0 0 0 0 0 0 0 0 0 0 0 0 0 0 0 0 0 0 0 0 0 0 0 0 0 0 0 0 0 0 0 0 0 0 0 0 0 0 0 data 39 0x20004 0x0 0x0 0x1e48f68c4e0 0xa7c 0x0 0x0 0x9000b 0xd79f 0x0 0x0 0x0 0x0 0x0 0x5 0x1 0x2 0x2 0x3 0x2 0x0 0x0 0x0 0x0 0x0 0x0 0x9 0x5 0x0 0x0 0x0 0x0 0x0 0xc 0x4 0x0 0x2 0x1 0x3 oops 1 3 java/lang/invoke/DirectMethodHandle$Constructor methods 0
ciMethod java/lang/invoke/LambdaForm$DMH+0x000001e44a0a8000 newInvokeSpecial (Ljava/lang/Object;Ljava/lang/Object;Ljava/lang/Object;Ljava/lang/Object;Ljava/lang/Object;)Ljava/lang/Object; 514 0 55455 0 -1
ciMethodData java/lang/invoke/LambdaForm$DMH+0x000001e44a0a8000 newInvokeSpecial (Ljava/lang/Object;Ljava/lang/Object;Ljava/lang/Object;Ljava/lang/Object;Ljava/lang/Object;)Ljava/lang/Object; 2 55455 orig 80 0 0 0 0 0 0 0 0 0 0 0 0 176 45 0 0 0 0 0 0 0 0 0 0 0 0 0 0 0 0 0 0 0 0 0 0 0 0 0 0 0 0 0 0 0 0 0 0 0 0 0 0 0 0 0 0 0 0 0 0 0 0 0 0 0 0 0 0 0 0 0 0 0 0 0 0 0 0 0 0 data 45 0x1000a 0xd79e 0x3 0x0 0x1e48f68c4e0 0x2 0x7000a 0xd79e 0x3 0x0 0x1e48f68c4e0 0x1e448107a90 0x150004 0x0 0x0 0x0 0x0 0x0 0x0 0x18000a 0xd79e 0x4 0x0 0x2 0x1 0x2 0x0 0x0 0x0 0x0 0x0 0x0 0x9 0x5 0x0 0x0 0x0 0x0 0x0 0xc 0x4 0x0 0x1e48f68c4e0 0x1 0x2 oops 4 4 java/lang/invoke/DirectMethodHandle$Constructor 10 java/lang/invoke/DirectMethodHandle$Constructor 11 java/lang/invoke/MemberName 42 java/lang/invoke/DirectMethodHandle$Constructor methods 0
ciMethod com/sun/tools/javac/util/JCDiagnostic$DiagnosticPosition getStartPosition ()I 0 0 1 0 -1
ciMethod com/sun/tools/javac/util/Assert check (Z)V 222 0 157153 0 -1
ciMethod com/sun/tools/javac/util/Assert check (ZLjava/lang/String;)V 344 0 3245 0 0
ciMethod com/sun/tools/javac/util/Assert checkNull (Ljava/lang/Object;Ljava/lang/String;)V 2 0 337 0 -1
ciMethod com/sun/tools/javac/util/Assert checkNonNull (Ljava/lang/Object;Ljava/lang/String;)Ljava/lang/Object; 3790 0 21084 0 -1
ciMethod com/sun/tools/javac/util/Assert error (Ljava/lang/String;)V 0 0 1 0 -1
ciMethod com/sun/tools/javac/util/List <init> (Ljava/lang/Object;Lcom/sun/tools/javac/util/List;)V 636 0 231391 0 512
ciMethod com/sun/tools/javac/util/List nil ()Lcom/sun/tools/javac/util/List; 568 0 597202 0 64
ciMethod com/sun/tools/javac/util/List of (Ljava/lang/Object;)Lcom/sun/tools/javac/util/List; 7666 0 64813 0 -1
ciMethod com/sun/tools/javac/util/List nonEmpty ()Z 802 0 778660 0 96
ciMethod com/sun/tools/javac/util/List prepend (Ljava/lang/Object;)Lcom/sun/tools/javac/util/List; 356 0 149280 0 192
ciMethod com/sun/tools/javac/util/List emptyIterator ()Ljava/util/Iterator; 316 0 184403 0 -1
ciMethod com/sun/tools/javac/util/List iterator ()Ljava/util/Iterator; 384 0 324623 0 192
ciMethod com/sun/tools/javac/util/List$3 <init> (Lcom/sun/tools/javac/util/List;)V 68 0 140221 0 0
ciMethod com/sun/tools/javac/util/List$3 hasNext ()Z 1024 0 20058 0 96
ciMethod com/sun/tools/javac/util/List$3 next ()Ljava/lang/Object; 780 0 17539 0 288
ciMethod com/sun/tools/javac/tree/JCTree <init> ()V 518 0 92581 0 0
ciMethod com/sun/tools/javac/tree/JCTree getTag ()Lcom/sun/tools/javac/tree/JCTree$Tag; 0 0 1 0 -1
ciMethod com/sun/tools/javac/tree/JCTree hasTag (Lcom/sun/tools/javac/tree/JCTree$Tag;)Z 834 0 345924 0 128
ciMethod com/sun/tools/javac/tree/JCTree setPos (I)Lcom/sun/tools/javac/tree/JCTree; 2016 0 8010 0 0
ciMethod com/sun/tools/javac/tree/JCTree setType (Lcom/sun/tools/javac/code/Type;)Lcom/sun/tools/javac/tree/JCTree; 634 0 11970 0 0
ciMethod com/sun/tools/javac/tree/JCTree pos ()Lcom/sun/tools/javac/util/JCDiagnostic$DiagnosticPosition; 0 0 279900 0 64
ciMethod com/sun/tools/javac/tree/JCTree$JCExpression <init> ()V 1024 0 65480 0 0
ciMethod com/sun/tools/javac/tree/JCTree$JCExpression setType (Lcom/sun/tools/javac/code/Type;)Lcom/sun/tools/javac/tree/JCTree$JCExpression; 4106 0 12979 0 256
ciMethod com/sun/tools/javac/tree/JCTree$JCExpression setPos (I)Lcom/sun/tools/javac/tree/JCTree$JCExpression; 1438 0 7564 0 0
ciMethod com/sun/tools/javac/tree/JCTree$JCCaseLabel <init> ()V 1024 0 65483 0 0
ciMethod com/sun/tools/javac/code/Symbol flags ()J 308 0 154 0 0
ciMethod com/sun/tools/javac/code/Symbol baseSymbol ()Lcom/sun/tools/javac/code/Symbol; 0 0 1039 0 64
ciMethod com/sun/tools/javac/code/Symbol erasure (Lcom/sun/tools/javac/code/Types;)Lcom/sun/tools/javac/code/Type; 0 0 16473 0 -1
ciMethod com/sun/tools/javac/code/Symbol isInterface ()Z 1024 0 18453 0 0
ciMethod com/sun/tools/javac/code/Symbol isDirectlyOrIndirectlyLocal ()Z 4228 0 7826 0 -1
ciMethod com/sun/tools/javac/code/Symbol flatName ()Lcom/sun/tools/javac/util/Name; 516 0 25357 0 -1
ciMethod com/sun/tools/javac/code/Symbol enclClass ()Lcom/sun/tools/javac/code/Symbol$ClassSymbol; 5008 3504 18931 0 288
ciMethod com/sun/tools/javac/code/Symbol packge ()Lcom/sun/tools/javac/code/Symbol$PackageSymbol; 4096 18076 38633 0 160
ciMethod com/sun/tools/javac/code/Symbol isSubClass (Lcom/sun/tools/javac/code/Symbol;Lcom/sun/tools/javac/code/Types;)Z 0 0 1 0 -1
ciMethod com/sun/tools/javac/code/Symbol isMemberOf (Lcom/sun/tools/javac/code/Symbol$TypeSymbol;Lcom/sun/tools/javac/code/Types;)Z 0 0 4162 0 0
ciMethod com/sun/tools/javac/code/Symbol hiddenIn (Lcom/sun/tools/javac/code/Symbol$ClassSymbol;Lcom/sun/tools/javac/code/Types;)Z 140 0 2356 0 0
ciMethod com/sun/tools/javac/code/Symbol hiddenInInternal (Lcom/sun/tools/javac/code/Symbol$ClassSymbol;Lcom/sun/tools/javac/code/Types;)Lcom/sun/tools/javac/code/Symbol; 280 16 7261 0 0
ciMethod com/sun/tools/javac/code/Symbol isAccessibleIn (Lcom/sun/tools/javac/code/Symbol;Lcom/sun/tools/javac/code/Types;)Z 510 280 4348 0 0
ciMethod com/sun/tools/javac/code/Symbol isInheritedIn (Lcom/sun/tools/javac/code/Symbol;Lcom/sun/tools/javac/code/Types;)Z 512 0 4348 0 0
ciMethod com/sun/tools/javac/code/Symbol complete ()V 4402 0 197787 0 -1
ciMethod com/sun/tools/javac/code/Symbol$MethodSymbol <init> (JLcom/sun/tools/javac/util/Name;Lcom/sun/tools/javac/code/Type;Lcom/sun/tools/javac/code/Symbol;)V 4318 0 12657 0 -1
ciMethod com/sun/tools/javac/code/Symbol$MethodSymbol isInheritedIn (Lcom/sun/tools/javac/code/Symbol;Lcom/sun/tools/javac/code/Types;)Z 516 0 7468 0 0
ciMethod com/sun/tools/javac/code/Type hasTag (Lcom/sun/tools/javac/code/TypeTag;)Z 4324 0 690845 0 128
ciMethod com/sun/tools/javac/code/Type getTag ()Lcom/sun/tools/javac/code/TypeTag; 0 0 1 0 -1
ciMethod com/sun/tools/javac/code/Type accept (Lcom/sun/tools/javac/code/Type$Visitor;Ljava/lang/Object;)Ljava/lang/Object; 518 0 6403 0 -1
ciMethod com/sun/tools/javac/code/Type constType (Ljava/lang/Object;)Lcom/sun/tools/javac/code/Type; 0 0 1 0 -1
ciMethod com/sun/tools/javac/code/Type getUpperBound ()Lcom/sun/tools/javac/code/Type; 0 0 1 0 -1
ciMethod com/sun/tools/javac/code/Type isErroneous ()Z 408 0 204 0 0
ciMethod com/sun/tools/javac/code/Type isErroneous (Lcom/sun/tools/javac/util/List;)Z 2168 1864 50036 0 0
ciMethod com/sun/tools/javac/code/Type$ClassType getTypeArguments ()Lcom/sun/tools/javac/util/List; 4450 0 45492 0 288
ciMethod com/sun/tools/javac/code/Type$ClassType getEnclosingType ()Lcom/sun/tools/javac/code/Type; 264 0 132 0 0
ciMethod com/sun/tools/javac/code/Type$ClassType isErroneous ()Z 4256 0 37992 0 1600
ciMethod com/sun/tools/javac/code/Type$ClassType complete ()V 58 0 436 0 0
ciMethod com/sun/tools/javac/code/Symbol$VarSymbol getConstValue ()Ljava/lang/Object; 4096 0 14214 0 0
ciMethod com/sun/tools/javac/code/Type$ErrorType <init> (Lcom/sun/tools/javac/code/Symbol$ClassSymbol;Lcom/sun/tools/javac/code/Type;)V 42 0 12143 0 -1
ciMethod com/sun/tools/javac/jvm/Target hasNestmateAccess ()Z 590 0 4593 0 0
ciMethodData com/sun/tools/javac/util/List nil ()Lcom/sun/tools/javac/util/List; 2 597274 orig 80 0 0 0 0 0 0 0 0 0 0 0 0 176 45 0 0 0 0 0 0 0 0 0 0 0 0 0 0 0 0 0 0 0 0 0 0 0 0 0 0 0 0 0 0 0 0 0 0 0 0 0 0 0 0 0 0 0 0 0 0 0 0 0 0 0 0 0 0 0 0 0 0 0 0 0 0 0 0 0 0 data 4 0x0 0x0 0x9 0x0 oops 0 methods 0
ciMethodData com/sun/tools/javac/util/List <init> (Ljava/lang/Object;Lcom/sun/tools/javac/util/List;)V 2 231391 orig 80 0 0 0 0 0 0 0 0 0 0 0 0 176 45 0 0 0 0 0 0 0 0 0 0 0 0 0 0 0 0 0 0 0 0 0 0 0 0 0 0 0 0 0 0 0 0 0 0 0 0 0 0 0 0 0 0 0 0 0 0 0 0 0 0 0 0 0 0 0 0 0 0 0 0 0 0 0 0 0 0 data 11 0x10002 0x386a1 0x0 0x0 0x0 0x0 0x9 0x3 0x6 0x0 0x0 oops 0 methods 0
ciMethodData java/lang/Enum compareTo (Ljava/lang/Enum;)I 2 8368 orig 80 0 0 0 0 0 0 0 0 0 0 0 0 176 45 0 0 0 0 0 0 0 0 0 0 0 0 0 0 0 0 0 0 0 0 0 0 0 0 0 0 0 0 0 0 0 0 0 0 0 0 0 0 0 0 0 0 0 0 0 0 0 0 0 0 0 0 0 0 0 0 0 0 0 0 0 0 0 0 0 0 data 48 0x50005 0x2002 0x0 0x0 0x0 0x0 0x0 0x90005 0x2002 0x0 0x0 0x0 0x0 0x0 0xc0007 0x2002 0xc0 0x0 0x100005 0x0 0x0 0x0 0x0 0x0 0x0 0x140005 0x0 0x0 0x0 0x0 0x0 0x0 0x170007 0x0 0x30 0x0 0x1e0002 0x0 0x0 0x0 0x0 0x0 0x0 0x0 0x9 0x2 0x0 0x0 oops 0 methods 0
ciMethod com/sun/tools/javac/code/DeferredCompletionFailureHandler classSymbolCompleteFailed (Lcom/sun/tools/javac/code/Symbol$ClassSymbol;Lcom/sun/tools/javac/code/Symbol$Completer;)V 40 0 12138 0 -1
ciMethod com/sun/tools/javac/tree/JCTree$JCParens getTag ()Lcom/sun/tools/javac/tree/JCTree$Tag; 512 0 670 0 0
ciMethod com/sun/tools/javac/tree/JCTree$JCIdent <init> (Lcom/sun/tools/javac/util/Name;Lcom/sun/tools/javac/code/Symbol;)V 816 0 17580 0 0
ciMethod com/sun/tools/javac/tree/JCTree$JCIdent getTag ()Lcom/sun/tools/javac/tree/JCTree$Tag; 822 0 6471 0 64
ciMethod com/sun/tools/javac/tree/JCTree$JCFieldAccess <init> (Lcom/sun/tools/javac/tree/JCTree$JCExpression;Lcom/sun/tools/javac/util/Name;Lcom/sun/tools/javac/code/Symbol;)V 526 0 13222 0 0
ciMethod com/sun/tools/javac/tree/JCTree$JCLiteral <init> (Lcom/sun/tools/javac/code/TypeTag;Ljava/lang/Object;)V 514 0 7352 0 -1
ciMethod com/sun/tools/javac/tree/JCTree$JCLiteral setType (Lcom/sun/tools/javac/code/Type;)Lcom/sun/tools/javac/tree/JCTree$JCLiteral; 512 0 4029 0 -1
ciMethod com/sun/tools/javac/code/Symbol$ClassSymbol flags ()J 4096 0 58680 0 96
ciMethod com/sun/tools/javac/code/Symbol$ClassSymbol members ()Lcom/sun/tools/javac/code/Scope$WriteableScope; 4486 0 33730 0 96
ciMethod com/sun/tools/javac/code/Symbol$ClassSymbol flatName ()Lcom/sun/tools/javac/util/Name; 282 0 141 0 0
ciMethod com/sun/tools/javac/code/Symbol$ClassSymbol isSubClass (Lcom/sun/tools/javac/code/Symbol;Lcom/sun/tools/javac/code/Types;)Z 92 84 3641 0 0
ciMethod com/sun/tools/javac/code/Symbol$ClassSymbol complete ()V 4258 0 76583 28 3872
ciMethod com/sun/tools/javac/util/Name$Table fromUtf ([BII)Lcom/sun/tools/javac/util/Name; 0 0 1 0 -1
ciMethod com/sun/tools/javac/util/Name$Table hashValue ([BII)I 460 4514 3669 0 -1
ciMethod com/sun/tools/javac/util/Name$Table equals ([BI[BII)Z 428 8192 6893 0 -1
ciMethod com/sun/tools/javac/util/UnsharedNameTable fromUtf ([BII)Lcom/sun/tools/javac/util/Name; 1024 6 28106 0 4544
ciMethod com/sun/tools/javac/util/Name length ()I 152 0 12495 0 160
ciMethod com/sun/tools/javac/util/Name lastIndexOf (B)I 4176 27988 8111 0 352
ciMethod com/sun/tools/javac/util/Name subName (II)Lcom/sun/tools/javac/util/Name; 4324 0 61098 0 192
ciMethod com/sun/tools/javac/util/Name toString ()Ljava/lang/String; 1024 0 116371 0 2464
ciMethod com/sun/tools/javac/util/Name getByteLength ()I 0 0 1 0 -1
ciMethod com/sun/tools/javac/util/Name getByteArray ()[B 0 0 1 0 -1
ciMethod com/sun/tools/javac/util/Name getByteOffset ()I 0 0 1 0 -1
ciMethod com/sun/tools/javac/util/UnsharedNameTable$NameImpl <init> (Lcom/sun/tools/javac/util/UnsharedNameTable;[BI)V 640 0 3311 0 -1
ciMethod com/sun/tools/javac/util/UnsharedNameTable$NameImpl getByteLength ()I 1024 0 387003 0 96
ciMethod com/sun/tools/javac/util/UnsharedNameTable$NameImpl getByteArray ()[B 1332 0 666 0 0
ciMethod com/sun/tools/javac/util/UnsharedNameTable$NameImpl getByteOffset ()I 1332 0 215461 0 0
ciMethod com/sun/tools/javac/util/UnsharedNameTable$HashEntry <init> (Lcom/sun/tools/javac/util/UnsharedNameTable$NameImpl;)V 640 0 3311 0 -1
ciMethod com/sun/tools/javac/util/Convert utf2chars ([BI[CII)I 1024 7880 7265 0 -1
ciMethod com/sun/tools/javac/util/Convert utf2string ([BII)Ljava/lang/String; 1024 0 29253 0 2880
ciMethod com/sun/tools/javac/util/Convert shortName (Lcom/sun/tools/javac/util/Name;)Lcom/sun/tools/javac/util/Name; 4308 0 26747 0 864
ciMethod com/sun/tools/javac/code/Scope getSymbolsByName (Lcom/sun/tools/javac/util/Name;)Ljava/lang/Iterable; 6208 0 61993 0 96
ciMethod com/sun/tools/javac/code/Scope getSymbolsByName (Lcom/sun/tools/javac/util/Name;Lcom/sun/tools/javac/code/Scope$LookupKind;)Ljava/lang/Iterable; 3590 0 73087 0 0
ciMethod com/sun/tools/javac/code/Scope getSymbolsByName (Lcom/sun/tools/javac/util/Name;Ljava/util/function/Predicate;Lcom/sun/tools/javac/code/Scope$LookupKind;)Ljava/lang/Iterable; 0 0 1 0 -1
ciMethod com/sun/tools/javac/code/Scope$ScopeImpl includes (Lcom/sun/tools/javac/code/Symbol;)Z 0 0 1 0 -1
ciMethod com/sun/tools/javac/code/Scope$ScopeImpl lookup (Lcom/sun/tools/javac/util/Name;Ljava/util/function/Predicate;)Lcom/sun/tools/javac/code/Scope$Entry; 4116 0 49383 0 672
ciMethod com/sun/tools/javac/code/Scope$ScopeImpl getIndex (Lcom/sun/tools/javac/util/Name;)I 518 62 17919 0 384
ciMethod com/sun/tools/javac/code/Scope$ScopeImpl getSymbolsByName (Lcom/sun/tools/javac/util/Name;Ljava/util/function/Predicate;Lcom/sun/tools/javac/code/Scope$LookupKind;)Ljava/lang/Iterable; 794 0 32183 0 224
ciMethod com/sun/tools/javac/code/Scope$ScopeImpl lambda$getSymbolsByName$2 (Lcom/sun/tools/javac/util/Name;Ljava/util/function/Predicate;Lcom/sun/tools/javac/code/Scope$LookupKind;)Ljava/util/Iterator; 794 0 37371 0 1280
ciMethod com/sun/tools/javac/comp/Annotate attributeAnnotationValue (Lcom/sun/tools/javac/code/Type;Lcom/sun/tools/javac/tree/JCTree$JCExpression;Lcom/sun/tools/javac/comp/Env;)Lcom/sun/tools/javac/code/Attribute; 4106 0 7998 0 -1
ciMethod com/sun/tools/javac/comp/Attr visitIdent (Lcom/sun/tools/javac/tree/JCTree$JCIdent;)V 512 56 17215 0 -1
ciMethod com/sun/tools/javac/comp/Attr$TypeAnnotationsValidator validateAnnotatedType (Lcom/sun/tools/javac/tree/JCTree;Lcom/sun/tools/javac/code/Type;)V 4118 4456 15671 0 -1
ciMethod com/sun/tools/javac/code/Kinds$Kind matches (Lcom/sun/tools/javac/code/Kinds$KindSelector;)Z 4754 0 114108 0 128
ciMethod com/sun/tools/javac/code/Kinds$KindSelector contains (Lcom/sun/tools/javac/code/Kinds$KindSelector;)Z 10290 0 272255 0 96
ciMethod com/sun/tools/javac/code/Scope$Entry next (Ljava/util/function/Predicate;)Lcom/sun/tools/javac/code/Scope$Entry; 4110 0 13931 0 192
ciMethod com/sun/tools/javac/code/Types$UnaryVisitor visit (Lcom/sun/tools/javac/code/Type;)Ljava/lang/Object; 4154 0 134431 0 160
ciMethod com/sun/tools/javac/tree/TreeMaker at (I)Lcom/sun/tools/javac/tree/TreeMaker; 1024 0 68087 0 64
ciMethod com/sun/tools/javac/tree/TreeMaker at (Lcom/sun/tools/javac/util/JCDiagnostic$DiagnosticPosition;)Lcom/sun/tools/javac/tree/TreeMaker; 512 0 7305 0 -1
ciMethod com/sun/tools/javac/tree/TreeMaker Literal (Lcom/sun/tools/javac/code/TypeTag;Ljava/lang/Object;)Lcom/sun/tools/javac/tree/JCTree$JCLiteral; 514 0 7352 0 -1
ciMethod com/sun/tools/javac/tree/TreeMaker Ident (Lcom/sun/tools/javac/code/Symbol;)Lcom/sun/tools/javac/tree/JCTree$JCIdent; 392 0 3849 0 0
ciMethod com/sun/tools/javac/tree/TreeMaker Select (Lcom/sun/tools/javac/tree/JCTree$JCExpression;Lcom/sun/tools/javac/code/Symbol;)Lcom/sun/tools/javac/tree/JCTree$JCExpression; 4102 0 5380 0 0
ciMethod com/sun/tools/javac/tree/TreeMaker QualIdent (Lcom/sun/tools/javac/code/Symbol;)Lcom/sun/tools/javac/tree/JCTree$JCExpression; 4098 0 7470 0 -1
ciMethod com/sun/tools/javac/tree/TreeMaker This (Lcom/sun/tools/javac/code/Type;)Lcom/sun/tools/javac/tree/JCTree$JCExpression; 0 0 5 0 -1
ciMethod com/sun/tools/javac/tree/TreeMaker App (Lcom/sun/tools/javac/tree/JCTree$JCExpression;Lcom/sun/tools/javac/util/List;)Lcom/sun/tools/javac/tree/JCTree$JCMethodInvocation; 0 0 54 0 -1
ciMethod com/sun/tools/javac/code/Types skipTypeVars (Lcom/sun/tools/javac/code/Type;Z)Lcom/sun/tools/javac/code/Type; 0 0 13954 0 -1
ciMethod com/sun/tools/javac/code/Types supertype (Lcom/sun/tools/javac/code/Type;)Lcom/sun/tools/javac/code/Type; 786 0 59822 0 256
ciMethod com/sun/tools/javac/code/Types interfaces (Lcom/sun/tools/javac/code/Type;)Lcom/sun/tools/javac/util/List; 4428 0 48552 0 256
ciMethod com/sun/tools/javac/code/Types isSubSignature (Lcom/sun/tools/javac/code/Type;Lcom/sun/tools/javac/code/Type;)Z 16 0 1422 0 -1
ciMethod com/sun/tools/javac/comp/Lower makeLit (Lcom/sun/tools/javac/code/Type;Ljava/lang/Object;)Lcom/sun/tools/javac/tree/JCTree$JCExpression; 0 0 116 0 0
ciMethod com/sun/tools/javac/comp/Lower accessSymbol (Lcom/sun/tools/javac/code/Symbol;Lcom/sun/tools/javac/tree/JCTree;Lcom/sun/tools/javac/tree/JCTree;ZZ)Lcom/sun/tools/javac/code/Symbol$MethodSymbol; 0 0 1 0 -1
ciMethod com/sun/tools/javac/comp/Lower accessBase (Lcom/sun/tools/javac/util/JCDiagnostic$DiagnosticPosition;Lcom/sun/tools/javac/code/Symbol;)Lcom/sun/tools/javac/tree/JCTree$JCExpression; 0 0 4 0 0
ciMethod com/sun/tools/javac/comp/Lower needsPrivateAccess (Lcom/sun/tools/javac/code/Symbol;)Z 248 0 4479 0 0
ciMethod com/sun/tools/javac/comp/Lower needsProtectedAccess (Lcom/sun/tools/javac/code/Symbol;Lcom/sun/tools/javac/tree/JCTree;)Z 240 0 4224 0 0
ciMethod com/sun/tools/javac/comp/Lower addPrunedInfo (Lcom/sun/tools/javac/tree/JCTree;)V 0 0 1 0 0
ciMethod com/sun/tools/javac/comp/Lower access (Lcom/sun/tools/javac/code/Symbol;Lcom/sun/tools/javac/tree/JCTree$JCExpression;Lcom/sun/tools/javac/tree/JCTree$JCExpression;Z)Lcom/sun/tools/javac/tree/JCTree$JCExpression; 522 34 9998 0 -1
ciMethod com/sun/tools/javac/comp/Lower access (Lcom/sun/tools/javac/tree/JCTree$JCExpression;)Lcom/sun/tools/javac/tree/JCTree$JCExpression; 16 0 4 0 -1
ciMethod com/sun/tools/javac/comp/Lower makeOwnerThis (Lcom/sun/tools/javac/util/JCDiagnostic$DiagnosticPosition;Lcom/sun/tools/javac/code/Symbol;Z)Lcom/sun/tools/javac/tree/JCTree$JCExpression; 0 0 1 0 -1
ciMethod com/sun/tools/javac/comp/Lower makeOwnerThisN (Lcom/sun/tools/javac/util/JCDiagnostic$DiagnosticPosition;Lcom/sun/tools/javac/code/Symbol;Z)Lcom/sun/tools/javac/tree/JCTree$JCExpression; 0 0 1 0 -1
ciMethodData com/sun/tools/javac/util/UnsharedNameTable$NameImpl getByteLength ()I 2 387003 orig 80 0 0 0 0 0 0 0 0 0 0 0 0 176 45 0 0 0 0 0 0 0 0 0 0 0 0 0 0 0 0 0 0 0 0 0 0 0 0 0 0 0 0 0 0 0 0 0 0 0 0 0 0 0 0 0 0 0 0 0 0 0 0 0 0 0 0 0 0 0 0 0 0 0 0 0 0 0 0 0 0 data 7 0x0 0x0 0x0 0x0 0x9 0x1 0x0 oops 0 methods 0
ciMethodData com/sun/tools/javac/util/UnsharedNameTable fromUtf ([BII)Lcom/sun/tools/javac/util/Name; 2 28106 orig 80 1 0 0 0 1 0 0 0 0 0 0 0 176 45 0 0 0 2 0 0 0 0 0 0 0 0 0 0 0 0 0 0 0 0 0 0 0 0 0 0 0 0 0 0 0 0 0 0 0 0 0 0 0 0 0 0 0 0 0 0 0 0 0 0 0 0 0 0 0 0 0 0 0 0 0 0 0 0 0 0 data 99 0x30002 0x6bcb 0x220007 0xbb9 0x1e8 0x632d 0x270005 0x0 0x0 0x1e4487582c0 0x632d 0x0 0x0 0x80000001002a0104 0x0 0x0 0x1e48f5bd890 0x6319 0x0 0x0 0x310007 0x6319 0xb8 0x16 0x380007 0x3 0x70 0x13 0x490104 0x0 0x0 0x1e4487582c0 0x3 0x0 0x0 0x4a0003 0x13 0xc8 0x510002 0x3 0x5f0003 0x3 0xa0 0x640005 0x0 0x0 0x1e48f5bd890 0x6319 0x0 0x0 0x680007 0x2fa 0x50 0x601f 0x740002 0x601f 0x770007 0xb 0x20 0x6014 0x880003 0x31b 0xfffffffffffffe30 0x960002 0xbb9 0xab0002 0xbb9 0xb60002 0xbb9 0xbd0007 0xc8 0x70 0xaf1 0xc80004 0x0 0x0 0x1e4487582c0 0xaf1 0x0 0x0 0xc90003 0xaf1 0x28 0xd30002 0xc8 0x0 0x0 0x0 0x0 0x0 0x0 0x0 0x0 0x9 0x4 0x0 0x0 0x0 0x0 oops 5 9 com/sun/tools/javac/util/UnsharedNameTable$HashEntry 16 com/sun/tools/javac/util/UnsharedNameTable$NameImpl 31 com/sun/tools/javac/util/UnsharedNameTable$HashEntry 46 com/sun/tools/javac/util/UnsharedNameTable$NameImpl 76 com/sun/tools/javac/util/UnsharedNameTable$HashEntry methods 0
ciMethod com/sun/tools/javac/tree/TreeInfo skipParens (Lcom/sun/tools/javac/tree/JCTree$JCExpression;)Lcom/sun/tools/javac/tree/JCTree$JCExpression; 0 0 2270 0 0
ciMethod com/sun/tools/javac/tree/TreeInfo skipParens (Lcom/sun/tools/javac/tree/JCTree;)Lcom/sun/tools/javac/tree/JCTree; 530 0 33073 0 0
ciMethod com/sun/tools/javac/tree/TreeInfo name (Lcom/sun/tools/javac/tree/JCTree;)Lcom/sun/tools/javac/util/Name; 436 0 17821 0 288
ciMethod com/sun/tools/javac/tree/TreeInfo symbol (Lcom/sun/tools/javac/tree/JCTree;)Lcom/sun/tools/javac/code/Symbol; 1024 0 19984 0 480
ciMethodData com/sun/tools/javac/tree/JCTree <init> ()V 2 92581 orig 80 0 0 0 0 0 0 0 0 0 0 0 0 176 45 0 0 0 0 0 0 0 0 0 0 0 0 0 0 0 0 0 0 0 0 0 0 0 0 0 0 0 0 0 0 0 0 0 0 0 0 0 0 0 0 0 0 0 0 0 0 0 0 0 0 0 0 0 0 0 0 0 0 0 0 0 0 0 0 0 0 data 7 0x10002 0x168a2 0x0 0x0 0x9 0x1 0x0 oops 0 methods 0
ciMethodData com/sun/tools/javac/util/List prepend (Ljava/lang/Object;)Lcom/sun/tools/javac/util/List; 2 149280 orig 80 0 0 0 0 0 0 0 0 0 0 0 0 176 45 0 0 0 0 0 0 0 0 0 0 0 0 0 0 0 0 0 0 0 0 0 0 0 0 0 0 0 0 0 0 0 0 0 0 0 0 0 0 0 0 0 0 0 0 0 0 0 0 0 0 0 0 0 0 0 0 0 0 0 0 0 0 0 0 0 0 data 9 0x60002 0x2466e 0x0 0x0 0x0 0x9 0x2 0x0 0x0 oops 0 methods 0
ciMethodData com/sun/tools/javac/tree/TreeMaker at (I)Lcom/sun/tools/javac/tree/TreeMaker; 2 68087 orig 80 0 0 0 0 0 0 0 0 0 0 0 0 176 45 0 0 0 0 0 0 0 0 0 0 0 0 0 0 0 0 0 0 0 0 0 0 0 0 0 0 0 0 0 0 0 0 0 0 0 0 0 0 0 0 0 0 0 0 0 0 0 0 0 0 0 0 0 0 0 0 0 0 0 0 0 0 0 0 0 0 data 8 0x0 0x0 0x0 0x0 0x9 0x2 0x6 0x0 oops 0 methods 0
ciMethodData com/sun/tools/javac/util/Name toString ()Ljava/lang/String; 2 116371 orig 80 0 0 0 0 0 0 0 0 0 0 0 0 176 45 0 0 0 0 0 0 0 0 0 0 0 0 0 0 0 0 0 0 0 0 0 0 0 0 0 0 0 0 0 0 0 0 0 0 0 0 0 0 0 0 0 0 0 0 0 0 0 0 0 0 0 0 0 0 0 0 0 0 0 0 0 0 0 0 0 0 data 32 0x10005 0x0 0x0 0x1e48f5bd890 0x1c494 0x0 0x0 0x50005 0x0 0x0 0x1e48f5bd890 0x1c494 0x0 0x0 0x90005 0x0 0x0 0x1e48f5bd890 0x1c494 0x0 0x0 0xc0002 0x1c494 0x0 0x0 0x0 0x0 0x0 0x0 0x9 0x1 0x0 oops 3 3 com/sun/tools/javac/util/UnsharedNameTable$NameImpl 10 com/sun/tools/javac/util/UnsharedNameTable$NameImpl 17 com/sun/tools/javac/util/UnsharedNameTable$NameImpl methods 0
ciMethodData com/sun/tools/javac/util/Convert utf2string ([BII)Ljava/lang/String; 2 29253 orig 80 1 0 0 0 0 0 0 0 0 0 0 0 176 45 0 0 0 0 0 0 0 0 0 0 0 0 0 0 0 0 0 0 0 0 0 0 0 0 0 0 0 0 0 0 0 0 0 0 0 0 0 0 0 0 0 0 0 0 0 0 0 0 0 0 0 0 0 0 0 0 0 0 0 0 0 0 0 0 0 0 data 15 0x90002 0x7046 0x160002 0x7047 0x0 0x0 0x0 0x0 0x0 0x0 0x9 0x3 0x0 0x0 0x0 oops 0 methods 0
ciMethodData com/sun/tools/javac/util/UnsharedNameTable$NameImpl getByteOffset ()I 2 215461 orig 80 0 0 0 0 0 0 0 0 0 0 0 0 176 45 0 0 0 0 0 0 0 0 0 0 0 0 0 0 0 0 0 0 0 0 0 0 0 0 0 0 0 0 0 0 0 0 0 0 0 0 0 0 0 0 0 0 0 0 0 0 0 0 0 0 0 0 0 0 0 0 0 0 0 0 0 0 0 0 0 0 data 4 0x0 0x9 0x1 0x0 oops 0 methods 0
ciMethodData com/sun/tools/javac/tree/JCTree$JCExpression <init> ()V 2 65480 orig 80 0 0 0 0 0 0 0 0 0 0 0 0 176 45 0 0 0 0 0 0 0 0 0 0 0 0 0 0 0 0 0 0 0 0 0 0 0 0 0 0 0 0 0 0 0 0 0 0 0 0 0 0 0 0 0 0 0 0 0 0 0 0 0 0 0 0 0 0 0 0 0 0 0 0 0 0 0 0 0 0 data 7 0x10002 0xfdc9 0x0 0x0 0x9 0x1 0xffffffffffffffff oops 0 methods 0
ciMethodData com/sun/tools/javac/tree/JCTree$JCCaseLabel <init> ()V 2 65483 orig 80 0 0 0 0 0 0 0 0 0 0 0 0 176 45 0 0 0 0 0 0 0 0 0 0 0 0 0 0 0 0 0 0 0 0 0 0 0 0 0 0 0 0 0 0 0 0 0 0 0 0 0 0 0 0 0 0 0 0 0 0 0 0 0 0 0 0 0 0 0 0 0 0 0 0 0 0 0 0 0 0 data 7 0x10002 0xfdcc 0x0 0x0 0x9 0x1 0xffffffffffffffff oops 0 methods 0
ciMethodData com/sun/tools/javac/util/List nonEmpty ()Z 2 778772 orig 80 0 0 0 0 0 0 0 0 0 0 0 0 176 45 0 0 0 0 0 0 0 0 0 0 0 0 0 0 0 0 0 0 0 0 0 0 0 0 0 0 0 0 0 0 0 0 0 0 0 0 0 0 0 0 0 0 0 0 0 0 0 0 0 0 0 0 0 0 0 0 0 0 0 0 0 0 0 0 0 0 data 16 0x40007 0x69e32 0x38 0x54251 0x80003 0x54251 0x18 0x0 0x0 0x0 0x0 0x0 0x0 0x9 0x1 0x0 oops 0 methods 0
ciMethodData com/sun/tools/javac/tree/JCTree$JCIdent <init> (Lcom/sun/tools/javac/util/Name;Lcom/sun/tools/javac/code/Symbol;)V 2 17580 orig 80 0 0 0 0 0 0 0 0 0 0 0 0 176 45 0 0 0 0 0 0 0 0 0 0 0 0 0 0 0 0 0 0 0 0 0 0 0 0 0 0 0 0 0 0 0 0 0 0 0 0 0 0 0 0 0 0 0 0 0 0 0 0 0 0 0 0 0 0 0 0 0 0 0 0 0 0 0 0 0 0 data 11 0x10002 0x4314 0x0 0x0 0x0 0x0 0x9 0x3 0xffffffffffffffff 0x0 0x0 oops 0 methods 0
ciMethodData com/sun/tools/javac/util/List iterator ()Ljava/util/Iterator; 2 324624 orig 80 0 0 0 0 0 0 0 0 0 0 0 0 176 45 0 0 0 0 0 0 0 0 0 0 0 0 0 0 0 0 0 0 0 0 0 0 0 0 0 0 0 0 0 0 0 0 0 0 0 0 0 0 0 0 0 0 0 0 0 0 0 0 0 0 0 0 0 0 0 0 0 0 0 0 0 0 0 0 0 0 data 17 0x40007 0x2239b 0x30 0x2cfb5 0x70002 0x2cfb5 0x100002 0x2239b 0x0 0x0 0x0 0x0 0x0 0x0 0x9 0x1 0x0 oops 0 methods 0
ciMethodData com/sun/tools/javac/util/List$3 <init> (Lcom/sun/tools/javac/util/List;)V 2 140221 orig 80 0 0 0 0 0 0 0 0 0 0 0 0 176 45 0 0 0 0 0 0 0 0 0 0 0 0 0 0 0 0 0 0 0 0 0 0 0 0 0 0 0 0 0 0 0 0 0 0 0 0 0 0 0 0 0 0 0 0 0 0 0 0 0 0 0 0 0 0 0 0 0 0 0 0 0 0 0 0 0 0 data 10 0x60002 0x2239b 0x0 0x0 0x0 0x0 0x9 0x2 0x6 0x0 oops 0 methods 0
ciMethodData com/sun/tools/javac/tree/JCTree$JCFieldAccess <init> (Lcom/sun/tools/javac/tree/JCTree$JCExpression;Lcom/sun/tools/javac/util/Name;Lcom/sun/tools/javac/code/Symbol;)V 2 13222 orig 80 0 0 0 0 0 0 0 0 0 0 0 0 176 45 0 0 0 0 0 0 0 0 0 0 0 0 0 0 0 0 0 0 0 0 0 0 0 0 0 0 0 0 0 0 0 0 0 0 0 0 0 0 0 0 0 0 0 0 0 0 0 0 0 0 0 0 0 0 0 0 0 0 0 0 0 0 0 0 0 0 data 12 0x10002 0x329f 0x0 0x0 0x0 0x0 0x9 0x4 0xffffffffffffffff 0x0 0x0 0x0 oops 0 methods 0
ciMethodData com/sun/tools/javac/tree/JCTree$JCIdent getTag ()Lcom/sun/tools/javac/tree/JCTree$Tag; 2 6471 orig 80 0 0 0 0 0 0 0 0 0 0 0 0 176 45 0 0 0 0 0 0 0 0 0 0 0 0 0 0 0 0 0 0 0 0 0 0 0 0 0 0 0 0 0 0 0 0 0 0 0 0 0 0 0 0 0 0 0 0 0 0 0 0 0 0 0 0 0 0 0 0 0 0 0 0 0 0 0 0 0 0 data 5 0x0 0x0 0x9 0x1 0x0 oops 0 methods 0
ciMethodData com/sun/tools/javac/util/List$3 next ()Ljava/lang/Object; 2 17539 orig 80 0 0 0 0 0 0 0 0 0 0 0 0 176 45 0 0 0 0 0 0 0 0 0 0 0 0 0 0 0 0 0 0 0 0 0 0 0 0 0 0 0 0 0 0 0 0 0 0 0 0 0 0 0 0 0 0 0 0 0 0 0 0 0 0 0 0 0 0 0 0 0 0 0 0 0 0 0 0 0 0 data 15 0x70007 0x42fd 0x30 0x0 0xe0002 0x0 0x0 0x0 0x0 0x0 0x0 0x0 0x9 0x1 0x6 oops 0 methods 0
ciMethodData com/sun/tools/javac/tree/JCTree hasTag (Lcom/sun/tools/javac/tree/JCTree$Tag;)Z 2 345924 orig 80 0 0 0 0 0 0 0 0 0 0 0 0 176 45 0 0 0 0 0 0 0 0 0 0 0 0 0 0 0 0 0 0 0 0 0 5 0 0 0 0 0 0 0 0 0 0 0 0 0 0 0 0 0 0 0 0 0 0 0 0 0 0 0 0 0 0 0 0 0 0 0 0 0 0 0 0 0 0 0 0 data 24 0x20005 0x2b58d 0x0 0x1e48eabb610 0x13a14 0x1e48eabb6c0 0x10035 0x50007 0x30c66 0x38 0x23942 0x90003 0x23942 0x18 0x800000040002000d 0x1e44857bfe0 0x40002000d 0x1e44857c3d0 0x0 0x0 0x9 0x2 0xffffffffffffffff 0x0 oops 2 3 com/sun/tools/javac/tree/JCTree$JCIdent 5 com/sun/tools/javac/tree/JCTree$JCFieldAccess methods 2 15 com/sun/tools/javac/comp/Annotate attributeAnnotationValue (Lcom/sun/tools/javac/code/Type;Lcom/sun/tools/javac/tree/JCTree$JCExpression;Lcom/sun/tools/javac/comp/Env;)Lcom/sun/tools/javac/code/Attribute; 17 com/sun/tools/javac/comp/Attr$TypeAnnotationsValidator validateAnnotatedType (Lcom/sun/tools/javac/tree/JCTree;Lcom/sun/tools/javac/code/Type;)V
ciMethodData com/sun/tools/javac/util/List$3 hasNext ()Z 2 20058 orig 80 0 0 0 0 0 0 0 0 0 0 0 0 176 45 0 0 0 0 0 0 0 0 0 0 0 0 0 0 0 0 0 0 0 0 0 0 0 0 0 0 0 0 0 0 0 0 0 0 0 0 0 0 0 0 0 0 0 0 0 0 0 0 0 0 0 0 0 0 0 0 0 0 0 0 0 0 0 0 0 0 data 16 0x70007 0xe6b 0x38 0x3df0 0xb0003 0x3df0 0x18 0x0 0x0 0x0 0x0 0x0 0x0 0x9 0x1 0x0 oops 0 methods 0
ciMethodData com/sun/tools/javac/tree/TreeMaker Literal (Lcom/sun/tools/javac/code/TypeTag;Ljava/lang/Object;)Lcom/sun/tools/javac/tree/JCTree$JCLiteral; 2 7352 orig 80 0 0 0 0 0 0 0 0 0 0 0 0 176 45 0 0 0 0 0 0 0 0 0 0 0 0 0 0 0 0 0 0 0 0 0 0 0 0 0 0 0 0 0 0 0 0 0 0 0 0 0 0 0 0 0 0 0 0 0 0 0 0 0 0 0 0 0 0 0 0 0 0 0 0 0 0 0 0 0 0 data 11 0x60002 0x1bb7 0x0 0x0 0x0 0x0 0x9 0x3 0x0 0x0 0x0 oops 0 methods 0
ciMethodData com/sun/tools/javac/tree/JCTree$JCLiteral <init> (Lcom/sun/tools/javac/code/TypeTag;Ljava/lang/Object;)V 2 7352 orig 80 0 0 0 0 0 0 0 0 0 0 0 0 176 45 0 0 0 0 0 0 0 0 0 0 0 0 0 0 0 0 0 0 0 0 0 0 0 0 0 0 0 0 0 0 0 0 0 0 0 0 0 0 0 0 0 0 0 0 0 0 0 0 0 0 0 0 0 0 0 0 0 0 0 0 0 0 0 0 0 0 data 11 0x10002 0x1bb7 0x0 0x0 0x0 0x0 0x9 0x3 0xffffffffffffffff 0x0 0x0 oops 0 methods 0
ciMethodData com/sun/tools/javac/code/Kinds$Kind matches (Lcom/sun/tools/javac/code/Kinds$KindSelector;)Z 2 114108 orig 80 0 0 0 0 0 0 0 0 0 0 0 0 176 45 0 0 0 0 0 0 0 0 0 0 0 0 0 0 0 0 0 0 0 0 0 0 0 0 0 0 0 0 0 0 0 0 0 0 0 0 0 0 0 0 0 0 0 0 0 0 0 0 0 0 0 0 0 0 0 0 0 0 0 0 0 0 0 0 0 0 data 17 0x50005 0x0 0x0 0x1e48ed1ca70 0x1b473 0x0 0x0 0x0 0x0 0x0 0x0 0x0 0x0 0x9 0x2 0x0 0x0 oops 1 3 com/sun/tools/javac/code/Kinds$KindSelector methods 0
ciMethodData com/sun/tools/javac/code/Kinds$KindSelector contains (Lcom/sun/tools/javac/code/Kinds$KindSelector;)Z 2 272255 orig 80 0 0 0 0 0 0 0 0 0 0 0 0 176 45 0 0 0 0 0 0 0 0 0 0 0 0 0 0 0 0 0 0 0 0 0 0 0 0 0 0 0 0 0 0 0 0 0 0 0 0 0 0 0 0 0 0 0 0 0 0 0 0 0 0 0 0 0 0 0 0 0 0 0 0 0 0 0 0 0 0 data 15 0x90007 0x221e9 0x38 0x1f17d 0xd0003 0x1f17d 0x18 0x0 0x0 0x0 0x0 0x9 0x2 0x0 0x0 oops 0 methods 0
ciMethodData com/sun/tools/javac/util/Name lastIndexOf (B)I 2 70787 orig 80 0 0 0 0 0 0 0 0 0 0 0 0 176 45 0 0 0 0 0 0 0 0 0 0 0 0 0 0 0 0 0 0 0 0 0 0 0 0 0 0 0 0 0 0 0 0 0 0 0 0 0 0 0 0 0 0 0 0 0 0 0 0 0 0 0 0 0 0 0 0 0 0 0 0 0 0 0 0 0 0 data 42 0x10005 0x0 0x0 0x1e48f5bd890 0x1787 0x0 0x0 0x60005 0x0 0x0 0x1e48f5bd890 0x1787 0x0 0x0 0xb0005 0x0 0x0 0x1e48f5bd890 0x1787 0x0 0x0 0x140007 0x56c 0x58 0xeff4 0x1e0007 0x121b 0x38 0xddd9 0x240003 0xddd9 0xffffffffffffffc0 0x0 0x0 0x0 0x0 0x0 0x0 0x9 0x2 0x0 0x0 oops 3 3 com/sun/tools/javac/util/UnsharedNameTable$NameImpl 10 com/sun/tools/javac/util/UnsharedNameTable$NameImpl 17 com/sun/tools/javac/util/UnsharedNameTable$NameImpl methods 0
ciMethodData com/sun/tools/javac/util/Name subName (II)Lcom/sun/tools/javac/util/Name; 2 61098 orig 80 0 0 0 0 0 0 0 0 0 0 0 0 176 45 0 0 0 0 0 0 0 0 0 0 0 0 0 0 0 0 0 0 0 0 0 0 0 0 0 0 0 0 0 0 0 0 0 0 0 0 0 0 0 0 0 0 0 0 0 0 0 0 0 0 0 0 0 0 0 0 0 0 0 0 0 0 0 0 0 0 data 36 0x20007 0xe632 0x20 0x7 0xc0005 0x0 0x0 0x1e48f5bd890 0xe639 0x0 0x0 0x100005 0x0 0x0 0x1e48f5bd890 0xe639 0x0 0x0 0x180005 0x0 0x0 0x1e4487562b0 0xe639 0x0 0x0 0x0 0x0 0x0 0x0 0x0 0x0 0x9 0x3 0x0 0x0 0x0 oops 3 7 com/sun/tools/javac/util/UnsharedNameTable$NameImpl 14 com/sun/tools/javac/util/UnsharedNameTable$NameImpl 21 com/sun/tools/javac/util/UnsharedNameTable methods 0
ciMethodData com/sun/tools/javac/util/Convert shortName (Lcom/sun/tools/javac/util/Name;)Lcom/sun/tools/javac/util/Name; 2 26747 orig 80 0 0 0 0 0 0 0 0 0 0 0 0 176 45 0 0 0 0 0 0 0 0 0 0 0 0 0 0 0 0 0 0 0 0 0 0 0 0 0 0 0 0 0 0 0 0 0 0 0 0 0 0 0 0 0 0 0 0 0 0 0 0 0 0 0 0 0 0 0 0 0 0 0 0 0 0 0 0 0 0 data 59 0x30005 0x0 0x0 0x1e48f5bd890 0x6011 0x0 0x0 0xa0005 0x0 0x0 0x1e48f5bd890 0x6011 0x0 0x0 0xf0007 0x3065 0x78 0x2fac 0x140005 0x0 0x0 0x1e48f5bd890 0x2fac 0x0 0x0 0x170007 0x0 0x20 0x2fac 0x200005 0x0 0x0 0x1e48f5bd890 0x3065 0x0 0x0 0x260005 0x0 0x0 0x1e48f5bd890 0x3065 0x0 0x0 0x290005 0x0 0x0 0x1e48f5bd890 0x3065 0x0 0x0 0x0 0x0 0x0 0x0 0x0 0x0 0x9 0x1 0x0 oops 6 3 com/sun/tools/javac/util/UnsharedNameTable$NameImpl 10 com/sun/tools/javac/util/UnsharedNameTable$NameImpl 21 com/sun/tools/javac/util/UnsharedNameTable$NameImpl 32 com/sun/tools/javac/util/UnsharedNameTable$NameImpl 39 com/sun/tools/javac/util/UnsharedNameTable$NameImpl 46 com/sun/tools/javac/util/UnsharedNameTable$NameImpl methods 0
ciMethodData com/sun/tools/javac/code/Type hasTag (Lcom/sun/tools/javac/code/TypeTag;)Z 2 690845 orig 80 0 0 0 0 0 0 0 0 0 0 0 0 176 45 0 0 0 0 0 0 0 0 0 0 0 0 0 0 0 0 0 0 0 0 0 12 0 0 0 0 0 0 0 0 0 0 0 0 0 0 0 0 0 0 0 0 0 0 0 0 0 0 0 0 0 0 0 0 0 0 0 0 0 0 0 0 0 0 0 0 data 24 0x8000000400020005 0x2b721 0x0 0x1e4485764e0 0x2e272 0x1e48ed1dd80 0x4e8a4 0x50007 0x7feb3 0x38 0x28384 0x90003 0x28384 0x18 0x800000040002000d 0x1e448576640 0x800000040002000d 0x1e4485767c0 0x800000040002000d 0x1e448576960 0x9 0x2 0xffffffffffffffff 0x0 oops 2 3 com/sun/tools/javac/code/Type$1 5 com/sun/tools/javac/code/Type$ClassType methods 3 15 com/sun/tools/javac/comp/Attr visitIdent (Lcom/sun/tools/javac/tree/JCTree$JCIdent;)V 17 com/sun/tools/javac/code/Symbol$MethodSymbol <init> (JLcom/sun/tools/javac/util/Name;Lcom/sun/tools/javac/code/Type;Lcom/sun/tools/javac/code/Symbol;)V 19 com/sun/tools/javac/code/Types skipTypeVars (Lcom/sun/tools/javac/code/Type;Z)Lcom/sun/tools/javac/code/Type;
ciMethodData com/sun/tools/javac/util/Name length ()I 2 12495 orig 80 0 0 0 0 0 0 0 0 0 0 0 0 176 45 0 0 0 0 0 0 0 0 0 0 0 0 0 0 0 0 0 0 0 0 0 0 0 0 0 0 0 0 0 0 0 0 0 0 0 0 0 0 0 0 0 0 0 0 0 0 0 0 0 0 0 0 0 0 0 0 0 0 0 0 0 0 0 0 0 0 data 23 0x10005 0x0 0x0 0x1e48f5bd890 0x3083 0x0 0x0 0x40005 0x3083 0x0 0x0 0x0 0x0 0x0 0x0 0x0 0x0 0x0 0x0 0x0 0x9 0x1 0x0 oops 1 3 com/sun/tools/javac/util/UnsharedNameTable$NameImpl methods 0
ciMethodData com/sun/tools/javac/tree/JCTree pos ()Lcom/sun/tools/javac/util/JCDiagnostic$DiagnosticPosition; 2 279960 orig 80 0 0 0 0 0 0 0 0 0 0 0 0 176 45 0 0 0 0 0 0 0 0 0 0 0 0 0 0 0 0 0 0 0 0 0 0 0 0 0 0 0 0 0 0 0 0 0 0 0 0 0 0 0 0 0 0 0 0 0 0 0 0 0 0 0 0 0 0 0 0 0 0 0 0 0 0 0 0 0 0 data 5 0x0 0x0 0x9 0x1 0x0 oops 0 methods 0
ciMethod com/sun/tools/javac/code/Scope$ScopeImpl$2 next ()Ljava/lang/Object; 4104 0 13931 0 576
ciMethod com/sun/tools/javac/code/Scope$ScopeImpl$$Lambda$360+0x000001e44a3135d0 <init> (Lcom/sun/tools/javac/code/Scope$ScopeImpl;Lcom/sun/tools/javac/util/Name;Ljava/util/function/Predicate;Lcom/sun/tools/javac/code/Scope$LookupKind;)V 794 0 32183 0 0
ciMethod com/sun/tools/javac/code/Scope$ScopeImpl$$Lambda$360+0x000001e44a3135d0 iterator ()Ljava/util/Iterator; 794 0 37372 0 1312
ciMethod com/sun/tools/javac/code/Scope$ScopeImpl$2 <init> (Lcom/sun/tools/javac/code/Scope$ScopeImpl;Lcom/sun/tools/javac/util/Name;Ljava/util/function/Predicate;Lcom/sun/tools/javac/code/Scope$LookupKind;)V 4342 0 37015 0 0
ciMethod com/sun/tools/javac/code/Scope$ScopeImpl$2 hasNext ()Z 4200 0 48270 0 160
ciMethod com/sun/tools/javac/code/Scope$ScopeImpl$2 next ()Lcom/sun/tools/javac/code/Symbol; 1024 0 12391 0 0
ciMethod com/sun/tools/javac/code/Scope$ScopeImpl$2 doNext ()Lcom/sun/tools/javac/code/Symbol; 92 0 12391 0 0
ciMethodData com/sun/tools/javac/tree/TreeInfo skipParens (Lcom/sun/tools/javac/tree/JCTree;)Lcom/sun/tools/javac/tree/JCTree; 2 33073 orig 80 0 0 0 0 0 0 0 0 0 0 0 0 176 45 0 0 0 0 0 0 0 0 0 0 0 0 0 0 0 0 0 0 0 0 0 0 0 0 0 1 0 0 0 0 0 0 0 0 0 0 0 0 0 0 0 0 0 0 0 0 0 0 0 0 0 0 0 0 0 0 0 0 0 0 0 0 0 0 0 0 data 29 0x40005 0x6b7 0x0 0x1e48eabb6c0 0x484f 0x1e48eabb610 0x3122 0x8000000600070007 0x7fd0 0x68 0x59 0xb0004 0x0 0x0 0x1e48ff83d80 0x59 0x0 0x0 0xe0002 0x59 0x0 0x0 0x0 0x0 0x0 0x0 0x9 0x1 0xffffffffffffffff oops 3 3 com/sun/tools/javac/tree/JCTree$JCFieldAccess 5 com/sun/tools/javac/tree/JCTree$JCIdent 14 com/sun/tools/javac/tree/JCTree$JCParens methods 0
ciMethodData com/sun/tools/javac/tree/TreeInfo skipParens (Lcom/sun/tools/javac/tree/JCTree$JCExpression;)Lcom/sun/tools/javac/tree/JCTree$JCExpression; 2 2270 orig 80 0 0 0 0 0 0 0 0 0 0 0 0 176 45 0 0 0 0 0 0 0 0 0 0 0 0 0 0 0 0 0 0 0 0 0 0 0 0 0 0 0 0 0 0 0 0 0 0 0 0 0 0 0 0 0 0 0 0 0 0 0 0 0 0 0 0 0 0 0 0 0 0 0 0 0 0 0 0 0 0 data 30 0x40005 0x8ca 0x0 0x1e48ff83d80 0x8e 0x1e490b2eff0 0x14 0x70007 0x8de 0x70 0x8e 0xb0004 0x0 0x0 0x1e48ff83d80 0x8e 0x0 0x0 0x120003 0x8e 0xffffffffffffff70 0x0 0x0 0x0 0x0 0x0 0x0 0x9 0x1 0x0 oops 3 3 com/sun/tools/javac/tree/JCTree$JCParens 5 com/sun/tools/javac/tree/JCTree$JCInstanceOf 14 com/sun/tools/javac/tree/JCTree$JCParens methods 0
ciMethodData com/sun/tools/javac/tree/TreeInfo name (Lcom/sun/tools/javac/tree/JCTree;)Lcom/sun/tools/javac/util/Name; 2 17821 orig 80 0 0 0 0 0 0 0 0 0 0 0 0 176 45 0 0 0 0 0 0 0 0 0 0 0 0 0 0 0 0 0 0 0 0 0 0 0 0 0 0 0 0 0 0 0 0 0 0 0 0 0 0 0 0 0 0 0 0 0 0 0 0 0 0 0 0 0 0 0 0 0 0 0 0 0 0 0 0 0 0 data 56 0x40005 0x0 0x0 0x1e48eabb6c0 0x44b0 0x1e48eabb610 0x13 0x70005 0x44c3 0x0 0x0 0x0 0x0 0x0 0xb0008 0x8 0x0 0x108 0x13 0x50 0x44b0 0x88 0x0 0xc0 0x250004 0x0 0x0 0x1e48eabb610 0x13 0x0 0x0 0x2d0004 0x0 0x0 0x1e48eabb6c0 0x44b0 0x0 0x0 0x350004 0x0 0x0 0x0 0x0 0x0 0x0 0x3b0002 0x0 0x0 0x0 0x0 0x0 0x0 0x0 0x9 0x1 0xffffffffffffffff oops 4 3 com/sun/tools/javac/tree/JCTree$JCFieldAccess 5 com/sun/tools/javac/tree/JCTree$JCIdent 27 com/sun/tools/javac/tree/JCTree$JCIdent 34 com/sun/tools/javac/tree/JCTree$JCFieldAccess methods 0
ciMethodData com/sun/tools/javac/code/Scope$ScopeImpl getIndex (Lcom/sun/tools/javac/util/Name;)I 2 17919 orig 80 0 0 0 0 0 0 0 0 0 0 0 0 176 45 0 0 0 0 0 0 0 0 0 0 0 0 0 0 0 0 0 0 0 0 0 0 0 0 0 0 0 0 0 0 0 0 0 0 0 0 0 0 0 0 0 0 0 0 0 0 0 0 0 0 0 0 0 0 0 0 0 0 0 0 0 0 0 0 0 0 data 46 0x10005 0x0 0x0 0x1e48f5bd890 0x44fc 0x0 0x0 0x280007 0x2fe0 0x58 0x3eb8 0x2d0007 0x3e5f 0x38 0x59 0x320003 0x59 0x18 0x3c0007 0x2f78 0x58 0x68 0x410007 0x7 0x58 0x61 0x470003 0x61 0x38 0x530007 0x2934 0x20 0x644 0x620003 0x299c 0xffffffffffffff30 0x0 0x0 0x0 0x0 0x0 0x0 0x9 0x2 0x0 0xffffffffffffffff oops 1 3 com/sun/tools/javac/util/UnsharedNameTable$NameImpl methods 0
ciMethodData com/sun/tools/javac/code/Scope$ScopeImpl lookup (Lcom/sun/tools/javac/util/Name;Ljava/util/function/Predicate;)Lcom/sun/tools/javac/code/Scope$Entry; 2 49383 orig 80 1 0 0 0 1 0 0 0 0 0 0 0 176 45 0 0 0 0 0 0 0 0 0 0 0 0 0 0 0 0 0 0 0 0 0 0 0 0 0 5 0 0 0 0 0 0 0 0 0 0 0 0 0 0 0 0 0 0 0 0 0 0 0 0 0 0 0 0 0 0 0 0 0 0 0 0 0 0 0 0 data 52 0x60005 0x0 0x0 0x1e48f688f20 0xb8dd 0x0 0x0 0xc0007 0x9095 0x40 0x2848 0x130007 0x2672 0x20 0x1d6 0x1e0007 0x2c 0xd0 0x2692 0x290007 0x0 0x98 0x2692 0x2d0007 0x1e94 0x90 0x7fe 0x350005 0x304 0x0 0x1e48e466830 0x16f 0x1e48e4668e0 0x38b 0x80000006003a0007 0x7b7 0x38 0x4c 0x420003 0x4c 0xffffffffffffff48 0x0 0x0 0x0 0x0 0x0 0x0 0x9 0x3 0x0 0x0 0x0 oops 3 3 com/sun/tools/javac/code/Scope$ScopeImpl 30 com/sun/tools/javac/code/Scope$ScopeImpl$$Lambda$377+0x000001e44a31a060 32 com/sun/tools/javac/comp/Resolve$LookupFilter methods 0
ciMethodData com/sun/tools/javac/code/Symbol$ClassSymbol flags ()J 2 58680 orig 80 0 0 0 0 0 0 0 0 0 0 0 0 176 45 0 0 0 0 0 0 0 0 0 0 0 0 0 0 0 0 0 0 0 0 0 0 0 0 0 0 0 0 0 0 0 0 0 0 0 0 0 0 0 0 0 0 0 0 0 0 0 0 0 0 0 0 0 0 0 0 0 0 0 0 0 0 0 0 0 0 data 16 0x10005 0x0 0x0 0x1e48eabb770 0xdd38 0x0 0x0 0x0 0x0 0x0 0x0 0x0 0x0 0x9 0x1 0x0 oops 1 3 com/sun/tools/javac/code/Symbol$ClassSymbol methods 0
ciMethodData com/sun/tools/javac/code/Symbol$ClassSymbol complete ()V 2 76583 orig 80 1 0 0 0 0 0 0 0 0 0 0 0 176 45 0 0 0 0 0 0 0 0 0 0 0 0 0 0 0 0 0 0 0 0 0 0 0 0 0 0 0 0 0 0 0 0 0 0 0 0 0 0 0 0 0 0 0 0 0 0 0 0 0 0 0 0 0 0 0 0 0 0 0 0 0 0 0 0 0 0 data 23 0x60002 0x122d6 0x90003 0xf380 0x60 0x130005 0x0 0x0 0x1e448568680 0x2f56 0x0 0x0 0x2b0002 0x2f5a 0x0 0x0 0x0 0x0 0x0 0x0 0x9 0x1 0xffffffffffffffff oops 1 8 com/sun/tools/javac/code/DeferredCompletionFailureHandler methods 0
ciMethodData com/sun/tools/javac/code/Symbol packge ()Lcom/sun/tools/javac/code/Symbol$PackageSymbol; 2 45181 orig 80 0 0 0 0 0 0 0 0 0 0 0 0 176 45 0 0 0 0 0 0 0 0 0 0 0 0 0 0 0 0 0 0 0 0 0 0 0 0 0 0 0 0 0 0 0 0 0 0 0 0 0 0 0 0 0 0 0 0 0 0 0 0 0 0 0 0 0 0 0 0 0 0 0 0 0 0 0 0 0 0 data 23 0x90007 0x8eea 0x38 0x8d42 0x110003 0x8d42 0xffffffffffffffe0 0x150004 0x0 0x0 0x1e4489700a0 0x8ee6 0x1e48e405e80 0x4 0x0 0x0 0x0 0x0 0x0 0x0 0x9 0x1 0x0 oops 2 10 com/sun/tools/javac/code/Symbol$PackageSymbol 12 com/sun/tools/javac/code/Symbol$RootPackageSymbol methods 0
ciMethodData com/sun/tools/javac/code/Scope$ScopeImpl getSymbolsByName (Lcom/sun/tools/javac/util/Name;Ljava/util/function/Predicate;Lcom/sun/tools/javac/code/Scope$LookupKind;)Ljava/lang/Iterable; 2 32183 orig 80 0 0 0 0 0 0 0 0 0 0 0 0 176 45 0 0 0 0 0 0 0 0 0 0 0 0 0 0 0 0 0 0 0 0 0 0 0 0 0 0 0 0 0 0 0 0 0 0 0 0 0 0 0 0 0 0 0 0 0 0 0 0 0 0 0 0 0 0 0 0 0 0 0 0 0 0 0 0 0 0 data 16 0x4000a 0x7c2a 0x5 0x0 0x1e48f688f20 0x1 0x1e48f5bd890 0x1e48e8c9dc0 0x0 0x0 0x9 0x4 0x0 0x0 0x0 0x0 oops 3 4 com/sun/tools/javac/code/Scope$ScopeImpl 6 com/sun/tools/javac/util/UnsharedNameTable$NameImpl 7 com/sun/tools/javac/code/Scope$ScopeImpl$$Lambda$360+0x000001e44a3135d0 methods 0
ciMethodData com/sun/tools/javac/code/Scope$ScopeImpl$$Lambda$360+0x000001e44a3135d0 <init> (Lcom/sun/tools/javac/code/Scope$ScopeImpl;Lcom/sun/tools/javac/util/Name;Ljava/util/function/Predicate;Lcom/sun/tools/javac/code/Scope$LookupKind;)V 2 32183 orig 80 0 0 0 0 0 0 0 0 0 0 0 0 176 45 0 0 0 0 0 0 0 0 0 0 0 0 0 0 0 0 0 0 0 0 0 0 0 0 0 0 0 0 0 0 0 0 0 0 0 0 0 0 0 0 0 0 0 0 0 0 0 0 0 0 0 0 0 0 0 0 0 0 0 0 0 0 0 0 0 0 data 13 0x10002 0x7c2a 0x0 0x0 0x0 0x0 0x9 0x5 0xe 0x0 0x0 0x0 0x0 oops 0 methods 0
ciMethodData com/sun/tools/javac/code/Scope$ScopeImpl$$Lambda$360+0x000001e44a3135d0 iterator ()Ljava/util/Iterator; 2 37372 orig 80 1 0 0 0 0 0 0 0 0 0 0 0 176 45 0 0 0 0 0 0 0 0 0 0 0 0 0 0 0 0 0 0 0 0 0 0 0 0 0 0 0 0 0 0 0 0 0 0 0 0 0 0 0 0 0 0 0 0 0 0 0 0 0 0 0 0 0 0 0 0 0 0 0 0 0 0 0 0 0 0 data 16 0x100005 0x906f 0x0 0x0 0x0 0x0 0x0 0x0 0x0 0x0 0x0 0x0 0x0 0x9 0x1 0x0 oops 0 methods 0
ciMethodData com/sun/tools/javac/code/Scope$ScopeImpl lambda$getSymbolsByName$2 (Lcom/sun/tools/javac/util/Name;Ljava/util/function/Predicate;Lcom/sun/tools/javac/code/Scope$LookupKind;)Ljava/util/Iterator; 2 37371 orig 80 1 0 0 0 0 0 0 0 0 0 0 0 176 45 0 0 0 0 0 0 0 0 0 0 0 0 0 0 0 0 0 0 0 0 0 0 0 0 0 0 0 0 0 0 0 0 0 0 0 0 0 0 0 0 0 0 0 0 0 0 0 0 0 0 0 0 0 0 0 0 0 0 0 0 0 0 0 0 0 0 data 11 0x80002 0x906e 0x0 0x0 0x0 0x9 0x4 0x0 0x0 0x0 0x0 oops 0 methods 0
ciMethodData com/sun/tools/javac/code/Scope$ScopeImpl$2 <init> (Lcom/sun/tools/javac/code/Scope$ScopeImpl;Lcom/sun/tools/javac/util/Name;Ljava/util/function/Predicate;Lcom/sun/tools/javac/code/Scope$LookupKind;)V 2 37015 orig 80 1 0 0 0 0 0 0 0 0 0 0 0 176 45 0 0 0 0 0 0 0 0 0 0 0 0 0 0 0 0 0 0 0 0 0 0 0 0 0 0 0 0 0 0 0 0 0 0 0 0 0 0 0 0 0 0 0 0 0 0 0 0 0 0 0 0 0 0 0 0 0 0 0 0 0 0 0 0 0 0 data 31 0x160002 0x881c 0x260005 0x0 0x0 0x1e48f688f20 0x881c 0x0 0x0 0x340007 0x6b6a 0x38 0x1cb6 0x410003 0x1cb6 0x18 0x0 0x0 0x0 0x0 0x0 0x0 0x0 0x0 0x9 0x5 0x1e 0x0 0x0 0x0 0x0 oops 1 5 com/sun/tools/javac/code/Scope$ScopeImpl methods 0
ciMethodData com/sun/tools/javac/code/Symbol isInterface ()Z 2 18453 orig 80 0 0 0 0 0 0 0 0 0 0 0 0 176 45 0 0 0 0 0 0 0 0 0 0 0 0 0 0 0 0 0 0 0 0 0 0 0 0 0 0 0 0 0 0 0 0 0 0 0 0 0 0 0 0 0 0 0 0 0 0 0 0 0 0 0 0 0 0 0 0 0 0 0 0 0 0 0 0 0 0 data 23 0x10005 0x0 0x0 0x1e48eabb770 0x4616 0x0 0x0 0xa0007 0x2c14 0x38 0x1a02 0xe0003 0x1a02 0x18 0x0 0x0 0x0 0x0 0x0 0x0 0x9 0x1 0x0 oops 1 3 com/sun/tools/javac/code/Symbol$ClassSymbol methods 0
ciMethodData com/sun/tools/javac/code/Scope$ScopeImpl$2 hasNext ()Z 2 48270 orig 80 1 0 0 0 0 0 0 0 0 0 0 0 176 45 0 0 0 0 0 0 0 0 0 0 0 0 0 0 0 0 0 0 0 0 0 0 0 0 0 1 0 0 0 0 0 0 0 0 0 0 0 0 0 0 0 0 0 0 0 0 0 0 0 0 0 0 0 0 0 0 0 0 0 0 0 0 0 0 0 0 data 52 0x70007 0x8f46 0xd0 0x2515 0x180007 0x2515 0xb0 0x0 0x290005 0x0 0x0 0x0 0x0 0x0 0x0 0x2c0007 0x0 0x58 0x0 0x300005 0x0 0x0 0x0 0x0 0x0 0x0 0x3b0007 0x8f46 0x78 0x2515 0x8000000600450007 0x243f 0x40 0xd7 0x530007 0x1 0x38 0xd6 0x570003 0x2515 0x18 0x0 0x0 0x0 0x0 0x0 0x0 0x0 0x0 0x9 0x1 0x0 oops 0 methods 0
ciMethodData com/sun/tools/javac/code/Scope$ScopeImpl$2 doNext ()Lcom/sun/tools/javac/code/Symbol; 2 12391 orig 80 0 0 0 0 0 0 0 0 0 0 0 0 176 45 0 0 0 0 0 0 0 0 0 0 0 0 0 0 0 0 0 0 0 0 0 0 0 0 0 0 0 0 0 0 0 0 0 0 0 0 0 0 0 0 0 0 0 0 0 0 0 0 0 0 0 0 0 0 0 0 0 0 0 0 0 0 0 0 0 0 data 16 0xe0005 0x0 0x0 0x1e48e1d8b20 0x3039 0x0 0x0 0x0 0x0 0x0 0x0 0x0 0x0 0x9 0x1 0x0 oops 1 3 com/sun/tools/javac/code/Scope$Entry methods 0
ciMethodData com/sun/tools/javac/code/Scope$Entry next (Ljava/util/function/Predicate;)Lcom/sun/tools/javac/code/Scope$Entry; 2 13931 orig 80 0 0 0 0 0 0 0 0 0 0 0 0 176 45 0 0 0 0 0 0 0 0 0 0 0 0 0 0 0 0 0 0 0 0 0 0 0 0 0 0 0 0 0 0 0 0 0 0 0 0 0 0 0 0 0 0 0 0 0 0 0 0 0 0 0 0 0 0 0 0 0 0 0 0 0 0 0 0 0 0 data 36 0x70007 0x2e62 0x98 0x2 0xb0007 0x2 0x78 0x0 0x160005 0x0 0x0 0x0 0x0 0x0 0x0 0x1b0007 0x0 0x20 0x0 0x280005 0x0 0x0 0x0 0x0 0x0 0x0 0x0 0x0 0x0 0x0 0x0 0x0 0x9 0x2 0x0 0xffffffffffffffff oops 0 methods 0
ciMethodData com/sun/tools/javac/code/Symbol$VarSymbol getConstValue ()Ljava/lang/Object; 2 14285 orig 80 1 0 0 0 0 0 0 0 0 0 0 0 176 45 0 0 0 0 0 0 0 0 0 0 0 0 0 0 0 0 0 0 0 0 0 0 0 0 0 1 0 0 0 0 0 0 0 0 0 0 0 0 0 0 0 0 0 0 0 0 0 0 0 0 0 0 0 0 0 0 0 0 0 0 0 0 0 0 0 0 data 47 0x8000000600070007 0x14 0x40 0x2fba 0x110007 0x2fba 0x20 0x0 0x1c0104 0xfffffffffffffe8f 0x0 0x1e4481095a0 0x3 0x1e48ebe5750 0x29 0x1f0007 0x2f91 0xb8 0x29 0x230004 0x0 0x0 0x1e48ebe5750 0x29 0x0 0x0 0x2e0005 0x0 0x0 0x1e48ebe5750 0x29 0x0 0x0 0x360003 0x29 0x28 0x3f0002 0x0 0x0 0x0 0x0 0x0 0x0 0x0 0x9 0x1 0xffffffffffffffff oops 4 11 java/lang/Integer 13 com/sun/tools/javac/code/Symbol$VarSymbol$$Lambda$397+0x000001e44a322030 22 com/sun/tools/javac/code/Symbol$VarSymbol$$Lambda$397+0x000001e44a322030 29 com/sun/tools/javac/code/Symbol$VarSymbol$$Lambda$397+0x000001e44a322030 methods 0
ciMethodData com/sun/tools/javac/code/Scope getSymbolsByName (Lcom/sun/tools/javac/util/Name;Lcom/sun/tools/javac/code/Scope$LookupKind;)Ljava/lang/Iterable; 2 73087 orig 80 0 0 0 0 0 0 0 0 0 0 0 0 176 45 0 0 0 0 0 0 0 0 0 0 0 0 0 0 0 0 0 0 0 0 0 0 0 0 0 0 0 0 0 0 0 0 0 0 0 0 0 0 0 0 0 0 0 0 0 0 0 0 0 0 0 0 0 0 0 0 0 0 0 0 0 0 0 0 0 0 data 18 0x60005 0x94f 0x0 0x1e48f688f20 0xfe21 0x1e48f68afc0 0xf13 0x0 0x0 0x0 0x0 0x0 0x0 0x9 0x3 0xffffffffffffffff 0xffffffffffffffff 0xffffffffffffffff oops 2 3 com/sun/tools/javac/code/Scope$ScopeImpl 5 com/sun/tools/javac/code/Scope$NamedImportScope methods 0
ciMethodData com/sun/tools/javac/code/Scope getSymbolsByName (Lcom/sun/tools/javac/util/Name;)Ljava/lang/Iterable; 2 61993 orig 80 0 0 0 0 0 0 0 0 0 0 0 0 176 45 0 0 0 0 0 0 0 0 0 0 0 0 0 0 0 0 0 0 0 0 0 0 0 0 0 0 0 0 0 0 0 0 0 0 0 0 0 0 0 0 0 0 0 0 0 0 0 0 0 0 0 0 0 0 0 0 0 0 0 0 0 0 0 0 0 0 data 17 0x50005 0xe60a 0x0 0x0 0x0 0x0 0x0 0x0 0x0 0x0 0x0 0x0 0x0 0x9 0x2 0xffffffffffffffff 0xffffffffffffffff oops 0 methods 0
ciMethodData com/sun/tools/javac/code/Type$ClassType getTypeArguments ()Lcom/sun/tools/javac/util/List; 2 45492 orig 80 0 0 0 0 0 0 0 0 0 0 0 0 176 45 0 0 0 0 0 0 0 0 0 0 0 0 0 0 0 0 0 0 0 0 0 0 0 0 0 0 0 0 0 0 0 0 0 0 0 0 0 0 0 0 0 0 0 0 0 0 0 0 0 0 0 0 0 0 0 0 0 0 0 0 0 0 0 0 0 0 data 26 0x40007 0xa870 0x88 0x94 0x80005 0x0 0x0 0x1e48ed1dd80 0x94 0x0 0x0 0xf0007 0x1 0x30 0x93 0x130002 0x93 0x0 0x0 0x0 0x0 0x0 0x0 0x9 0x1 0x0 oops 1 7 com/sun/tools/javac/code/Type$ClassType methods 0
ciMethodData com/sun/tools/javac/code/Symbol baseSymbol ()Lcom/sun/tools/javac/code/Symbol; 2 1039 orig 80 0 0 0 0 0 0 0 0 0 0 0 0 176 45 0 0 0 0 0 0 0 0 0 0 0 0 0 0 0 0 0 0 0 0 0 0 0 0 0 0 0 0 0 0 0 0 0 0 0 0 0 0 0 0 0 0 0 0 0 0 0 0 0 0 0 0 0 0 0 0 0 0 0 0 0 0 0 0 0 0 data 5 0x0 0x0 0x9 0x1 0x0 oops 0 methods 0
ciMethodData com/sun/tools/javac/code/Types$UnaryVisitor visit (Lcom/sun/tools/javac/code/Type;)Ljava/lang/Object; 2 134431 orig 80 0 0 0 0 0 0 0 0 0 0 0 0 176 45 0 0 0 0 0 0 4 0 0 0 0 0 0 0 0 0 0 0 0 0 0 0 0 0 0 0 0 0 0 0 0 0 0 0 0 0 0 0 0 0 0 0 0 0 0 0 0 0 0 0 0 0 0 0 0 0 0 0 0 0 0 0 0 0 0 0 data 17 0x8000000400030005 0x319d 0x0 0x1e48ed1dd80 0x1cdeb 0x1e48ff85c80 0x57e 0x0 0x0 0x0 0x0 0x0 0x0 0x9 0x2 0xffffffffffffffff 0xffffffffffffffff oops 2 3 com/sun/tools/javac/code/Type$ClassType 5 com/sun/tools/javac/code/Type$ErasedClassType methods 0
ciMethodData com/sun/tools/javac/tree/TreeInfo symbol (Lcom/sun/tools/javac/tree/JCTree;)Lcom/sun/tools/javac/code/Symbol; 2 19984 orig 80 1 0 0 0 0 0 0 0 0 0 0 0 176 45 0 0 0 0 0 0 0 0 0 0 0 0 0 0 0 0 0 0 0 0 0 0 0 0 0 0 0 0 0 0 0 0 0 0 0 0 0 0 0 0 0 0 0 0 0 0 0 0 0 0 0 0 0 0 0 0 0 0 0 0 0 0 0 0 0 0 data 80 0x10002 0x4c11 0x90005 0x13e 0x0 0x1e48eabb610 0x2176 0x1e48eabb6c0 0x295e 0xc0005 0x4c12 0x0 0x0 0x0 0x0 0x0 0x100008 0xe 0x13e 0x1b8 0x2176 0x80 0x295e 0xb8 0x0 0xf0 0x0 0x138 0x0 0x1b8 0x0 0x180 0x390004 0x0 0x0 0x1e48eabb610 0x2176 0x0 0x0 0x410004 0x0 0x0 0x1e48eabb6c0 0x295e 0x0 0x0 0x490004 0x0 0x0 0x0 0x0 0x0 0x0 0x4f0002 0x0 0x540004 0x0 0x0 0x0 0x0 0x0 0x0 0x5a0002 0x0 0x5f0004 0x0 0x0 0x0 0x0 0x0 0x0 0x0 0x0 0x0 0x0 0x0 0x0 0x9 0x1 0xffffffffffffffff oops 4 5 com/sun/tools/javac/tree/JCTree$JCIdent 7 com/sun/tools/javac/tree/JCTree$JCFieldAccess 35 com/sun/tools/javac/tree/JCTree$JCIdent 42 com/sun/tools/javac/tree/JCTree$JCFieldAccess methods 0
ciMethodData com/sun/tools/javac/code/Symbol isMemberOf (Lcom/sun/tools/javac/code/Symbol$TypeSymbol;Lcom/sun/tools/javac/code/Types;)Z 2 4162 orig 80 0 0 0 0 0 0 0 0 0 0 0 0 176 45 0 0 0 0 0 0 0 0 0 0 0 0 0 0 0 0 0 0 0 0 0 0 0 0 0 0 0 0 0 0 0 0 0 0 0 0 0 0 0 0 0 0 0 0 0 0 0 0 0 0 0 0 0 0 0 0 0 0 0 0 0 0 0 0 0 0 data 58 0x50007 0x6cc 0x160 0x976 0xe0005 0x0 0x0 0x1e48eabb770 0x976 0x0 0x0 0x110007 0x4 0x120 0x972 0x170005 0x0 0x0 0x1e48eabb4b0 0x972 0x0 0x0 0x1a0007 0x3e 0xc8 0x934 0x1f0004 0x0 0x0 0x1e48eabb770 0x934 0x0 0x0 0x230005 0x934 0x0 0x0 0x0 0x0 0x0 0x260007 0x0 0x38 0x934 0x2a0003 0x1000 0x18 0x0 0x0 0x0 0x0 0x0 0x0 0x9 0x3 0xffffffffffffffff 0xffffffffffffffff 0xffffffffffffffff oops 3 7 com/sun/tools/javac/code/Symbol$ClassSymbol 18 com/sun/tools/javac/code/Symbol$MethodSymbol 29 com/sun/tools/javac/code/Symbol$ClassSymbol methods 0
ciMethodData com/sun/tools/javac/code/Type$ClassType isErroneous ()Z 2 37992 orig 80 0 0 0 0 0 0 0 0 0 0 0 0 176 45 0 0 0 0 0 0 0 0 0 0 0 0 0 0 0 0 0 0 0 0 0 0 0 0 0 0 0 0 0 0 0 0 0 0 0 0 0 0 0 0 0 0 0 0 0 0 0 0 0 0 0 0 0 0 0 0 0 0 0 0 0 0 0 0 0 0 data 58 0x10005 0x3d5 0x0 0x1e48ed1dd80 0x863c 0x1e48e408800 0x207 0x40005 0x0 0x0 0x1e4485764e0 0x8c18 0x0 0x0 0x70007 0x0 0x100 0x8c18 0xb0005 0x3d5 0x0 0x1e48ed1dd80 0x863c 0x1e48e408800 0x207 0xe0002 0x8c18 0x110007 0x0 0x98 0x8c18 0x1c0007 0x6163 0x90 0x2ab5 0x260005 0x0 0x0 0x1e48ed1dd80 0x2ab5 0x0 0x0 0x290007 0x2ab5 0x38 0x0 0x2d0003 0x0 0x18 0x0 0x0 0x0 0x0 0x0 0x0 0x9 0x1 0xffffffffffffffff oops 6 3 com/sun/tools/javac/code/Type$ClassType 5 com/sun/tools/javac/code/Type$ClassType$2 10 com/sun/tools/javac/code/Type$1 21 com/sun/tools/javac/code/Type$ClassType 23 com/sun/tools/javac/code/Type$ClassType$2 38 com/sun/tools/javac/code/Type$ClassType methods 0
ciMethodData com/sun/tools/javac/code/Type isErroneous (Lcom/sun/tools/javac/util/List;)Z 2 50036 orig 80 0 0 0 0 0 0 0 0 0 0 0 0 176 45 0 0 0 0 0 0 0 0 0 0 0 0 0 0 0 0 0 0 0 0 0 0 0 0 0 0 0 0 0 0 0 0 0 0 0 0 0 0 0 0 0 0 0 0 0 0 0 0 0 0 0 0 0 0 0 0 0 0 0 0 0 0 0 0 0 0 data 41 0x30005 0x0 0x0 0x1e448563b20 0xc132 0x1e44896df70 0xc7c 0x60007 0xc132 0xc8 0xc7c 0xd0004 0x0 0x0 0x1e48ed1dd80 0x1bd 0x1e48ff2cef0 0x9 0x100005 0xab6 0x0 0x1e48ed1dd80 0x1bd 0x1e48ff2cef0 0x9 0x130007 0xc7c 0x20 0x0 0x1d0003 0xc7c 0xffffffffffffff18 0x0 0x0 0x0 0x0 0x0 0x0 0x9 0x1 0x0 oops 6 3 com/sun/tools/javac/util/List$1 5 com/sun/tools/javac/util/List 14 com/sun/tools/javac/code/Type$ClassType 16 com/sun/tools/javac/code/Type$ArrayType 21 com/sun/tools/javac/code/Type$ClassType 23 com/sun/tools/javac/code/Type$ArrayType methods 0
ciMethodData com/sun/tools/javac/code/Type$ClassType complete ()V 1 436 orig 80 0 0 0 0 0 0 0 0 0 0 0 0 176 45 0 0 0 0 0 0 0 0 0 0 0 0 0 0 0 0 0 0 0 0 0 0 0 0 0 0 0 0 0 0 0 0 0 0 0 0 0 0 0 0 0 0 0 0 0 0 0 0 0 0 0 0 0 0 0 0 0 0 0 0 0 0 0 0 0 0 data 16 0x40005 0x0 0x0 0x1e48eabb770 0x197 0x0 0x0 0x0 0x0 0x0 0x0 0x0 0x0 0x9 0x1 0x0 oops 1 3 com/sun/tools/javac/code/Symbol$ClassSymbol methods 0
ciMethodData com/sun/tools/javac/tree/JCTree setType (Lcom/sun/tools/javac/code/Type;)Lcom/sun/tools/javac/tree/JCTree; 2 11970 orig 80 0 0 0 0 0 0 0 0 0 0 0 0 176 45 0 0 0 0 0 0 0 0 0 0 0 0 0 0 0 0 0 0 0 0 0 0 0 0 0 0 0 0 0 0 0 0 0 0 0 0 0 0 0 0 0 0 0 0 0 0 0 0 0 0 0 0 0 0 0 0 0 0 0 0 0 0 0 0 0 0 data 8 0x0 0x0 0x0 0x0 0x9 0x2 0x0 0x0 oops 0 methods 0
ciMethodData com/sun/tools/javac/code/Types supertype (Lcom/sun/tools/javac/code/Type;)Lcom/sun/tools/javac/code/Type; 2 59822 orig 80 0 0 0 0 0 0 0 0 0 0 0 0 176 45 0 0 0 0 0 0 0 0 0 0 0 0 0 0 0 0 0 0 0 0 0 0 0 0 0 0 0 0 0 0 0 0 0 0 0 0 0 0 0 0 0 0 0 0 0 0 0 0 0 0 0 0 0 0 0 0 0 0 0 0 0 0 0 0 0 0 data 24 0x50005 0xe825 0x0 0x0 0x0 0x0 0x0 0x80004 0x0 0x0 0x1e4485764e0 0x5537 0x1e48ed1dd80 0x9143 0x0 0x0 0x0 0x0 0x0 0x0 0x9 0x2 0x0 0xffffffffffffffff oops 2 10 com/sun/tools/javac/code/Type$1 12 com/sun/tools/javac/code/Type$ClassType methods 0
ciMethodData com/sun/tools/javac/code/Types interfaces (Lcom/sun/tools/javac/code/Type;)Lcom/sun/tools/javac/util/List; 2 48552 orig 80 0 0 0 0 0 0 0 0 0 0 0 0 176 45 0 0 0 0 0 0 0 0 0 0 0 0 0 0 0 0 0 0 0 0 0 0 0 0 0 0 0 0 0 0 0 0 0 0 0 0 0 0 0 0 0 0 0 0 0 0 0 0 0 0 0 0 0 0 0 0 0 0 0 0 0 0 0 0 0 0 data 24 0x50005 0xb502 0x0 0x0 0x0 0x0 0x0 0x80004 0x0 0x0 0x1e448563b20 0x83df 0x1e44896df70 0x3123 0x0 0x0 0x0 0x0 0x0 0x0 0x9 0x2 0x0 0xffffffffffffffff oops 2 10 com/sun/tools/javac/util/List$1 12 com/sun/tools/javac/util/List methods 0
ciMethodData com/sun/tools/javac/code/Symbol$ClassSymbol members ()Lcom/sun/tools/javac/code/Scope$WriteableScope; 2 33730 orig 80 0 0 0 0 0 0 0 0 0 0 0 0 176 45 0 0 0 0 0 0 0 0 0 0 0 0 0 0 0 0 0 0 0 0 0 0 0 0 0 0 0 0 0 0 0 0 0 0 0 0 0 0 0 0 0 0 0 0 0 0 0 0 0 0 0 0 0 0 0 0 0 0 0 0 0 0 0 0 0 0 data 16 0x10005 0x0 0x0 0x1e48eabb770 0x7b00 0x0 0x0 0x0 0x0 0x0 0x0 0x0 0x0 0x9 0x1 0x0 oops 1 3 com/sun/tools/javac/code/Symbol$ClassSymbol methods 0
ciMethodData com/sun/tools/javac/tree/JCTree$JCExpression setType (Lcom/sun/tools/javac/code/Type;)Lcom/sun/tools/javac/tree/JCTree$JCExpression; 2 12979 orig 80 0 0 0 0 0 0 0 0 0 0 0 0 176 45 0 0 0 0 0 0 0 0 0 0 0 0 0 0 0 0 0 0 0 0 0 0 0 0 0 0 0 0 0 0 0 0 0 0 0 0 0 0 0 0 0 0 0 0 0 0 0 0 0 0 0 0 0 0 0 0 0 0 0 0 0 0 0 0 0 0 data 9 0x20002 0x2aae 0x0 0x0 0x0 0x9 0x2 0x0 0x0 oops 0 methods 0
ciMethodData com/sun/tools/javac/tree/JCTree setPos (I)Lcom/sun/tools/javac/tree/JCTree; 2 8010 orig 80 0 0 0 0 0 0 0 0 0 0 0 0 176 45 0 0 0 0 0 0 0 0 0 0 0 0 0 0 0 0 0 0 0 0 0 0 0 0 0 0 0 0 0 0 0 0 0 0 0 0 0 0 0 0 0 0 0 0 0 0 0 0 0 0 0 0 0 0 0 0 0 0 0 0 0 0 0 0 0 0 data 8 0x0 0x0 0x0 0x0 0x9 0x2 0x0 0x0 oops 0 methods 0
ciMethodData com/sun/tools/javac/tree/JCTree$JCExpression setPos (I)Lcom/sun/tools/javac/tree/JCTree$JCExpression; 2 7564 orig 80 0 0 0 0 0 0 0 0 0 0 0 0 176 45 0 0 0 0 0 0 0 0 0 0 0 0 0 0 0 0 0 0 0 0 0 0 0 0 0 0 0 0 0 0 0 0 0 0 0 0 0 0 0 0 0 0 0 0 0 0 0 0 0 0 0 0 0 0 0 0 0 0 0 0 0 0 0 0 0 0 data 9 0x20002 0x1abe 0x0 0x0 0x0 0x9 0x2 0x0 0x0 oops 0 methods 0
ciMethodData com/sun/tools/javac/tree/TreeMaker Select (Lcom/sun/tools/javac/tree/JCTree$JCExpression;Lcom/sun/tools/javac/code/Symbol;)Lcom/sun/tools/javac/tree/JCTree$JCExpression; 2 5380 orig 80 0 0 0 0 0 0 0 0 0 0 0 0 176 45 0 0 0 0 0 0 0 0 0 0 0 0 0 0 0 0 0 0 0 0 0 0 0 0 0 0 0 0 0 0 0 0 0 0 0 0 0 0 0 0 0 0 0 0 0 0 0 0 0 0 0 0 0 0 0 0 0 0 0 0 0 0 0 0 0 0 data 27 0xa0002 0xd01 0x110005 0x0 0x0 0x1e48eabb6c0 0xd01 0x0 0x0 0x180005 0x0 0x0 0x1e48eabb6c0 0xd01 0x0 0x0 0x0 0x0 0x0 0x0 0x0 0x0 0x9 0x3 0x0 0x0 0x0 oops 2 5 com/sun/tools/javac/tree/JCTree$JCFieldAccess 12 com/sun/tools/javac/tree/JCTree$JCFieldAccess methods 0
ciMethodData com/sun/tools/javac/code/Symbol enclClass ()Lcom/sun/tools/javac/code/Symbol$ClassSymbol; 2 26083 orig 80 1 0 0 0 0 0 0 0 0 0 0 0 176 45 0 0 0 0 0 0 0 0 0 0 0 0 0 0 0 0 0 0 0 0 0 0 0 0 0 1 0 0 0 0 0 0 0 0 0 0 0 0 0 0 0 0 0 0 0 0 0 0 0 0 0 0 0 0 0 0 0 0 0 0 0 0 0 0 0 0 data 45 0x8000000600030007 0xd72 0xe8 0x91c5 0xd0005 0x91c5 0x0 0x0 0x0 0x0 0x0 0x100007 0x5f0b 0x78 0x32ba 0x1a0005 0x0 0x0 0x1e48ed1dd80 0x32ba 0x0 0x0 0x1d0007 0x32ba 0x38 0x0 0x250003 0x5f0b 0xffffffffffffff30 0x290104 0x0 0x0 0x1e48eabb770 0x32ba 0x0 0x0 0x0 0x0 0x0 0x0 0x0 0x0 0x9 0x1 0x0 oops 2 18 com/sun/tools/javac/code/Type$ClassType 32 com/sun/tools/javac/code/Symbol$ClassSymbol methods 0
ciMethodData com/sun/tools/javac/code/Scope$ScopeImpl$2 next ()Ljava/lang/Object; 2 13931 orig 80 0 0 0 0 0 0 0 0 0 0 0 0 176 45 0 0 0 0 0 0 0 0 0 0 0 0 0 0 0 0 0 0 0 0 0 0 0 0 0 0 0 0 0 0 0 0 0 0 0 0 0 0 0 0 0 0 0 0 0 0 0 0 0 0 0 0 0 0 0 0 0 0 0 0 0 0 0 0 0 0 data 16 0x10005 0x0 0x0 0x1e48e8c9e70 0x2e68 0x0 0x0 0x0 0x0 0x0 0x0 0x0 0x0 0x9 0x1 0x0 oops 1 3 com/sun/tools/javac/code/Scope$ScopeImpl$2 methods 0
ciMethodData com/sun/tools/javac/code/Scope$ScopeImpl$2 next ()Lcom/sun/tools/javac/code/Symbol; 2 12391 orig 80 0 0 0 0 0 0 0 0 0 0 0 0 176 45 0 0 0 0 0 0 0 0 0 0 0 0 0 0 0 0 0 0 0 0 0 0 0 0 0 0 0 0 0 0 0 0 0 0 0 0 0 0 0 0 0 0 0 0 0 0 0 0 0 0 0 0 0 0 0 0 0 0 0 0 0 0 0 0 0 0 data 29 0x10005 0x0 0x0 0x1e48e8c9e70 0x2e68 0x0 0x0 0x40007 0x2e68 0x30 0x0 0xb0002 0x0 0x100005 0x2e68 0x0 0x0 0x0 0x0 0x0 0x0 0x0 0x0 0x0 0x0 0x0 0x9 0x1 0x0 oops 1 3 com/sun/tools/javac/code/Scope$ScopeImpl$2 methods 0
ciMethodData com/sun/tools/javac/tree/TreeMaker Ident (Lcom/sun/tools/javac/code/Symbol;)Lcom/sun/tools/javac/tree/JCTree$JCIdent; 2 3849 orig 80 0 0 0 0 0 0 0 0 0 0 0 0 176 45 0 0 0 0 0 0 0 0 0 0 0 0 0 0 0 0 0 0 0 0 0 0 0 0 0 0 0 0 0 0 0 0 0 0 0 0 0 0 0 0 0 0 0 0 0 0 0 0 0 0 0 0 0 0 0 0 0 0 0 0 0 0 0 0 0 0 data 47 0xf0007 0x5 0x38 0xe40 0x160003 0xe40 0x50 0x1a0005 0x0 0x0 0x1e48eabb770 0x5 0x0 0x0 0x1e0002 0xe45 0x250005 0x0 0x0 0x1e48eabb610 0xe45 0x0 0x0 0x2c0005 0x0 0x0 0x1e48eabb610 0xe45 0x0 0x0 0x2f0004 0x0 0x0 0x1e48eabb610 0x10b 0x0 0x0 0x0 0x0 0x0 0x0 0x0 0x0 0x9 0x2 0x0 0xffffffffffffffff oops 4 10 com/sun/tools/javac/code/Symbol$ClassSymbol 19 com/sun/tools/javac/tree/JCTree$JCIdent 26 com/sun/tools/javac/tree/JCTree$JCIdent 33 com/sun/tools/javac/tree/JCTree$JCIdent methods 0
ciMethodData com/sun/tools/javac/code/Symbol isInheritedIn (Lcom/sun/tools/javac/code/Symbol;Lcom/sun/tools/javac/code/Types;)Z 2 4348 orig 80 0 0 0 0 0 0 0 0 0 0 0 0 176 45 0 0 0 0 0 0 0 0 0 0 0 0 0 0 0 0 0 0 0 0 0 0 0 0 0 0 0 0 0 0 0 0 0 0 0 0 0 0 0 0 0 0 0 0 0 0 0 0 0 0 0 0 0 0 0 0 0 0 0 0 0 0 0 0 0 0 data 18 0x30005 0xffc 0x0 0x0 0x0 0x0 0x0 0x0 0x0 0x0 0x0 0x0 0x0 0x9 0x3 0x0 0x0 0x0 oops 0 methods 0
ciMethodData com/sun/tools/javac/code/Symbol isAccessibleIn (Lcom/sun/tools/javac/code/Symbol;Lcom/sun/tools/javac/code/Types;)Z 2 4348 orig 80 0 0 0 0 0 0 0 0 0 0 0 0 176 45 0 0 0 0 0 0 0 0 0 0 0 0 0 0 0 0 0 0 0 0 0 0 0 0 0 0 0 0 0 0 0 0 0 0 0 0 0 0 0 0 0 0 0 0 0 0 0 0 0 0 0 0 0 0 0 0 0 0 0 0 0 0 0 0 0 0 data 143 0x90008 0xc 0x0 0x70 0x90e 0x118 0x0 0x70 0x551 0x70 0x0 0x70 0x19e 0xa8 0x330007 0x66 0x38 0x4eb 0x370003 0x4eb 0x18 0x3d0005 0x0 0x0 0x1e48eabb770 0x19e 0x0 0x0 0x460007 0x60 0x38 0x13e 0x4a0003 0x13e 0x18 0x500005 0x4 0x0 0x1e48eabb8d0 0x8f1 0x1e48eabb4b0 0x19 0x590007 0x0 0x258 0x1211 0x620007 0x20 0x238 0x11f1 0x6d0005 0x0 0x0 0x1e48ed1dd80 0x11f1 0x0 0x0 0x700007 0x11f1 0x70 0x0 0x780005 0x0 0x0 0x0 0x0 0x0 0x0 0x800003 0x0 0xffffffffffffff70 0x880005 0x0 0x0 0x1e48ed1dd80 0x11f1 0x0 0x0 0x8b0007 0x11f1 0x20 0x0 0x920005 0x0 0x0 0x1e48eabb770 0x11f1 0x0 0x0 0x9b0007 0x11f1 0x38 0x0 0x9e0003 0x0 0x70 0xa30005 0x0 0x0 0x1e48eabb770 0x11f1 0x0 0x0 0xa70007 0x903 0x20 0x8ee 0xb20005 0x0 0x0 0x1e4902d3660 0x903 0x0 0x0 0xba0003 0x903 0xfffffffffffffdc0 0xbe0005 0x0 0x0 0x1e48eabb770 0x20 0x0 0x0 0xc70007 0x0 0x38 0x20 0xcb0003 0x20 0x18 0x0 0x0 0x0 0x0 0x0 0x0 0x0 0x9 0x3 0x0 0x0 0x0 oops 9 24 com/sun/tools/javac/code/Symbol$ClassSymbol 38 com/sun/tools/javac/code/Symbol$VarSymbol 40 com/sun/tools/javac/code/Symbol$MethodSymbol 53 com/sun/tools/javac/code/Type$ClassType 74 com/sun/tools/javac/code/Type$ClassType 85 com/sun/tools/javac/code/Symbol$ClassSymbol 99 com/sun/tools/javac/code/Symbol$ClassSymbol 110 com/sun/tools/javac/code/Types 120 com/sun/tools/javac/code/Symbol$ClassSymbol methods 0
ciMethodData com/sun/tools/javac/comp/Lower makeLit (Lcom/sun/tools/javac/code/Type;Ljava/lang/Object;)Lcom/sun/tools/javac/tree/JCTree$JCExpression; 1 116 orig 80 0 0 0 0 0 0 0 0 0 0 0 0 176 45 0 0 0 0 0 0 0 0 0 0 0 0 0 0 0 0 0 0 0 0 0 0 0 0 0 0 0 0 0 0 0 0 0 0 0 0 0 0 0 0 0 0 0 0 0 0 0 0 0 0 0 0 0 0 0 0 0 0 0 0 0 0 0 0 0 0 data 39 0x50005 0x0 0x0 0x1e48ee40ed0 0x3a 0x1e48ed1dd80 0x3a 0x90005 0x0 0x0 0x1e48eabb820 0x74 0x0 0x0 0xe0005 0x0 0x0 0x1e48ee40ed0 0x3a 0x1e48ed1dd80 0x3a 0x110005 0x0 0x0 0x1e48f08aff0 0x74 0x0 0x0 0x0 0x0 0x0 0x0 0x0 0x0 0x9 0x3 0x0 0xffffffffffffffff 0x0 oops 6 3 com/sun/tools/javac/code/Type$JCPrimitiveType 5 com/sun/tools/javac/code/Type$ClassType 10 com/sun/tools/javac/tree/TreeMaker 17 com/sun/tools/javac/code/Type$JCPrimitiveType 19 com/sun/tools/javac/code/Type$ClassType 24 com/sun/tools/javac/tree/JCTree$JCLiteral methods 0
ciMethodData com/sun/tools/javac/comp/Lower needsPrivateAccess (Lcom/sun/tools/javac/code/Symbol;)Z 2 4479 orig 80 0 0 0 0 0 0 0 0 0 0 0 0 176 45 0 0 0 0 0 0 0 0 0 0 0 0 0 0 0 0 0 0 0 0 0 0 0 0 0 0 0 0 0 0 0 0 0 0 0 0 0 0 0 0 0 0 0 0 0 0 0 0 0 0 0 0 0 0 0 0 0 0 0 0 0 0 0 0 0 0 data 51 0x40005 0x1103 0x0 0x0 0x0 0x0 0x0 0x70007 0x0 0x20 0x1103 0xd0005 0x0 0x0 0x0 0x0 0x0 0x0 0x160007 0x0 0x40 0x0 0x210007 0x0 0x20 0x0 0x310007 0x0 0x78 0x0 0x380005 0x0 0x0 0x0 0x0 0x0 0x0 0x3b0007 0x0 0x20 0x0 0x0 0x0 0x0 0x0 0x0 0x0 0x9 0x2 0x0 0x0 oops 0 methods 0
ciMethodData com/sun/tools/javac/comp/Lower needsProtectedAccess (Lcom/sun/tools/javac/code/Symbol;Lcom/sun/tools/javac/tree/JCTree;)Z 2 4224 orig 80 0 0 0 0 0 0 0 0 0 0 0 0 176 45 0 0 0 0 0 0 0 0 0 0 0 0 0 0 0 0 0 0 0 0 0 0 0 0 0 0 0 0 0 0 0 0 0 0 0 0 0 0 0 0 0 0 0 0 0 0 0 0 0 0 0 0 0 0 0 0 0 0 0 0 0 0 0 0 0 0 data 118 0x40007 0x1008 0x20 0x0 0xa0005 0x0 0x0 0x1e48eabb8d0 0xb12 0x1e48eabb4b0 0x4f6 0x130007 0xffe 0xd0 0xa 0x240007 0xa 0xb0 0x0 0x280005 0x0 0x0 0x0 0x0 0x0 0x0 0x2f0005 0x0 0x0 0x0 0x0 0x0 0x0 0x320007 0x0 0x20 0x0 0x430005 0x0 0x0 0x0 0x0 0x0 0x0 0x460007 0x0 0x20 0x0 0x4c0005 0x0 0x0 0x0 0x0 0x0 0x0 0x550007 0x0 0xe0 0x0 0x5c0005 0x0 0x0 0x0 0x0 0x0 0x0 0x5f0007 0x0 0x88 0x0 0x630004 0x0 0x0 0x0 0x0 0x0 0x0 0x690002 0x0 0x730007 0x0 0x20 0x0 0x790004 0x0 0x0 0x0 0x0 0x0 0x0 0x8d0005 0x0 0x0 0x0 0x0 0x0 0x0 0x900007 0x0 0x38 0x0 0x940003 0x0 0x18 0x0 0x0 0x0 0x0 0x0 0x0 0x0 0x0 0x0 0x9 0x3 0x0 0x0 0x0 oops 2 7 com/sun/tools/javac/code/Symbol$VarSymbol 9 com/sun/tools/javac/code/Symbol$MethodSymbol methods 0
ciMethodData com/sun/tools/javac/comp/Lower addPrunedInfo (Lcom/sun/tools/javac/tree/JCTree;)V 1 0 orig 80 0 0 0 0 0 0 0 0 0 0 0 0 176 45 0 0 0 0 0 0 0 0 0 0 0 0 0 0 0 0 0 0 0 0 0 0 0 0 0 0 0 0 0 0 0 0 0 0 0 0 0 0 0 0 0 0 0 0 0 0 0 0 0 0 0 0 0 0 0 0 0 0 0 0 0 0 0 0 0 0 data 47 0x80005 0x0 0x0 0x0 0x0 0x0 0x0 0xd0004 0x0 0x0 0x0 0x0 0x0 0x0 0x120007 0x0 0x48 0x0 0x160002 0x0 0x190003 0x0 0x50 0x1e0005 0x0 0x0 0x0 0x0 0x0 0x0 0x2b0005 0x0 0x0 0x0 0x0 0x0 0x0 0x0 0x0 0x0 0x0 0x0 0x0 0x9 0x2 0x0 0x0 oops 0 methods 0
ciMethodData com/sun/tools/javac/comp/Lower makeOwnerThis (Lcom/sun/tools/javac/util/JCDiagnostic$DiagnosticPosition;Lcom/sun/tools/javac/code/Symbol;Z)Lcom/sun/tools/javac/tree/JCTree$JCExpression; 1 0 orig 80 0 0 0 0 0 0 0 0 0 0 0 0 176 45 0 0 0 0 0 0 0 0 0 0 0 0 0 0 0 0 0 0 0 0 0 0 0 0 0 0 0 0 0 0 0 0 0 0 0 0 0 0 0 0 0 0 0 0 0 0 0 0 0 0 0 0 0 0 0 0 0 0 0 0 0 0 0 0 0 0 data 69 0x70007 0x0 0x90 0x0 0x130005 0x0 0x0 0x0 0x0 0x0 0x0 0x160007 0x0 0x138 0x0 0x190003 0x0 0x70 0x280005 0x0 0x0 0x0 0x0 0x0 0x0 0x2b0007 0x0 0xc8 0x0 0x330005 0x0 0x0 0x0 0x0 0x0 0x0 0x3c0005 0x0 0x0 0x0 0x0 0x0 0x0 0x3f0005 0x0 0x0 0x0 0x0 0x0 0x0 0x470005 0x0 0x0 0x0 0x0 0x0 0x0 0x0 0x0 0x0 0x0 0x0 0x0 0x9 0x4 0xffffffffffffffff 0xffffffffffffffff 0xffffffffffffffff 0x0 oops 0 methods 0
ciMethodData com/sun/tools/javac/comp/Lower access (Lcom/sun/tools/javac/code/Symbol;Lcom/sun/tools/javac/tree/JCTree$JCExpression;Lcom/sun/tools/javac/tree/JCTree$JCExpression;Z)Lcom/sun/tools/javac/tree/JCTree$JCExpression; 2 9998 orig 80 0 0 0 0 0 0 0 0 0 0 0 0 176 45 0 0 0 0 0 0 0 0 0 0 0 0 0 0 0 0 0 0 0 0 0 0 0 0 0 0 0 0 0 0 0 0 0 0 0 0 0 0 0 0 0 0 0 0 0 0 0 0 0 0 0 0 0 0 0 0 0 0 0 0 0 0 0 0 0 0 data 622 0x70007 0x139d 0x450 0x126c 0x140007 0xb12 0x430 0x75a 0x1b0005 0x0 0x0 0x1e48eabb4b0 0x743 0x1e48eabb560 0x17 0x220007 0x75a 0x3d8 0x0 0x260004 0x0 0x0 0x0 0x0 0x0 0x0 0x290005 0x0 0x0 0x0 0x0 0x0 0x0 0x300007 0x0 0x90 0x0 0x3b0005 0x0 0x0 0x0 0x0 0x0 0x0 0x460005 0x0 0x0 0x0 0x0 0x0 0x0 0x4e0007 0x0 0x158 0x0 0x560005 0x0 0x0 0x0 0x0 0x0 0x0 0x5b0007 0x0 0x100 0x0 0x660005 0x0 0x0 0x0 0x0 0x0 0x0 0x6e0005 0x0 0x0 0x0 0x0 0x0 0x0 0x730004 0x0 0x0 0x0 0x0 0x0 0x0 0x760005 0x0 0x0 0x0 0x0 0x0 0x0 0x7f0005 0x0 0x0 0x0 0x0 0x0 0x0 0x840004 0x0 0x0 0x0 0x0 0x0 0x0 0x890007 0x0 0x58 0x0 0x960007 0x0 0x38 0x0 0x9a0003 0x0 0x18 0x9e0002 0x0 0xa90005 0x0 0x0 0x0 0x0 0x0 0x0 0xad0005 0x0 0x0 0x0 0x0 0x0 0x0 0xb10003 0x0 0xfffffffffffffbc8 0xb80005 0x0 0x0 0x1e48eabb610 0x18ee 0x1e48eabb6c0 0xd1b 0xbb0007 0x18ee 0x70 0xd1b 0xbf0004 0x0 0x0 0x1e48eabb6c0 0xd1b 0x0 0x0 0xc50003 0xd1b 0x18 0xd20005 0x2609 0x0 0x0 0x0 0x0 0x0 0xd60008 0x8 0x2a8 0xd18 0x126c 0x408 0x50b 0x408 0xbea 0x50 0xfa0007 0xb22 0xcc8 0xc8 0xfe0005 0x0 0x0 0x1e48eabb770 0xc8 0x0 0x0 0x1010002 0xc8 0x1080007 0xc8 0x140 0xc6 0x10d0002 0xc6 0x1100007 0x0 0x110 0xc6 0x1150002 0xc6 0x11e0007 0x0 0xe0 0xc6 0x1260005 0x0 0x0 0x1e48eabb610 0xc6 0x0 0x0 0x1290007 0xc6 0x70 0x0 0x12e0004 0x0 0x0 0x0 0x0 0x0 0x0 0x1340003 0x0 0x18 0x13a0003 0xc6 0xfffffffffffffed8 0x1410005 0x0 0x0 0x1e48eabb6c0 0xc6 0x1e48eabb610 0x2 0x1440007 0xc6 0x70 0x2 0x1480004 0x0 0x0 0x1e48eabb610 0x2 0x0 0x0 0x1500003 0x2 0x168 0x1550007 0x0 0xe0 0xc6 0x1600005 0x0 0x0 0x1e48eabb820 0xc6 0x0 0x0 0x1640005 0x0 0x0 0x1e48eabb820 0xc6 0x0 0x0 0x1690004 0x0 0x0 0x0 0x0 0x0 0x0 0x1710003 0xc6 0x88 0x1750004 0x0 0x0 0x0 0x0 0x0 0x0 0x17e0004 0x0 0x0 0x0 0x0 0x0 0x0 0x1860003 0xc8 0x928 0x1930007 0x76f 0x798 0x1008 0x1980007 0x1008 0x78 0x0 0x19d0005 0x0 0x0 0x0 0x0 0x0 0x0 0x1a00007 0x0 0x78 0x0 0x1a60005 0x0 0x0 0x1e48eab9490 0x1008 0x0 0x0 0x1a90007 0x1008 0x38 0x0 0x1ad0003 0x0 0x18 0x1b50007 0x0 0x78 0x1008 0x1ba0005 0x0 0x0 0x1e48eab9490 0x1008 0x0 0x0 0x1bd0007 0x1008 0x38 0x0 0x1c10003 0x0 0x18 0x1c90007 0x997 0xb0 0x671 0x1d70007 0x0 0x90 0x671 0x1e30005 0x0 0x0 0x1e48eabb8d0 0x63a 0x1e48eabb4b0 0x37 0x1e60007 0x66d 0x38 0x4 0x1ea0003 0x4 0x18 0x1f20007 0x0 0x40 0x1008 0x1f70007 0x1004 0x518 0x4 0x2020005 0x0 0x0 0x1e48eabb820 0x4 0x0 0x0 0x20d0007 0x0 0x120 0x4 0x2110004 0x0 0x0 0x1e48eabb8d0 0x4 0x0 0x0 0x2140005 0x0 0x0 0x1e48eabb8d0 0x4 0x0 0x0 0x21b0007 0x4 0x90 0x0 0x2200005 0x0 0x0 0x0 0x0 0x0 0x0 0x22a0005 0x0 0x0 0x0 0x0 0x0 0x0 0x2300007 0x4 0x268 0x0 0x2330002 0x0 0x2390005 0x0 0x0 0x0 0x0 0x0 0x0 0x2420007 0x0 0xe8 0x0 0x2470007 0x0 0x90 0x0 0x24c0005 0x0 0x0 0x0 0x0 0x0 0x0 0x2510005 0x0 0x0 0x0 0x0 0x0 0x0 0x25a0005 0x0 0x0 0x0 0x0 0x0 0x0 0x26a0005 0x0 0x0 0x0 0x0 0x0 0x0 0x2750007 0x0 0x38 0x0 0x27a0003 0x0 0x50 0x2860005 0x0 0x0 0x0 0x0 0x0 0x0 0x28b0005 0x0 0x0 0x0 0x0 0x0 0x0 0x2980005 0x0 0x0 0x0 0x0 0x0 0x0 0x29e0007 0x0 0x138 0x4 0x2a90005 0x0 0x0 0x1e48eabb820 0x4 0x0 0x0 0x2ae0005 0x0 0x0 0x1e48eabb610 0x4 0x0 0x0 0x2b20005 0x0 0x0 0x1e48eab9490 0x4 0x0 0x0 0x2b60005 0x0 0x0 0x1e48eabb820 0x4 0x0 0x0 0x2bd0005 0x0 0x0 0x1e48eabb6c0 0x4 0x0 0x0 0x2c10003 0x1004 0x190 0x2ce0007 0x15 0x178 0x75a 0x2d50007 0x743 0x158 0x17 0x2dd0005 0x0 0x0 0x1e48eabb8d0 0x14 0x1e48eabb980 0x3 0x2e00005 0x0 0x0 0x1e48eabba30 0x17 0x0 0x0 0x2e50104 0x0 0x0 0x1e48eabb980 0x3 0x0 0x0 0x2ec0007 0x14 0x90 0x3 0x2f70005 0x0 0x0 0x1e48eabb820 0x3 0x0 0x0 0x2fc0005 0x0 0x0 0x1e48eabb820 0x3 0x0 0x0 0x0 0x0 0x0 0x0 0x0 0x0 0x0 0x0 0x0 0x0 0x0 0x0 0x0 0x0 0x0 0x0 0x0 0x0 0x0 0x0 0x0 0x0 0x0 0x0 0x0 0x0 0x0 0x0 0x0 0x0 0x9 0x5 0x0 0x0 0x0 0x0 0x0 oops 30 11 com/sun/tools/javac/code/Symbol$MethodSymbol 13 com/sun/tools/javac/comp/LambdaToMethod$LambdaAnalyzerPreprocessor$LambdaTranslationContext$1 141 com/sun/tools/javac/tree/JCTree$JCIdent 143 com/sun/tools/javac/tree/JCTree$JCFieldAccess 152 com/sun/tools/javac/tree/JCTree$JCFieldAccess 183 com/sun/tools/javac/code/Symbol$ClassSymbol 208 com/sun/tools/javac/tree/JCTree$JCIdent 232 com/sun/tools/javac/tree/JCTree$JCFieldAccess 234 com/sun/tools/javac/tree/JCTree$JCIdent 243 com/sun/tools/javac/tree/JCTree$JCIdent 257 com/sun/tools/javac/tree/TreeMaker 264 com/sun/tools/javac/tree/TreeMaker 317 com/sun/tools/javac/comp/Lower 335 com/sun/tools/javac/comp/Lower 357 com/sun/tools/javac/code/Symbol$VarSymbol 359 com/sun/tools/javac/code/Symbol$MethodSymbol 379 com/sun/tools/javac/tree/TreeMaker 390 com/sun/tools/javac/code/Symbol$VarSymbol 397 com/sun/tools/javac/code/Symbol$VarSymbol 503 com/sun/tools/javac/tree/TreeMaker 510 com/sun/tools/javac/tree/JCTree$JCIdent 517 com/sun/tools/javac/comp/Lower 524 com/sun/tools/javac/tree/TreeMaker 531 com/sun/tools/javac/tree/JCTree$JCFieldAccess 549 com/sun/tools/javac/code/Symbol$VarSymbol 551 com/sun/tools/javac/comp/LambdaToMethod$LambdaAnalyzerPreprocessor$LambdaTranslationContext$2 556 java/util/HashMap 563 com/sun/tools/javac/comp/LambdaToMethod$LambdaAnalyzerPreprocessor$LambdaTranslationContext$2 574 com/sun/tools/javac/tree/TreeMaker 581 com/sun/tools/javac/tree/TreeMaker methods 0
ciMethodData com/sun/tools/javac/comp/Lower accessBase (Lcom/sun/tools/javac/util/JCDiagnostic$DiagnosticPosition;Lcom/sun/tools/javac/code/Symbol;)Lcom/sun/tools/javac/tree/JCTree$JCExpression; 1 4 orig 80 0 0 0 0 0 0 0 0 0 0 0 0 176 45 0 0 0 0 0 0 0 0 0 0 0 0 0 0 0 0 0 0 0 0 0 0 0 0 0 0 0 0 0 0 0 0 0 0 0 0 0 0 0 0 0 0 0 0 0 0 0 0 0 0 0 0 0 0 0 0 0 0 0 0 0 0 0 0 0 0 data 60 0x10005 0x0 0x0 0x1e48eabb8d0 0x4 0x0 0x0 0xa0007 0x0 0x118 0x4 0x130005 0x0 0x0 0x1e48eabb610 0x4 0x0 0x0 0x180005 0x0 0x0 0x1e48eabb820 0x4 0x0 0x0 0x1f0005 0x0 0x0 0x1e48eabb820 0x4 0x0 0x0 0x220005 0x0 0x0 0x1e48eab9490 0x4 0x0 0x0 0x250003 0x4 0x50 0x2c0005 0x0 0x0 0x0 0x0 0x0 0x0 0x0 0x0 0x0 0x0 0x0 0x0 0x9 0x3 0xffffffffffffffff 0xffffffffffffffff 0xffffffffffffffff oops 5 3 com/sun/tools/javac/code/Symbol$VarSymbol 14 com/sun/tools/javac/tree/JCTree$JCIdent 21 com/sun/tools/javac/tree/TreeMaker 28 com/sun/tools/javac/tree/TreeMaker 35 com/sun/tools/javac/comp/Lower methods 0
ciMethodData com/sun/tools/javac/jvm/Target hasNestmateAccess ()Z 2 4593 orig 80 0 0 0 0 0 0 0 0 0 0 0 0 176 45 0 0 0 0 0 0 0 0 0 0 0 0 0 0 0 0 0 0 0 0 0 0 0 0 0 0 0 0 0 0 0 0 0 0 0 0 0 0 0 0 0 0 0 0 0 0 0 0 0 0 0 0 0 0 0 0 0 0 0 0 0 0 0 0 0 0 data 23 0x40005 0x10ca 0x0 0x0 0x0 0x0 0x0 0x70007 0x0 0x38 0x10ca 0xb0003 0x10ca 0x18 0x0 0x0 0x0 0x0 0x0 0x0 0x9 0x1 0x0 oops 0 methods 0
ciMethodData com/sun/tools/javac/code/Symbol$ClassSymbol isSubClass (Lcom/sun/tools/javac/code/Symbol;Lcom/sun/tools/javac/code/Types;)Z 2 4990 orig 80 0 0 0 0 0 0 0 0 0 0 0 0 176 45 0 0 0 0 0 0 0 0 0 0 0 0 0 0 0 0 0 0 0 0 0 0 0 0 0 0 0 0 0 0 0 0 0 0 0 0 0 0 0 0 0 0 0 0 0 0 0 0 0 0 0 0 0 0 0 0 0 0 0 0 0 0 0 0 0 0 data 114 0x20007 0xbea 0x20 0x221 0x80005 0x0 0x0 0x1e48eabb770 0xbe6 0x1e48eabb8d0 0x4 0x110007 0x8d2 0x218 0x318 0x1d0005 0x0 0x0 0x1e48ed1dd80 0x441 0x1e4485764e0 0x10d 0x200007 0x10d 0x1a8 0x441 0x250005 0x0 0x0 0x1e4902d3660 0x441 0x0 0x0 0x2c0005 0x0 0x0 0x1e448563b20 0x236 0x1e44896df70 0x318 0x2f0007 0x236 0xc8 0x318 0x370004 0x0 0x0 0x1e48ed1dd80 0x122 0x1e448563bd0 0x34 0x3f0005 0x0 0x0 0x1e48eabb770 0x318 0x0 0x0 0x420007 0x10d 0x20 0x20b 0x4e0003 0x10d 0xffffffffffffff18 0x530005 0x0 0x0 0x1e4902d3660 0x236 0x0 0x0 0x570003 0x236 0xfffffffffffffe38 0x5a0003 0x10d 0xe0 0x660005 0x0 0x0 0x1e48ed1dd80 0x1878 0x1e4485764e0 0x6b 0x690007 0x6b 0x90 0x1878 0x710007 0x1011 0x20 0x867 0x780005 0x0 0x0 0x1e4902d3660 0x1011 0x0 0x0 0x7c0003 0x1011 0xffffffffffffff50 0x0 0x0 0x0 0x0 0x0 0x0 0x9 0x3 0x0 0x0 0x0 oops 14 7 com/sun/tools/javac/code/Symbol$ClassSymbol 9 com/sun/tools/javac/code/Symbol$VarSymbol 18 com/sun/tools/javac/code/Type$ClassType 20 com/sun/tools/javac/code/Type$1 29 com/sun/tools/javac/code/Types 36 com/sun/tools/javac/util/List$1 38 com/sun/tools/javac/util/List 47 com/sun/tools/javac/code/Type$ClassType 49 com/sun/tools/javac/code/Type$StructuralTypeMapping$1 54 com/sun/tools/javac/code/Symbol$ClassSymbol 68 com/sun/tools/javac/code/Types 81 com/sun/tools/javac/code/Type$ClassType 83 com/sun/tools/javac/code/Type$1 96 com/sun/tools/javac/code/Types methods 0
ciMethodData com/sun/tools/javac/code/Symbol hiddenIn (Lcom/sun/tools/javac/code/Symbol$ClassSymbol;Lcom/sun/tools/javac/code/Types;)Z 2 2356 orig 80 0 0 0 0 0 0 0 0 0 0 0 0 176 45 0 0 0 0 0 0 0 0 0 0 0 0 0 0 0 0 0 0 0 0 0 0 0 0 0 0 0 0 0 0 0 0 0 0 0 0 0 0 0 0 0 0 0 0 0 0 0 0 0 0 0 0 0 0 0 0 0 0 0 0 0 0 0 0 0 0 data 34 0x30005 0x8ee 0x0 0x0 0x0 0x0 0x0 0x80007 0x0 0x38 0x8ee 0xc0003 0x8ee 0x18 0x130002 0x8ee 0x180007 0x8ee 0x38 0x0 0x1c0003 0x0 0x18 0x0 0x0 0x0 0x0 0x0 0x0 0x9 0x3 0x0 0x0 0x0 oops 0 methods 0
ciMethodData com/sun/tools/javac/code/Symbol hiddenInInternal (Lcom/sun/tools/javac/code/Symbol$ClassSymbol;Lcom/sun/tools/javac/code/Types;)Lcom/sun/tools/javac/code/Symbol; 2 7261 orig 80 0 0 0 0 0 0 0 0 0 0 0 0 176 45 0 0 0 0 0 0 0 0 0 0 0 0 0 0 0 0 0 0 0 0 0 0 0 0 0 0 0 0 0 0 0 0 0 0 0 0 0 0 0 0 0 0 0 0 0 0 0 0 0 0 0 0 0 0 0 0 0 0 0 0 0 0 0 0 0 0 data 188 0x50007 0x12e3 0x20 0x8ee 0xb0005 0x0 0x0 0x1e48eabb770 0x12e3 0x0 0x0 0x120005 0x12e3 0x0 0x0 0x0 0x0 0x0 0x150005 0x0 0x0 0x1e48e8c9dc0 0x12e3 0x0 0x0 0x1c0005 0x0 0x0 0x1e48e8c9e70 0x1538 0x0 0x0 0x210007 0x12e3 0x198 0x255 0x250005 0x0 0x0 0x1e48e8c9e70 0x255 0x0 0x0 0x2a0004 0x0 0x0 0x1e48eabb4b0 0x255 0x0 0x0 0x380007 0x0 0xf0 0x255 0x420007 0x0 0xd0 0x255 0x470005 0x0 0x0 0x1e48eabb4b0 0x255 0x0 0x0 0x500007 0x255 0x78 0x0 0x5d0005 0x0 0x0 0x0 0x0 0x0 0x0 0x600007 0x0 0x20 0x0 0x660003 0x255 0xfffffffffffffe48 0x700005 0x0 0x0 0x1e4902d3660 0x12e3 0x0 0x0 0x780005 0x0 0x0 0x1e4902d3660 0x12e3 0x0 0x0 0x7b0005 0x0 0x0 0x1e448563b20 0xdad 0x1e44896df70 0x536 0x7e0005 0x0 0x0 0x1e44896df70 0x12e3 0x0 0x0 0x850005 0x0 0x0 0x1e48e8c9f20 0x19cc 0x0 0x0 0x8a0007 0x3fb 0x1d0 0x15d1 0x8f0005 0x0 0x0 0x1e48e8c9f20 0x15d1 0x0 0x0 0x940004 0x0 0x0 0x1e48ed1dd80 0x1113 0x1e4485764e0 0x2ee 0x9b0007 0x0 0x128 0x15d1 0xa30005 0x1d0 0x0 0x1e48ed1dd80 0x1113 0x1e4485764e0 0x2ee 0xa60007 0x2ee 0xd0 0x12e3 0xaf0004 0x0 0x0 0x1e48eabb770 0x12e3 0x0 0x0 0xb30005 0x12e3 0x0 0x0 0x0 0x0 0x0 0xbb0007 0x3fb 0x20 0xee8 0xc20007 0x3fb 0x20 0x0 0xc80003 0x6e9 0xfffffffffffffe10 0x0 0x0 0x0 0x0 0x0 0x0 0x0 0x9 0x3 0x0 0x0 0x0 oops 18 7 com/sun/tools/javac/code/Symbol$ClassSymbol 21 com/sun/tools/javac/code/Scope$ScopeImpl$$Lambda$360+0x000001e44a3135d0 28 com/sun/tools/javac/code/Scope$ScopeImpl$2 39 com/sun/tools/javac/code/Scope$ScopeImpl$2 46 com/sun/tools/javac/code/Symbol$MethodSymbol 61 com/sun/tools/javac/code/Symbol$MethodSymbol 86 com/sun/tools/javac/code/Types 93 com/sun/tools/javac/code/Types 100 com/sun/tools/javac/util/List$1 102 com/sun/tools/javac/util/List 107 com/sun/tools/javac/util/List 114 com/sun/tools/javac/util/List$3 125 com/sun/tools/javac/util/List$3 132 com/sun/tools/javac/code/Type$ClassType 134 com/sun/tools/javac/code/Type$1 143 com/sun/tools/javac/code/Type$ClassType 145 com/sun/tools/javac/code/Type$1 154 com/sun/tools/javac/code/Symbol$ClassSymbol methods 0
ciMethodData com/sun/tools/javac/util/Assert check (ZLjava/lang/String;)V 2 3245 orig 80 0 0 0 0 0 0 0 0 0 0 0 0 176 45 0 0 0 0 0 0 0 0 0 0 0 0 0 0 0 0 0 0 0 0 0 0 0 0 0 0 0 0 0 0 0 0 0 0 0 0 0 0 0 0 0 0 0 0 0 0 0 0 0 0 0 0 0 0 0 0 0 0 0 0 0 0 0 0 0 0 data 16 0x10007 0xc01 0x30 0x0 0x50002 0x0 0x0 0x0 0x0 0x0 0x0 0x0 0x9 0x2 0x0 0x0 oops 0 methods 0
ciMethodData com/sun/tools/javac/code/Symbol$MethodSymbol isInheritedIn (Lcom/sun/tools/javac/code/Symbol;Lcom/sun/tools/javac/code/Types;)Z 2 7468 orig 80 1 0 0 0 0 0 0 0 0 0 0 0 176 45 0 0 0 0 0 0 0 0 0 0 0 0 0 0 0 0 0 0 0 0 0 0 0 0 0 1 0 0 0 0 0 0 0 0 0 0 0 0 0 0 0 0 0 0 0 0 0 0 0 0 0 0 0 0 0 0 0 0 0 0 0 0 0 0 0 0 data 41 0x90008 0x4 0x272 0xe0 0x19b8 0x30 0x200005 0x0 0x0 0x1e48eabb770 0x19b8 0x0 0x0 0x230007 0x99b 0x60 0x101d 0x2b0007 0x5e 0x40 0xfbf 0x8000000600380007 0x1 0x38 0xfbf 0x3c0003 0x19b8 0x18 0x440002 0x272 0x0 0x0 0x0 0x0 0x0 0x0 0x9 0x3 0x0 0x0 0x0 oops 1 9 com/sun/tools/javac/code/Symbol$ClassSymbol methods 0
ciMethodData com/sun/tools/javac/comp/Lower makeOwnerThisN (Lcom/sun/tools/javac/util/JCDiagnostic$DiagnosticPosition;Lcom/sun/tools/javac/code/Symbol;Z)Lcom/sun/tools/javac/tree/JCTree$JCExpression; 1 0 orig 80 0 0 0 0 0 0 0 0 0 0 0 0 176 45 0 0 0 0 0 0 0 0 0 0 0 0 0 0 0 0 0 0 0 0 0 0 0 0 0 0 0 0 0 0 0 0 0 0 0 0 0 0 0 0 0 0 0 0 0 0 0 0 0 0 0 0 0 0 0 0 0 0 0 0 0 0 0 0 0 0 data 158 0xe0005 0x0 0x0 0x0 0x0 0x0 0x0 0x110007 0x0 0xb0 0x0 0x1b0002 0x0 0x1e0005 0x0 0x0 0x0 0x0 0x0 0x0 0x210002 0x0 0x250005 0x0 0x0 0x0 0x0 0x0 0x0 0x2e0004 0x0 0x0 0x0 0x0 0x0 0x0 0x390005 0x0 0x0 0x0 0x0 0x0 0x0 0x3e0005 0x0 0x0 0x0 0x0 0x0 0x0 0x410005 0x0 0x0 0x0 0x0 0x0 0x0 0x510007 0x0 0x90 0x0 0x5b0005 0x0 0x0 0x0 0x0 0x0 0x0 0x5e0007 0x0 0x90 0x0 0x610003 0x0 0x238 0x6e0005 0x0 0x0 0x0 0x0 0x0 0x0 0x710007 0x0 0x1e8 0x0 0x7d0005 0x0 0x0 0x0 0x0 0x0 0x0 0x800007 0x0 0x78 0x0 0x8a0002 0x0 0x8d0005 0x0 0x0 0x0 0x0 0x0 0x0 0x900002 0x0 0x9b0004 0x0 0x0 0x0 0x0 0x0 0x0 0xa70007 0x0 0xffffffffffffff18 0x0 0xb00005 0x0 0x0 0x0 0x0 0x0 0x0 0xb70005 0x0 0x0 0x0 0x0 0x0 0x0 0xba0005 0x0 0x0 0x0 0x0 0x0 0x0 0xc90003 0x0 0xfffffffffffffd68 0x0 0x0 0x0 0x0 0x0 0x0 0x0 0x0 0x0 0x9 0x4 0x0 0x0 0x0 0x0 oops 0 methods 0
ciMethodData com/sun/tools/javac/tree/JCTree$JCParens getTag ()Lcom/sun/tools/javac/tree/JCTree$Tag; 1 670 orig 80 0 0 0 0 0 0 0 0 0 0 0 0 176 45 0 0 0 0 0 0 0 0 0 0 0 0 0 0 0 0 0 0 0 0 0 0 0 0 0 0 0 0 0 0 0 0 0 0 0 0 0 0 0 0 0 0 0 0 0 0 0 0 0 0 0 0 0 0 0 0 0 0 0 0 0 0 0 0 0 0 data 5 0x0 0x0 0x9 0x1 0x0 oops 0 methods 0
ciMethod com/sun/tools/javac/comp/LambdaToMethod$LambdaAnalyzerPreprocessor$LambdaTranslationContext$2 baseSymbol ()Lcom/sun/tools/javac/code/Symbol; 14 0 7 0 0
compile com/sun/tools/javac/comp/Lower access (Lcom/sun/tools/javac/code/Symbol;Lcom/sun/tools/javac/tree/JCTree$JCExpression;Lcom/sun/tools/javac/tree/JCTree$JCExpression;Z)Lcom/sun/tools/javac/tree/JCTree$JCExpression; -1 4 inline 213 0 -1 com/sun/tools/javac/comp/Lower access (Lcom/sun/tools/javac/code/Symbol;Lcom/sun/tools/javac/tree/JCTree$JCExpression;Lcom/sun/tools/javac/tree/JCTree$JCExpression;Z)Lcom/sun/tools/javac/tree/JCTree$JCExpression; 1 27 com/sun/tools/javac/code/Symbol enclClass ()Lcom/sun/tools/javac/code/Symbol$ClassSymbol; 2 13 com/sun/tools/javac/code/Kinds$Kind matches (Lcom/sun/tools/javac/code/Kinds$KindSelector;)Z 3 5 com/sun/tools/javac/code/Kinds$KindSelector contains (Lcom/sun/tools/javac/code/Kinds$KindSelector;)Z 2 26 com/sun/tools/javac/code/Type hasTag (Lcom/sun/tools/javac/code/TypeTag;)Z 1 184 com/sun/tools/javac/tree/JCTree hasTag (Lcom/sun/tools/javac/tree/JCTree$Tag;)Z 1 210 java/lang/Enum ordinal ()I 1 254 com/sun/tools/javac/code/Symbol$ClassSymbol flatName ()Lcom/sun/tools/javac/util/Name; 1 257 com/sun/tools/javac/util/Convert shortName (Lcom/sun/tools/javac/util/Name;)Lcom/sun/tools/javac/util/Name; 2 3 com/sun/tools/javac/util/Name lastIndexOf (B)I 3 1 com/sun/tools/javac/util/UnsharedNameTable$NameImpl getByteArray ()[B 3 6 com/sun/tools/javac/util/UnsharedNameTable$NameImpl getByteOffset ()I 3 11 com/sun/tools/javac/util/UnsharedNameTable$NameImpl getByteLength ()I 2 10 com/sun/tools/javac/util/UnsharedNameTable$NameImpl getByteLength ()I 2 20 com/sun/tools/javac/util/Name length ()I 3 1 com/sun/tools/javac/util/Name toString ()Ljava/lang/String; 4 1 com/sun/tools/javac/util/UnsharedNameTable$NameImpl getByteArray ()[B 4 5 com/sun/tools/javac/util/UnsharedNameTable$NameImpl getByteOffset ()I 4 9 com/sun/tools/javac/util/UnsharedNameTable$NameImpl getByteLength ()I 3 4 java/lang/String length ()I 4 6 java/lang/String coder ()B 2 32 com/sun/tools/javac/util/Name lastIndexOf (B)I 3 1 com/sun/tools/javac/util/UnsharedNameTable$NameImpl getByteArray ()[B 3 6 com/sun/tools/javac/util/UnsharedNameTable$NameImpl getByteOffset ()I 3 11 com/sun/tools/javac/util/UnsharedNameTable$NameImpl getByteLength ()I 2 38 com/sun/tools/javac/util/UnsharedNameTable$NameImpl getByteLength ()I 2 41 com/sun/tools/javac/util/Name subName (II)Lcom/sun/tools/javac/util/Name; 3 12 com/sun/tools/javac/util/UnsharedNameTable$NameImpl getByteArray ()[B 3 16 com/sun/tools/javac/util/UnsharedNameTable$NameImpl getByteOffset ()I 1 269 com/sun/tools/javac/tree/TreeInfo symbol (Lcom/sun/tools/javac/tree/JCTree;)Lcom/sun/tools/javac/code/Symbol; 2 1 com/sun/tools/javac/tree/TreeInfo skipParens (Lcom/sun/tools/javac/tree/JCTree;)Lcom/sun/tools/javac/tree/JCTree; 3 4 com/sun/tools/javac/tree/JCTree hasTag (Lcom/sun/tools/javac/tree/JCTree$Tag;)Z 3 14 com/sun/tools/javac/tree/TreeInfo skipParens (Lcom/sun/tools/javac/tree/JCTree$JCExpression;)Lcom/sun/tools/javac/tree/JCTree$JCExpression; 4 4 com/sun/tools/javac/tree/JCTree hasTag (Lcom/sun/tools/javac/tree/JCTree$Tag;)Z 5 2 com/sun/tools/javac/tree/JCTree$JCParens getTag ()Lcom/sun/tools/javac/tree/JCTree$Tag; 2 12 java/lang/Enum ordinal ()I 1 277 com/sun/tools/javac/tree/TreeInfo symbol (Lcom/sun/tools/javac/tree/JCTree;)Lcom/sun/tools/javac/code/Symbol; 2 1 com/sun/tools/javac/tree/TreeInfo skipParens (Lcom/sun/tools/javac/tree/JCTree;)Lcom/sun/tools/javac/tree/JCTree; 3 4 com/sun/tools/javac/tree/JCTree hasTag (Lcom/sun/tools/javac/tree/JCTree$Tag;)Z 3 14 com/sun/tools/javac/tree/TreeInfo skipParens (Lcom/sun/tools/javac/tree/JCTree$JCExpression;)Lcom/sun/tools/javac/tree/JCTree$JCExpression; 4 4 com/sun/tools/javac/tree/JCTree hasTag (Lcom/sun/tools/javac/tree/JCTree$Tag;)Z 5 2 com/sun/tools/javac/tree/JCTree$JCParens getTag ()Lcom/sun/tools/javac/tree/JCTree$Tag; 2 12 java/lang/Enum ordinal ()I 1 294 com/sun/tools/javac/tree/JCTree hasTag (Lcom/sun/tools/javac/tree/JCTree$Tag;)Z 2 2 com/sun/tools/javac/tree/JCTree$JCIdent getTag ()Lcom/sun/tools/javac/tree/JCTree$Tag; 1 321 com/sun/tools/javac/tree/JCTree hasTag (Lcom/sun/tools/javac/tree/JCTree$Tag;)Z 1 352 com/sun/tools/javac/tree/TreeMaker at (I)Lcom/sun/tools/javac/tree/TreeMaker; 1 356 com/sun/tools/javac/tree/TreeMaker Ident (Lcom/sun/tools/javac/code/Symbol;)Lcom/sun/tools/javac/tree/JCTree$JCIdent; 2 26 com/sun/tools/javac/code/Symbol$ClassSymbol flatName ()Lcom/sun/tools/javac/util/Name; 2 30 com/sun/tools/javac/tree/JCTree$JCIdent <init> (Lcom/sun/tools/javac/util/Name;Lcom/sun/tools/javac/code/Symbol;)V 3 1 com/sun/tools/javac/tree/JCTree$JCExpression <init> ()V 4 1 com/sun/tools/javac/tree/JCTree$JCCaseLabel <init> ()V 5 1 com/sun/tools/javac/tree/JCTree <init> ()V 6 1 java/lang/Object <init> ()V 2 37 com/sun/tools/javac/tree/JCTree$JCExpression setPos (I)Lcom/sun/tools/javac/tree/JCTree$JCExpression; 3 2 com/sun/tools/javac/tree/JCTree setPos (I)Lcom/sun/tools/javac/tree/JCTree; 2 44 com/sun/tools/javac/tree/JCTree$JCExpression setType (Lcom/sun/tools/javac/code/Type;)Lcom/sun/tools/javac/tree/JCTree$JCExpression; 3 2 com/sun/tools/javac/tree/JCTree setType (Lcom/sun/tools/javac/code/Type;)Lcom/sun/tools/javac/tree/JCTree; 1 422 com/sun/tools/javac/comp/Lower needsProtectedAccess (Lcom/sun/tools/javac/code/Symbol;Lcom/sun/tools/javac/tree/JCTree;)Z 2 10 com/sun/tools/javac/code/Symbol flags ()J 1 442 com/sun/tools/javac/comp/Lower needsPrivateAccess (Lcom/sun/tools/javac/code/Symbol;)Z 2 4 com/sun/tools/javac/jvm/Target hasNestmateAccess ()Z 3 4 java/lang/Enum compareTo (Ljava/lang/Enum;)I 1 483 com/sun/tools/javac/code/Symbol isMemberOf (Lcom/sun/tools/javac/code/Symbol$TypeSymbol;Lcom/sun/tools/javac/code/Types;)Z 2 14 com/sun/tools/javac/code/Symbol$ClassSymbol isSubClass (Lcom/sun/tools/javac/code/Symbol;Lcom/sun/tools/javac/code/Types;)Z 3 8 com/sun/tools/javac/code/Symbol$ClassSymbol flags ()J 3 8 com/sun/tools/javac/code/Symbol flags ()J 3 29 com/sun/tools/javac/code/Type hasTag (Lcom/sun/tools/javac/code/TypeTag;)Z 3 37 com/sun/tools/javac/code/Types interfaces (Lcom/sun/tools/javac/code/Type;)Lcom/sun/tools/javac/util/List; 4 5 com/sun/tools/javac/code/Types$UnaryVisitor visit (Lcom/sun/tools/javac/code/Type;)Ljava/lang/Object; 3 44 com/sun/tools/javac/util/List nonEmpty ()Z 3 63 com/sun/tools/javac/code/Symbol$ClassSymbol isSubClass (Lcom/sun/tools/javac/code/Symbol;Lcom/sun/tools/javac/code/Types;)Z 4 8 com/sun/tools/javac/code/Symbol$ClassSymbol flags ()J 4 8 com/sun/tools/javac/code/Symbol flags ()J 4 29 com/sun/tools/javac/code/Type hasTag (Lcom/sun/tools/javac/code/TypeTag;)Z 4 37 com/sun/tools/javac/code/Types interfaces (Lcom/sun/tools/javac/code/Type;)Lcom/sun/tools/javac/util/List; 5 5 com/sun/tools/javac/code/Types$UnaryVisitor visit (Lcom/sun/tools/javac/code/Type;)Ljava/lang/Object; 4 44 com/sun/tools/javac/util/List nonEmpty ()Z 4 83 com/sun/tools/javac/code/Types supertype (Lcom/sun/tools/javac/code/Type;)Lcom/sun/tools/javac/code/Type; 5 5 com/sun/tools/javac/code/Types$UnaryVisitor visit (Lcom/sun/tools/javac/code/Type;)Ljava/lang/Object; 4 102 com/sun/tools/javac/code/Type hasTag (Lcom/sun/tools/javac/code/TypeTag;)Z 4 120 com/sun/tools/javac/code/Types supertype (Lcom/sun/tools/javac/code/Type;)Lcom/sun/tools/javac/code/Type; 5 5 com/sun/tools/javac/code/Types$UnaryVisitor visit (Lcom/sun/tools/javac/code/Type;)Ljava/lang/Object; 3 83 com/sun/tools/javac/code/Types supertype (Lcom/sun/tools/javac/code/Type;)Lcom/sun/tools/javac/code/Type; 4 5 com/sun/tools/javac/code/Types$UnaryVisitor visit (Lcom/sun/tools/javac/code/Type;)Ljava/lang/Object; 3 102 com/sun/tools/javac/code/Type hasTag (Lcom/sun/tools/javac/code/TypeTag;)Z 3 120 com/sun/tools/javac/code/Types supertype (Lcom/sun/tools/javac/code/Type;)Lcom/sun/tools/javac/code/Type; 4 5 com/sun/tools/javac/code/Types$UnaryVisitor visit (Lcom/sun/tools/javac/code/Type;)Ljava/lang/Object; 2 23 com/sun/tools/javac/code/Symbol$MethodSymbol isInheritedIn (Lcom/sun/tools/javac/code/Symbol;Lcom/sun/tools/javac/code/Types;)Z 3 68 com/sun/tools/javac/code/Symbol isInheritedIn (Lcom/sun/tools/javac/code/Symbol;Lcom/sun/tools/javac/code/Types;)Z 4 3 com/sun/tools/javac/code/Symbol isAccessibleIn (Lcom/sun/tools/javac/code/Symbol;Lcom/sun/tools/javac/code/Types;)Z 5 61 com/sun/tools/javac/code/Symbol$ClassSymbol flags ()J 5 80 com/sun/tools/javac/code/Symbol packge ()Lcom/sun/tools/javac/code/Symbol$PackageSymbol; 5 109 com/sun/tools/javac/code/Type hasTag (Lcom/sun/tools/javac/code/TypeTag;)Z 5 136 com/sun/tools/javac/code/Type$ClassType isErroneous ()Z 6 1 com/sun/tools/javac/code/Type$ClassType getEnclosingType ()Lcom/sun/tools/javac/code/Type; 6 4 com/sun/tools/javac/code/Type isErroneous ()Z 6 11 com/sun/tools/javac/code/Type$ClassType getTypeArguments ()Lcom/sun/tools/javac/util/List; 7 8 com/sun/tools/javac/code/Type$ClassType complete ()V 7 19 com/sun/tools/javac/util/List nil ()Lcom/sun/tools/javac/util/List; 6 14 com/sun/tools/javac/code/Type isErroneous (Lcom/sun/tools/javac/util/List;)Z 7 3 com/sun/tools/javac/util/List nonEmpty ()Z 6 38 com/sun/tools/javac/code/Type$ClassType isErroneous ()Z 7 1 com/sun/tools/javac/code/Type$ClassType getEnclosingType ()Lcom/sun/tools/javac/code/Type; 7 4 com/sun/tools/javac/code/Type isErroneous ()Z 7 11 com/sun/tools/javac/code/Type$ClassType getTypeArguments ()Lcom/sun/tools/javac/util/List; 8 8 com/sun/tools/javac/code/Type$ClassType complete ()V 8 19 com/sun/tools/javac/util/List nil ()Lcom/sun/tools/javac/util/List; 7 14 com/sun/tools/javac/code/Type isErroneous (Lcom/sun/tools/javac/util/List;)Z 8 3 com/sun/tools/javac/util/List nonEmpty ()Z 5 146 com/sun/tools/javac/code/Symbol$ClassSymbol flags ()J 5 163 com/sun/tools/javac/code/Symbol packge ()Lcom/sun/tools/javac/code/Symbol$PackageSymbol; 5 178 com/sun/tools/javac/code/Types supertype (Lcom/sun/tools/javac/code/Type;)Lcom/sun/tools/javac/code/Type; 6 5 com/sun/tools/javac/code/Types$UnaryVisitor visit (Lcom/sun/tools/javac/code/Type;)Ljava/lang/Object; 5 190 com/sun/tools/javac/code/Symbol$ClassSymbol flags ()J 3 32 com/sun/tools/javac/code/Symbol isInterface ()Z 4 1 com/sun/tools/javac/code/Symbol$ClassSymbol flags ()J 2 35 com/sun/tools/javac/code/Symbol hiddenIn (Lcom/sun/tools/javac/code/Symbol$ClassSymbol;Lcom/sun/tools/javac/code/Types;)Z 3 3 com/sun/tools/javac/code/Symbol hiddenInInternal (Lcom/sun/tools/javac/code/Symbol$ClassSymbol;Lcom/sun/tools/javac/code/Types;)Lcom/sun/tools/javac/code/Symbol; 4 11 com/sun/tools/javac/code/Symbol$ClassSymbol members ()Lcom/sun/tools/javac/code/Scope$WriteableScope; 4 18 com/sun/tools/javac/code/Scope getSymbolsByName (Lcom/sun/tools/javac/util/Name;)Ljava/lang/Iterable; 5 5 com/sun/tools/javac/code/Scope getSymbolsByName (Lcom/sun/tools/javac/util/Name;Lcom/sun/tools/javac/code/Scope$LookupKind;)Ljava/lang/Iterable; 6 6 com/sun/tools/javac/code/Scope$ScopeImpl getSymbolsByName (Lcom/sun/tools/javac/util/Name;Ljava/util/function/Predicate;Lcom/sun/tools/javac/code/Scope$LookupKind;)Ljava/lang/Iterable; 7 4 java/lang/invoke/Invokers$Holder linkToTargetMethod (Ljava/lang/Object;Ljava/lang/Object;Ljava/lang/Object;Ljava/lang/Object;Ljava/lang/Object;)Ljava/lang/Object; 8 9 java/lang/invoke/LambdaForm$DMH+0x000001e44a0a8000 newInvokeSpecial (Ljava/lang/Object;Ljava/lang/Object;Ljava/lang/Object;Ljava/lang/Object;Ljava/lang/Object;)Ljava/lang/Object; 9 1 java/lang/invoke/DirectMethodHandle allocateInstance (Ljava/lang/Object;)Ljava/lang/Object; 9 7 java/lang/invoke/DirectMethodHandle constructorMethod (Ljava/lang/Object;)Ljava/lang/Object; 9 24 com/sun/tools/javac/code/Scope$ScopeImpl$$Lambda$360+0x000001e44a3135d0 <init> (Lcom/sun/tools/javac/code/Scope$ScopeImpl;Lcom/sun/tools/javac/util/Name;Ljava/util/function/Predicate;Lcom/sun/tools/javac/code/Scope$LookupKind;)V 10 1 java/lang/Object <init> ()V 4 21 com/sun/tools/javac/code/Scope$ScopeImpl$$Lambda$360+0x000001e44a3135d0 iterator ()Ljava/util/Iterator; 5 16 com/sun/tools/javac/code/Scope$ScopeImpl lambda$getSymbolsByName$2 (Lcom/sun/tools/javac/util/Name;Ljava/util/function/Predicate;Lcom/sun/tools/javac/code/Scope$LookupKind;)Ljava/util/Iterator; 6 8 com/sun/tools/javac/code/Scope$ScopeImpl$2 <init> (Lcom/sun/tools/javac/code/Scope$ScopeImpl;Lcom/sun/tools/javac/util/Name;Ljava/util/function/Predicate;Lcom/sun/tools/javac/code/Scope$LookupKind;)V 7 22 java/lang/Object <init> ()V 7 38 com/sun/tools/javac/code/Scope$ScopeImpl lookup (Lcom/sun/tools/javac/util/Name;Ljava/util/function/Predicate;)Lcom/sun/tools/javac/code/Scope$Entry; 8 6 com/sun/tools/javac/code/Scope$ScopeImpl getIndex (Lcom/sun/tools/javac/util/Name;)I 4 28 com/sun/tools/javac/code/Scope$ScopeImpl$2 hasNext ()Z 4 37 com/sun/tools/javac/code/Scope$ScopeImpl$2 next ()Ljava/lang/Object; 5 1 com/sun/tools/javac/code/Scope$ScopeImpl$2 next ()Lcom/sun/tools/javac/code/Symbol; 6 1 com/sun/tools/javac/code/Scope$ScopeImpl$2 hasNext ()Z 6 16 com/sun/tools/javac/code/Scope$ScopeImpl$2 doNext ()Lcom/sun/tools/javac/code/Symbol; 7 14 com/sun/tools/javac/code/Scope$Entry next (Ljava/util/function/Predicate;)Lcom/sun/tools/javac/code/Scope$Entry; 4 71 com/sun/tools/javac/code/Symbol flags ()J 4 112 com/sun/tools/javac/code/Types interfaces (Lcom/sun/tools/javac/code/Type;)Lcom/sun/tools/javac/util/List; 5 5 com/sun/tools/javac/code/Types$UnaryVisitor visit (Lcom/sun/tools/javac/code/Type;)Ljava/lang/Object; 4 120 com/sun/tools/javac/code/Types supertype (Lcom/sun/tools/javac/code/Type;)Lcom/sun/tools/javac/code/Type; 5 5 com/sun/tools/javac/code/Types$UnaryVisitor visit (Lcom/sun/tools/javac/code/Type;)Ljava/lang/Object; 4 123 com/sun/tools/javac/util/List prepend (Ljava/lang/Object;)Lcom/sun/tools/javac/util/List; 5 6 com/sun/tools/javac/util/List <init> (Ljava/lang/Object;Lcom/sun/tools/javac/util/List;)V 6 1 java/util/AbstractCollection <init> ()V 7 1 java/lang/Object <init> ()V 4 126 com/sun/tools/javac/util/List iterator ()Ljava/util/Iterator; 5 16 com/sun/tools/javac/util/List$3 <init> (Lcom/sun/tools/javac/util/List;)V 6 6 java/lang/Object <init> ()V 4 133 com/sun/tools/javac/util/List$3 hasNext ()Z 4 143 com/sun/tools/javac/util/List$3 next ()Ljava/lang/Object; 4 163 com/sun/tools/javac/code/Type hasTag (Lcom/sun/tools/javac/code/TypeTag;)Z 4 179 com/sun/tools/javac/code/Symbol hiddenInInternal (Lcom/sun/tools/javac/code/Symbol$ClassSymbol;Lcom/sun/tools/javac/code/Types;)Lcom/sun/tools/javac/code/Symbol; 5 11 com/sun/tools/javac/code/Symbol$ClassSymbol members ()Lcom/sun/tools/javac/code/Scope$WriteableScope; 5 18 com/sun/tools/javac/code/Scope getSymbolsByName (Lcom/sun/tools/javac/util/Name;)Ljava/lang/Iterable; 6 5 com/sun/tools/javac/code/Scope getSymbolsByName (Lcom/sun/tools/javac/util/Name;Lcom/sun/tools/javac/code/Scope$LookupKind;)Ljava/lang/Iterable; 7 6 com/sun/tools/javac/code/Scope$ScopeImpl getSymbolsByName (Lcom/sun/tools/javac/util/Name;Ljava/util/function/Predicate;Lcom/sun/tools/javac/code/Scope$LookupKind;)Ljava/lang/Iterable; 8 4 java/lang/invoke/Invokers$Holder linkToTargetMethod (Ljava/lang/Object;Ljava/lang/Object;Ljava/lang/Object;Ljava/lang/Object;Ljava/lang/Object;)Ljava/lang/Object; 9 9 java/lang/invoke/LambdaForm$DMH+0x000001e44a0a8000 newInvokeSpecial (Ljava/lang/Object;Ljava/lang/Object;Ljava/lang/Object;Ljava/lang/Object;Ljava/lang/Object;)Ljava/lang/Object; 10 1 java/lang/invoke/DirectMethodHandle allocateInstance (Ljava/lang/Object;)Ljava/lang/Object; 10 7 java/lang/invoke/DirectMethodHandle constructorMethod (Ljava/lang/Object;)Ljava/lang/Object; 10 24 com/sun/tools/javac/code/Scope$ScopeImpl$$Lambda$360+0x000001e44a3135d0 <init> (Lcom/sun/tools/javac/code/Scope$ScopeImpl;Lcom/sun/tools/javac/util/Name;Ljava/util/function/Predicate;Lcom/sun/tools/javac/code/Scope$LookupKind;)V 11 1 java/lang/Object <init> ()V 5 21 com/sun/tools/javac/code/Scope$ScopeImpl$$Lambda$360+0x000001e44a3135d0 iterator ()Ljava/util/Iterator; 6 16 com/sun/tools/javac/code/Scope$ScopeImpl lambda$getSymbolsByName$2 (Lcom/sun/tools/javac/util/Name;Ljava/util/function/Predicate;Lcom/sun/tools/javac/code/Scope$LookupKind;)Ljava/util/Iterator; 7 8 com/sun/tools/javac/code/Scope$ScopeImpl$2 <init> (Lcom/sun/tools/javac/code/Scope$ScopeImpl;Lcom/sun/tools/javac/util/Name;Ljava/util/function/Predicate;Lcom/sun/tools/javac/code/Scope$LookupKind;)V 8 22 java/lang/Object <init> ()V 8 38 com/sun/tools/javac/code/Scope$ScopeImpl lookup (Lcom/sun/tools/javac/util/Name;Ljava/util/function/Predicate;)Lcom/sun/tools/javac/code/Scope$Entry; 9 6 com/sun/tools/javac/code/Scope$ScopeImpl getIndex (Lcom/sun/tools/javac/util/Name;)I 5 28 com/sun/tools/javac/code/Scope$ScopeImpl$2 hasNext ()Z 5 37 com/sun/tools/javac/code/Scope$ScopeImpl$2 next ()Ljava/lang/Object; 6 1 com/sun/tools/javac/code/Scope$ScopeImpl$2 next ()Lcom/sun/tools/javac/code/Symbol; 7 1 com/sun/tools/javac/code/Scope$ScopeImpl$2 hasNext ()Z 7 16 com/sun/tools/javac/code/Scope$ScopeImpl$2 doNext ()Lcom/sun/tools/javac/code/Symbol; 8 14 com/sun/tools/javac/code/Scope$Entry next (Ljava/util/function/Predicate;)Lcom/sun/tools/javac/code/Scope$Entry; 5 71 com/sun/tools/javac/code/Symbol flags ()J 5 112 com/sun/tools/javac/code/Types interfaces (Lcom/sun/tools/javac/code/Type;)Lcom/sun/tools/javac/util/List; 6 5 com/sun/tools/javac/code/Types$UnaryVisitor visit (Lcom/sun/tools/javac/code/Type;)Ljava/lang/Object; 5 120 com/sun/tools/javac/code/Types supertype (Lcom/sun/tools/javac/code/Type;)Lcom/sun/tools/javac/code/Type; 6 5 com/sun/tools/javac/code/Types$UnaryVisitor visit (Lcom/sun/tools/javac/code/Type;)Ljava/lang/Object; 5 123 com/sun/tools/javac/util/List prepend (Ljava/lang/Object;)Lcom/sun/tools/javac/util/List; 6 6 com/sun/tools/javac/util/List <init> (Ljava/lang/Object;Lcom/sun/tools/javac/util/List;)V 7 1 java/util/AbstractCollection <init> ()V 8 1 java/lang/Object <init> ()V 5 126 com/sun/tools/javac/util/List iterator ()Ljava/util/Iterator; 6 16 com/sun/tools/javac/util/List$3 <init> (Lcom/sun/tools/javac/util/List;)V 7 6 java/lang/Object <init> ()V 5 133 com/sun/tools/javac/util/List$3 hasNext ()Z 5 143 com/sun/tools/javac/util/List$3 next ()Ljava/lang/Object; 5 163 com/sun/tools/javac/code/Type hasTag (Lcom/sun/tools/javac/code/TypeTag;)Z 3 19 com/sun/tools/javac/util/Assert check (ZLjava/lang/String;)V 1 514 com/sun/tools/javac/tree/TreeMaker at (I)Lcom/sun/tools/javac/tree/TreeMaker; 1 681 com/sun/tools/javac/tree/TreeMaker at (I)Lcom/sun/tools/javac/tree/TreeMaker; 1 686 com/sun/tools/javac/tree/JCTree pos ()Lcom/sun/tools/javac/util/JCDiagnostic$DiagnosticPosition; 1 694 com/sun/tools/javac/tree/TreeMaker Select (Lcom/sun/tools/javac/tree/JCTree$JCExpression;Lcom/sun/tools/javac/code/Symbol;)Lcom/sun/tools/javac/tree/JCTree$JCExpression; 2 10 com/sun/tools/javac/tree/JCTree$JCFieldAccess <init> (Lcom/sun/tools/javac/tree/JCTree$JCExpression;Lcom/sun/tools/javac/util/Name;Lcom/sun/tools/javac/code/Symbol;)V 3 1 com/sun/tools/javac/tree/JCTree$JCExpression <init> ()V 4 1 com/sun/tools/javac/tree/JCTree$JCCaseLabel <init> ()V 5 1 com/sun/tools/javac/tree/JCTree <init> ()V 6 1 java/lang/Object <init> ()V 2 17 com/sun/tools/javac/tree/JCTree$JCExpression setPos (I)Lcom/sun/tools/javac/tree/JCTree$JCExpression; 3 2 com/sun/tools/javac/tree/JCTree setPos (I)Lcom/sun/tools/javac/tree/JCTree; 2 24 com/sun/tools/javac/tree/JCTree$JCExpression setType (Lcom/sun/tools/javac/code/Type;)Lcom/sun/tools/javac/tree/JCTree$JCExpression; 3 2 com/sun/tools/javac/tree/JCTree setType (Lcom/sun/tools/javac/code/Type;)Lcom/sun/tools/javac/tree/JCTree; 1 701 com/sun/tools/javac/tree/JCTree$JCExpression setType (Lcom/sun/tools/javac/code/Type;)Lcom/sun/tools/javac/tree/JCTree$JCExpression; 2 2 com/sun/tools/javac/tree/JCTree setType (Lcom/sun/tools/javac/code/Type;)Lcom/sun/tools/javac/tree/JCTree; 1 733 com/sun/tools/javac/code/Symbol baseSymbol ()Lcom/sun/tools/javac/code/Symbol; 1 733 com/sun/tools/javac/comp/LambdaToMethod$LambdaAnalyzerPreprocessor$LambdaTranslationContext$2 baseSymbol ()Lcom/sun/tools/javac/code/Symbol; 1 759 com/sun/tools/javac/tree/TreeMaker at (I)Lcom/sun/tools/javac/tree/TreeMaker;
